ID	Variation
Q9Y3T9	A720T
Q9Y3T9	R693W
Q9Y3T9	N194S
P05161	G51C
O00468	P396L
O00468	A493V
O00468	P757L
O00468	T1044M
O00468	A1506T
E7ERA6	R175Q
Q6ZVT0	R46C
Q6ZVT0	V540A
Q6ZVT0	H602R
Q96L58	M1T
Q96L58	M1K
Q96L58	M1I
Q96P50	L539P
Q5TA50	S4L
Q5TA50	R62Q
Q5TA50	H85Y
Q5TA50	A139T
Q96S94	R506H
Q9BYC9	M64L
Q6PCB0	H219R
Q6PCB0	A326P
Q6PCB0	V432A
Q5T2N8	A91V
Q5T2N8	I163T
Q5T9A4	V222I
Q5T9A4	H347N
Q5T9A4	K545E
Q5SV17	A152T
Q5SV17	L140Q
Q5SV17	G121R
Q5SV17	C99F
Q96AX9	R488H
P0CK96	V355I
P0CK96	V56I
P0CK96	G48S
P62873	R304W
P62873	R219Q
P62873	M217T
P62873	E172D
P62873	V158I
P62873	N125S
P62873	G116V
P62873	R96C
P62873	G77C
P62873	A73T
P62873	A73S
P62873	M61I
P62873	L55V
P62873	A26T
P62873	A21S
Q9C0B2	R513C
Q9C0B2	R109Q
O14764	T124A
O14764	A212V
O14764	L260V
O14764	G410V
Q5T089	G467D
Q5T089	R440H
Q5T089	V100I
O60683	C276S
O60683	M1L
Q495T6	Y653H
Q495T6	R521H
Q5T0D9	A38T
Q5T0D9	N138S
Q9P2S5	G450S
O15350	A2S
Q2M243	V183L
Q2M243	M227T
Q2M243	A400S
O60308	S919G
O60308	G855E
O60308	P745L
O60308	G704E
O60308	T438N
O75161	P1049S
O75161	R906H
O75161	A764T
O75161	D709G
O75161	P41L
Q13303	N326S
Q8TDI0	R1427Q
Q8TDI0	R931Q
Q6ZRF8	A379V
Q6NV75	R311W
Q6NV75	Q206R
Q93038	G175S
Q5SY16	V301I
Q5SY16	S211L
Q7RTX1	I96V
Q7RTX1	T510M
P10074	G668S
Q8WTV1	R150W
P56645	I351V
P56645	Y463C
P56645	G970S
P56645	L1030S
O95399	K70E
Q99497	L101P
Q99497	G108S
Q99497	T154A
Q6PXP3	T247M
P22732	L353F
Q5SNT2	A232T
Q5SNT2	V584M
O00329	P2T
O00329	Y524N
O00329	Y524S
O00273	R291Q
O00273	N97S
Q13148	C50S
Q13148	S375G
Q13148	N378S
O00187	R178H
P19623	Q260R
Q9NRD1	R237S
Q8NBI3	G257S
Q6RW13	R157Q
P51797	E316K
P51797	V470F
P51797	F499L
P51797	R501C
P51797	Q707K
Q02809	E67G
Q02809	Q315R
Q02809	I454V
Q5JXC2	P109L
Q5JXC2	R295Q
P28908	A541V
Q5VUY2	R93H
Q5VUY2	A198V
O60813	G423D
O60813	A371T
O60813	T227A
O60813	C168Y
O60813	F127L
O60810	A352V
O60810	I258F
Q5VXH5	L410M
B2RXH8	D246G
B2RXH8	S77G
Q5VWM3	M271R
P0DUQ1	Y168C
Q5VTA0	T141M
Q5VTA0	R169G
Q5VTA0	C439R
Q5VT98	R46G
Q13029	A10V
Q13029	V386I
Q13029	P1285S
B1AJZ9	R698K
B1AJZ9	R709Q
B1AJZ9	M712V
B1AJZ9	K1411R
P08217	K53Q
P08218	A35V
P08218	Q53K
P08218	R228Q
P55211	M400I
Q9BSE5	L327P
Q8IWE5	V130I
Q8IWE5	G419R
Q8IWE5	S441C
Q6PIV7	F53L
Q13105	G273S
Q96AQ9	R34C
P29317	R860H
P29317	A731T
P29317	G489V
Q8IW93	M244T
Q8IW93	A39T
Q9NQ11	A1037P
Q9NQ11	S908L
Q9Y2J8	L488R
Q9ULC6	G422S
Q9UM07	V74L
Q9H568	R274Q
Q96ID5	R248H
Q96ID5	R291H
Q5VTJ3	P353L
Q8TE23	V774I
Q8TE23	V465I
P30038	A560S
Q5T4S7	T2220M
Q5T4S7	K2130R
Q8N766	M1R
Q8N766	M1V
O95154	F197Y
O95154	R3Q
O43488	H15R
P50406	A384S
Q5TGY1	M141V
Q9NXI6	R203Q
Q9NXI6	A157V
Q9NXI6	L7P
Q5T2D3	V269M
Q5R387	A103V
Q96LJ8	R146Q
Q96LJ8	V170M
Q5TIE3	V915M
Q9P2E2	A649S
Q9P2E2	T503M
Q9P2E2	S482T
Q9P2E2	G467E
Q9P2E2	V285I
Q6ZV89	R335H
Q5SSJ5	A469T
O43432	I359V
P42892	G656R
P42892	V654M
Q9H094	G281R
Q9H094	V528I
Q9H094	V603I
P47736	A559V
P08861	S116L
P09093	W248R
P60953	T24P
P60953	D170G
P60953	R186C
P60953	C188Y
P56705	D267E
P56705	Q148R
Q9NUA8	T431M
Q9NUA8	A797V
Q9NUA8	A1174V
P02745	G157C
P02746	I122V
P02746	N203Y
O60341	P52S
O60341	Q554R
O60341	D555V
O60341	D555G
Q86V48	V944M
P04066	R178C
Q9NPJ4	S73N
Q5VTT5	R133Q
Q8N6P7	V340M
Q8N6P7	R153Q
Q8IU57	T316A
Q8IU57	R101Q
Q8TE85	R74Q
Q8TE85	S159L
Q8TE85	S477L
Q5TH74	S234N
Q6P499	I184V
Q5T1S8	G83S
P18577	I367T
P18577	T351A
Q5SW96	M1V
Q9NZV5	M1K
Q9NZV5	G273R
Q9NZV5	D303N
Q9NZV5	R466W
Q9NZV5	M525K
Q9H019	V231I
Q92935	R113K
Q92935	D633N
Q969H4	P354L
Q969H4	R427C
Q969H4	R662Q
Q6P2H3	T155A
Q6P2H3	A176V
P31358	C59Y
Q86SQ9	R37C
Q86SQ9	T206A
Q8NAX2	F219L
Q8NAX2	P67L
Q8NAX2	R21Q
P19634	E54Q
Q9H0R3	V179I
Q8IYJ3	V128G
O75636	E166D
Q9Y6W5	V28M
Q5TEJ8	L129P
Q5TEJ8	T604M
Q92485	A27T
Q92485	D34N
Q92485	E326K
Q9H6D3	C346R
P58004	S26P
Q8IZ21	M330V
Q8IZ21	M493I
P11171	E177K
P11171	L575P
Q08170	N282S
Q9BV79	T372A
Q9BV79	N118S
Q9BV79	M1T
P21941	T494R
O75056	A229V
Q14671	R74H
Q9GZM7	E302K
Q07092	D736N
Q6ZMY3	R1181H
Q6ZMY3	P455L
Q6ZMY3	R391W
Q6ZMY3	G81E
Q6ZMY3	G50R
Q9GZU3	M223V
P40222	A544T
Q4KMZ1	T140M
Q4KMZ1	Q151P
Q4KMZ1	V208M
Q4KMZ1	N350D
P06239	A58V
P06239	R461C
Q8NAP8	E181V
Q96BR9	R163H
Q9H7C4	A146V
Q9P206	S847L
Q96BU1	G78S
Q96BU1	R96Q
Q96BU1	S101L
P54819	R204Q
P54819	K181N
P54819	D112H
P54819	M115L
Q96A70	M394T
Q96A70	F398L
Q7Z408	V1827M
Q6P1W5	P409L
O95377	R263H
Q9NTQ9	V13M
Q9NTQ9	R151S
Q9NTQ9	T181M
O75712	G45A
P35212	V269M
O95789	S77N
Q5SVZ6	V945I
Q5SVZ6	V1048I
Q9UBB6	P216S
Q9UBB6	T713M
P25067	I171V
Q3KQU3	T21I
Q3KQU3	A550V
P82914	D64N
Q13003	I209V
Q5D1E8	R200W
Q2MKA7	K162Q
Q53HL2	E40Q
Q5JZY3	L914P
Q5VSG8	D79A
P32019	D849H
P32019	T56M
P32019	V18I
Q13643	N11S
Q9UPN3	G1665D
Q9UPN3	A2142T
Q9UPN3	D2767V
Q7Z5Y6	N360D
Q9NQ87	A310G
Q9H3H1	R323W
Q9H3H1	R205L
Q8NA29	P55S
Q8NA29	R478S
Q01518	R29C
Q13129	P1608T
Q14055	R628Q
Q14055	P494S
Q14055	P380T
Q9UJL9	M212I
Q49AA0	P68L
Q9H790	L151P
Q9H790	P167S
Q5T5D7	E6G
Q5T5D7	P89S
P56696	A75T
P56696	F106V
P56696	H234L
P56696	W276R
P56696	G296C
P56696	R420W
P56696	S425A
P17812	S300C
Q96GD3	A328T
Q5T1R4	A1667V
Q16661	Q30K
Q5VVM6	A94E
Q8N6F1	G75S
Q8N6F1	P28L
Q32P28	S92P
Q96PL5	V19I
Q8IVY1	R77C
Q9BW60	R263C
Q9BW60	V5M
Q5T011	R1065Q
Q5T011	A1280T
Q5T011	V1840L
Q5T011	Y2279S
Q5T011	V2294G
P10586	T886A
P10586	N1205S
Q11203	S45F
Q9BQC3	V90M
Q8N4L8	P248L
P48067	Y206F
P48067	P152S
P48067	G3S
Q5JT82	A104V
Q5JT82	L239F
Q5JT82	G256R
Q9H4B4	V380I
Q9Y6C5	R807H
Q9Y6C5	R719W
Q9Y6C5	S573F
Q9Y6C5	T456N
Q9Y6C5	T450A
Q9NR50	R225P
Q9NR50	R225W
Q5T447	A201T
P06132	W34R
P06132	R122Q
P06132	V166A
P06132	R249Q
Q9P217	N362S
Q96IR7	M1I
Q96IR7	F31L
Q96IR7	G272R
Q9UIF7	H197Q
Q9UIF7	M133T
Q9UIF7	L11R
Q9UIF7	L108V
Q9UIF7	G95E
Q9UIF7	H82D
Q9UIF7	K28R
Q96S53	R455C
P49321	P222L
P49321	A328V
P49321	P383L
P49321	I392V
P49321	P750S
Q96LX7	T574S
Q96LX7	R304Q
Q5SWH9	V109I
Q6P0Q8	A936V
Q6P0Q8	A1681V
O60635	T88M
Q8WZA1	S106R
Q8WZA1	M1I
Q8WZA1	M1V
Q15345	S304T
Q8NFW5	P197L
Q6PEX7	R74H
Q8N118	L102F
Q8N118	L485P
Q86W10	M22L
Q86W10	W38R
Q15468	P699L
Q2M3M2	G103R
Q2M3M2	V199I
Q2M3M2	V494M
Q96SC8	S477N
Q5SRH9	S603N
P42566	V302I
O95405	N365S
Q5T0F9	V371I
Q13415	L617P
Q13415	E73K
Q6WRX3	L602V
Q86YB7	R75Q
O00341	R41H
O00341	P3L
Q96MA1	V90A
Q96MA1	R96C
Q8NBF1	T95M
P49895	M130L
Q9Y546	V276I
Q5T700	S133P
Q5T700	R169H
Q9BZE1	L293F
Q5TAA0	R326Q
Q8N0U2	Y56H
Q8N0U2	V136M
Q8N0U2	T152M
P07357	P34S
P07357	A36E
P07357	D55E
P07357	R59Q
P07357	P575S
P07358	W452S
P07358	Q319H
P07358	S118C
P07358	S50R
P07358	N44K
O75553	I120T
Q96C11	L413P
Q9UJC3	G688S
Q12857	P65L
Q12857	S216T
Q12857	E282Q
Q8NI35	T982S
Q5T7N2	K560E
Q96N67	S1425F
Q96N67	I1423M
Q96N67	T1422P
Q9Y672	R113C
P36871	R343W
P36871	R515Q
Q01973	S436L
Q01973	E452D
Q01973	R815L
Q9HCJ3	S622N
P23458	I878V
P23458	S383G
P23458	V310I
P23458	N226S
P23458	Y138H
O75061	R225H
O75061	A643T
O75061	S663L
O75061	S658N
P48357	A605S
P48357	I854V
P48357	N960K
Q9NTN3	Q336P
Q9NTN3	D25H
Q5VWK5	R86Q
Q5VWK5	G149R
Q5VWK5	A199V
Q5VWK5	V362I
Q5TB30	P446L
Q5TB30	R231H
Q05519	V91L
Q8N6S4	V473I
A6PVS8	Y578H
Q5RHP9	R1507Q
Q5RHP9	I974V
Q8NCS7	V620I
Q0ZGT2	D85E
Q53G44	D361N
Q53G44	A447V
Q8TCB0	I160M
P22694	H88L
Q9Y2D8	N560S
Q5VT97	Q809R
Q5VT97	N403S
Q17RW2	Q305R
Q9ULJ1	I98V
Q9UQC9	A352V
Q9UQC9	D355N
A8K7I4	V37I
A8K7I4	T597M
A8K7I4	N682K
A8K7I4	R686Q
Q7LGA3	A66V
Q7LGA3	V143I
Q6YP21	Y112C
Q9H0R5	D387E
Q9H0R5	R242C
Q9H0R5	R225Q
P32455	K544E
P32455	V437I
P32455	M11V
P32456	K381E
Q8N8V2	M387I
Q96PP8	R396Q
Q6ZN66	V11I
Q6ZN66	M384V
Q6P9F7	N430S
Q9NY43	L115P
Q9H582	A794T
A2PYH4	C1157Y
A2PYH4	Y206C
A2PYH4	N172S
O00311	I230V
Q99684	A191V
Q99684	G180R
O60447	G761R
P46777	M1V
P46777	M1L
P46777	M1R
P46777	M1I
Q5T9S5	V440M
Q52LW3	V197M
P13726	I272V
Q8N4M1	V300I
Q8N4M1	I528V
Q96F25	V154I
Q12882	V482I
Q12882	V427A
Q6ZNA5	V575F
Q6ZNA5	K174E
P35573	I7S
P35573	H386Y
P35573	L620P
P35573	A731V
Q6UVJ0	P496T
Q6UVJ0	E20G
Q96DD0	R314Q
O00442	S11G
O00442	N307S
P19320	L9F
P19320	A129V
Q8NEW0	I154V
Q8NEW0	G169D
P19961	H491Y
Q6NUK1	I306M
Q6NUK1	G205S
Q96M43	R589Q
Q5VWK0	Q22E
Q5VWK0	R25C
Q5VWK0	T45S
Q5VWK0	R591H
Q5VWK0	E631G
Q5T8I9	R384H
Q5T8I9	R354H
Q5T8I9	L241V
Q5VTL7	R479Q
O00186	D179N
Q5T1N1	S353F
Q5T1N1	K274N
Q5T1N1	T189M
O94967	S562N
P08754	G40V
Q01433	M1T
Q8TE67	E137Q
P09603	Q526R
O95076	P52L
Q8N7F7	T25M
Q03721	S174G
Q5T3J3	I477V
Q9H6A0	R66H
Q12889	L460F
Q12889	G437R
Q12889	D407G
Q9UHI6	A13T
Q9UK17	T640M
Q9UK17	A622V
Q9UK17	G380W
Q9UK17	S304F
Q9UK17	R302P
Q9P2B4	I82V
Q9P2B4	V214A
Q9P2B4	N622S
Q93097	E9K
Q8TDW4	T489M
P53985	D208N
O94898	G39R
O94898	R166H
Q9H816	D83G
Q9H816	L483P
Q9UPN9	S826T
Q9UPN9	G404S
Q9UPN9	A138T
Q9UPN9	S79L
P01111	Q150R
P01111	G60V
P01111	T58I
P01111	I36M
O75534	H315P
Q8TAA9	G434S
O14958	V45I
Q8IZD6	F72L
P05023	R53C
P05023	N395S
P19256	T227I
P19256	H214Q
P19256	I206V
O75054	M543T
O75054	V484I
O75054	R429H
O75054	P6L
P06729	L223F
Q9P2B2	V393M
Q93033	R90Q
Q9UNY4	F216L
Q9UNY4	R316Q
Q9UNY4	F386L
Q9H8W5	V476I
Q9H8W5	C224Y
Q9NXN4	V52I
Q9UNX4	I492V
Q96SF7	S492F
Q9UGM6	V287M
Q9UGM6	M227T
Q9UGM6	V176F
Q9UGM6	P85S
Q9UGM6	D67H
Q9UGM6	G50C
Q9NYQ3	R343Q
P26439	V75I
P14060	R279C
O43175	M1L
O43175	M1V
O43175	M1T
P54868	D240A
P54868	V141D
P54868	D136G
P54868	E74K
Q9UKF2	S684L
Q9UKF2	E563K
Q86WJ1	H187Q
Q86WJ1	G496R
Q86WJ1	I765M
Q9NPH0	D323N
Q9NPH0	V256M
Q9NPH0	R238G
Q9NPH0	M8V
Q7L0J3	D53E
Q15427	P298L
Q15427	M1T
Q9NRW7	Y419H
Q9ULX7	M273T
Q8N365	A241V
P82921	S21G
O43395	M469I
O43395	V633L
Q9BW92	Q241R
Q9BW92	Q473R
Q16610	I215T
Q16610	C269Y
Q9H4A5	I13V
Q86X24	R230K
O76027	M8T
Q8N5J2	P78L
Q7Z465	A111T
Q8TAK5	R114H
Q8TAK5	N398S
P48382	A206P
P28070	F4L
P28070	M218V
Q9P2M7	R373Q
Q9P2M7	T1032S
Q9NNX1	V222A
Q9NNX1	A321T
Q96L92	G271D
Q96L92	R330H
A6NNX1	A91V
Q5T1C6	S47A
Q5QJ38	G871D
Q6XPR3	K735E
Q6XPR3	D386G
Q6XPR3	R230Q
Q6XPR3	C111R
Q9UBG3	G272S
Q9UBG3	P181Q
Q9UBG3	G98S
Q5TCM9	S100G
Q5TA82	A99G
Q5T749	R168C
Q5T752	T21P
P07476	P196L
P07476	Q506E
P22532	S38P
P35325	Y54C
Q96RM1	S39P
Q5T870	S110L
Q96LB8	R353Q
P06702	N11S
Q96FQ6	H95R
Q99584	V35I
Q9Y3Y2	T33M
Q8WXI9	C441R
Q8WXI9	S303N
Q8WXI9	R179Q
Q8WXI9	R10C
Q9NY26	S298T
Q8TEY5	T282M
Q8TEY5	G384R
Q5VU65	G702E
P06753	R179C
P06753	R91H
P06753	R91G
P06753	D15V
O00165	D33E
Q96PS8	P7L
P08887	P65L
P08887	R101H
P08887	L379F
P08887	T421I
P08887	R451T
Q5VZ18	S163G
P17787	R358H
P17787	F478L
P55265	D703H
Q96AQ6	Q417R
Q96AQ6	R403Q
P29353	R69K
Q8NFF5	R148Q
Q8NFF5	N168I
Q8NFF5	R262Q
Q8NFF5	C499R
Q5T1A1	R388H
Q5T1A1	L336F
Q5T197	R365H
Q9BRV3	F202L
P15941	P82L
P15941	A27T
Q9P1Z3	R688C
Q9H869	D693N
Q9H869	M683V
P51398	R20C
P51398	N69S
P51398	S172N
Q92963	M39R
Q92963	K23E
Q8TDU9	G336R
Q6TCH4	P154L
Q9UPR3	V983A
Q9UPR3	S601L
Q9UPR3	V305M
Q8WWB7	G292R
Q86VI3	R1446Q
Q86VI3	R457Q
A2A3L6	R191Q
Q8NCW5	L204P
P48681	G1479D
P48681	R1361H
P48681	L1229P
P48681	F711L
Q9H9L3	G248S
Q9NP31	A361P
Q5VY43	P3L
Q5VY43	H92R
Q5VY43	V501A
Q5VY43	F629S
Q5VY43	P590L
Q8N4P6	T365M
Q6ZN32	V229F
Q6ZN32	V157M
Q6ZN32	R151Q
Q6ZN32	A136V
Q96RD9	A480P
Q96RD9	R124Q
Q96P31	M644V
Q96P31	R600Q
Q96P31	R279H
Q96P31	L146S
Q96P31	Q53R
Q96LA5	V339I
Q96LA6	D112N
Q96J84	V39M
P06126	V65I
P06126	V141L
P06126	V300M
P29016	R240Q
P15812	V259I
Q8NGX3	L114F
Q8NGX9	F284S
Q8NGY0	I215V
Q8NGY1	P194L
Q8NGY2	D220V
Q8NGY2	C109S
Q6K0P9	S194N
Q6K0P9	V475A
Q16666	G158S
Q16666	S269G
Q16666	T442I
Q16666	R612Q
Q16666	D782E
O14862	R297G
Q16570	R124H
P12319	D139N
Q8NHC4	T71M
P02741	V212A
Q6DN72	V390A
Q9P0V8	G91R
P0DPA2	G306S
Q9P2J2	R287W
Q96A28	R172W
Q96A28	Q85R
Q9H3S5	N384D
Q9H3S5	P348S
P78508	P252R
P78508	G163C
P78508	R134S
Q13733	R503Q
Q13733	L969F
P31415	G45D
P31415	M87T
P31415	N350S
P40855	S54L
Q92542	S67I
Q92542	R281Q
Q92542	N417Y
Q92542	R702W
Q9HBG7	R275Q
Q9BZW8	I270V
Q9BZW8	Q223H
Q9BZW8	Y184H
Q9BZW8	P75T
Q8WWA0	R91H
Q8WWU7	R71C
Q8WWU7	R59C
Q96NY8	L146M
Q96NY8	P104T
P50336	A24V
P50336	R247S
P50336	I283T
P50336	E474G
Q14994	I43T
P12318	I224T
P12318	A225G
P12318	T226I
P12318	R245Q
O75015	M18T
P31994	A45G
P31994	N180S
Q6BAA4	S315F
P18850	F20S
P18850	M129V
P18850	A654T
Q68BL8	A96T
O75052	E437K
Q16832	I29V
Q86UF4	S283L
Q8TE12	R199G
P48443	T228S
O14880	I85V
Q9UM00	G22R
Q71H61	E19K
Q96JY0	N402S
Q6JBY9	S192P
Q58WW2	T636I
O95562	M104L
O60806	R69Q
O60806	V228I
P05026	D128N
O60779	R67K
O60779	L64P
O60779	L57P
O60779	V18L
P16109	Q641R
P16109	R415H
P16109	R367H
P16581	M219T
Q9NSG2	G40E
Q8IZE3	S471N
Q5TGP6	L198F
P31513	R223W
Q9Y520	I960T
Q9Y520	L1472V
Q9Y520	T1781A
Q9Y520	N2294S
Q9Y520	T2495A
P48023	F87L
P23510	R55Q
Q5TAH2	A984V
Q5TAH2	V962A
Q5TAH2	I726L
Q5TAH2	L44F
Q8N0S6	I340V
Q8N0S6	E18K
O60783	M93T
Q9UQP3	M224T
Q92752	T1306P
Q92752	V1072I
Q92752	R1007Q
Q92752	I960T
Q92752	P647A
Q9BXP8	E1376K
Q9BXP8	I1695V
Q9UJF2	V707I
Q9H497	A26T
Q9H497	I314T
Q5T1B0	E976G
Q5T1B0	N1003D
Q5T1B0	P1008L
Q9NP85	L169P
Q9NP85	C124Y
Q9NP85	C124R
Q9NP85	A59E
Q9NP85	M1L
Q8NAT2	N834K
Q96GL9	G39R
Q5VT06	M219V
Q5VT06	I526V
Q5VT06	V1468M
Q5VT06	R2587Q
Q969G2	C57W
Q9UBH6	T102A
Q5VZ46	P201L
Q5VZ46	S758P
Q5VZ46	S986L
Q5VZ46	R1060H
Q95460	I266V
A5PLK6	V678I
O15492	S49G
Q9BZQ2	V604I
P11047	N1205S
P11047	D1358N
Q13753	V480M
Q13753	M624I
Q13753	T647A
Q13753	D1037Y
Q7Z2T5	K336E
Q5T5J6	I238V
Q5T5J6	R267K
Q5T5J6	S366N
Q5T5J6	T558A
Q5T5J6	R656C
Q92954	T557P
Q92954	T470A
Q92954	K817E
Q92954	A906V
Q92954	R1010C
P12270	Q966R
P47712	T108S
P47712	F479L
P47712	A511T
Q76B58	N636S
Q6P1J9	P350A
Q6UVM3	S640L
Q6UVM3	I624V
Q6UVM3	T556I
Q6UVM3	K366E
Q6UVM3	C305S
Q02985	K281Q
P36980	T71M
P36980	C72Y
P36980	A73T
P36980	Y264C
Q9BXR6	P41R
Q9BXR6	N178S
Q9BXR6	S215P
Q9BXR6	E276K
Q9BXR6	L422V
P05160	I297T
Q96LB4	M106V
P08575	N199S
P08575	I398T
P08575	S1299R
Q5T1V6	R418H
Q5T1V6	N416S
Q5T1V6	V347I
Q5T1V6	L137V
Q3KP66	S484C
O75037	N1542S
Q86VF2	R61H
Q86VF2	H349Q
Q86VF2	A1076T
Q86VF2	N1193D
Q13835	A504T
Q13835	G541S
P78545	G173S
O60883	A109T
Q9HBX8	R835Q
Q8N9I0	S306L
Q9UGL1	R1416H
Q9UGL1	G188E
Q96A54	Y310C
P30542	A125V
Q13203	R243C
P36222	A5V
Q9UBM4	R164L
Q8IWV1	R26G
Q8IWV1	M365T
Q9UN79	M409V
P00797	R396H
P00797	H337Y
P00797	S108A
Q6ZVE7	R123Q
Q5SWA1	I415V
O00750	A628S
O00750	R206Q
O00750	A163V
O94856	S324L
O94856	V609M
O94856	V795M
Q02246	M80V
Q02246	R580C
Q02246	I624M
Q02246	R850C
Q6XUX3	S916F
Q6XUX3	R739Q
Q6XUX3	K328T
Q6XUX3	G71S
Q6XUX3	L64F
O75069	T39A
Q9H093	P317L
Q8N468	V140I
P28324	T247A
Q8IVJ1	V47I
Q6GTS8	V416I
Q6GTS8	V399I
Q7LBE3	S324L
Q9UHD0	V77M
P01833	V205I
P01833	R107H
P01833	V74I
P01833	T18M
O60825	R461H
P04003	A10T
P08174	I223N
P08174	V333I
P08174	T344I
P17927	T352R
P17927	T583P
Q2VPA4	R300H
Q2VPA4	V418D
Q2VPA4	P544S
P15529	D33H
P15529	M44L
P15529	I79V
P15529	C157R
P28906	G37S
Q13751	A926G
Q13751	R840Q
Q13751	A726S
Q13751	C355R
Q13751	C293S
Q13751	M1L
Q8NB59	V396M
Q5VTY9	H263Q
P51955	D273G
P51955	N189S
P51955	V137I
Q9NR55	M76V
Q17R31	R269Q
Q9Y5Y0	T353M
Q9Y5Y0	R516Q
Q15678	E189G
Q9Y597	S257N
P61812	C4Y
P61812	S73G
Q5VWZ2	S164N
Q6XR72	I60L
Q9NSE4	H51Q
Q9NSE4	L329P
Q9NSE4	H674D
Q9H2M9	V376I
Q9H2M9	S73Y
Q9H7X2	D57V
Q9H7X2	G65S
Q6UWX4	R16W
Q15573	R172Q
O60602	E191K
O60602	S79T
Q5VX71	M395L
Q5VX71	V255I
Q5VX71	S187T
A6NHC0	R390H
A6NHC0	V89I
P17655	N451K
O15121	D9E
O15121	V140I
O15121	T190I
Q14739	V597L
Q14739	V322M
Q14739	V317I
O94886	F533L
O94886	M502T
O94886	T437A
O94886	S98P
O94886	V15M
O75610	A129T
O00292	A20V
Q9H2W2	T51P
P09874	E296K
P49810	H169N
P49810	R435W
Q8NI60	I9V
Q8NI60	T19I
Q8NI60	A87T
Q8NI60	R187C
Q8NI60	C268R
Q8NI60	R301Q
Q8NI60	L459P
Q5VT25	N1494S
Q5SQN1	R129Q
Q5SQN1	E165K
Q5SQN1	V195I
P56704	D93N
Q5T442	Y68C
Q5T442	V85A
Q5T442	H252R
Q5T442	V254M
Q5T442	A364T
Q5T440	T3A
Q5T440	V228I
Q9Y577	S401P
Q10471	R208Q
Q10471	D314A
P01019	A74V
P01019	P62L
Q9H2C2	M1T
O15228	K315R
O15228	C650Y
Q8IYI6	E291D
Q9P2F8	T1435A
Q9P2F8	V113I
Q9P2F8	G61S
Q9BSD7	V111I
A6NKB5	V1007I
Q8IY50	R60G
Q8IY50	I284V
Q13395	K1403E
Q13395	V1300M
Q13395	Q789R
Q13395	R475Q
Q7Z5L9	P238T
Q4LE39	I1164V
Q4LE39	G840S
Q4LE39	I491M
Q15813	M305I
Q15813	R380T
Q8NCR0	R454T
Q8NCR0	I297T
Q99698	V2620M
P14543	R838H
P14543	N213S
P14543	I130V
P14543	T84M
Q8WWZ3	D120A
Q8WWZ3	D130G
O00214	G131S
O00214	V203I
Q9H583	K376R
Q9H583	I179V
Q99707	V132I
Q99707	V229I
Q99707	Q653H
Q12836	I296V
Q12836	A222V
Q12836	R191Q
Q12836	R149Q
Q12836	R149W
P20309	L396M
P20309	D406N
Q9NZ56	E639K
Q9NZ56	Q824R
Q9NZ56	L934P
Q9NZ56	P958L
Q9NZ56	P1265L
O15229	R464W
Q9UQ84	S454N
Q8N7P1	D527N
Q2KJY2	S342G
Q2KJY2	V1025I
Q2KJY2	G1417V
Q96IT1	L35P
Q8NGZ4	P54L
Q8NGZ3	M82T
Q15619	A47V
Q8NGX0	R131H
Q8NG06	N163S
Q8NG06	K274R
A6NH00	A122V
A6NH00	L148F
A3KFT3	L273M
Q96R28	E180D
Q8NG83	R3W
Q8NG83	S190N
Q8NG83	I207L
Q8NG83	L246M
Q8NG77	G251A
Q8NG77	V97A
Q8NHC8	M246T
Q6IEZ7	F154S
Q8NH02	E236A
Q8NGX1	T214A
Q8NGZ9	V231A
Q8NGX2	V14I
Q8NH04	V124I
Q8NH04	R69M
Q499Z4	A166T
Q96B42	A72V
Q9NY99	Q67H
Q9NY99	N242S
Q9NY99	T427S
P07202	S131P
P07202	G387R
P07202	C768R
P07202	G803R
Q92626	N914S
Q92626	S871N
Q9BV57	T143A
O60930	S22C
P62081	L27I
Q9BWP8	A164V
Q5EBM0	M412V
Q8WXG1	I178V
Q8WXG1	I351V
P50876	V125M
P50876	R139H
Q6ZWT7	V115I
O43150	T843A
P78536	L60I
O14901	V138I
O14901	G151R
O14901	S310F
O14901	R461Q
Q717R9	S9G
P11926	R369C
P11926	G253R
O75116	A17V
Q4ZG55	V417I
Q4ZG55	A1167T
O95665	M305V
O95665	R294H
P04198	A184S
P04198	V205A
P04198	R383H
Q09MP3	T475M
Q09MP3	V463I
Q09MP3	V385I
Q9P2L0	N941S
Q9P2L0	S168R
O15232	A228V
O15232	A173V
O15232	A123V
O15232	G45E
Q8TB72	N193S
Q53T59	P181L
Q53T59	R12Q
Q9ULI0	N1266S
P68543	A55T
Q9BU64	R57H
Q9BU64	E61K
O60266	M842I
O60266	V207I
Q9NZQ0	R13K
O14782	R785H
P40939	D360E
P40939	R291Q
P40939	S73P
P40939	A6V
P55084	P333T
P55084	N389D
P55084	W420G
P55084	G434V
Q8IZF5	R1037H
Q8IZF5	A602T
Q8IZF5	A435T
Q96MC2	E64G
Q96MC2	V690A
Q9HC10	G1905D
Q9HC10	R1735W
Q9HC10	E1661K
Q9HC10	G1654S
Q9HC10	P1628T
Q9HC10	R1583H
Q9HC10	D1514G
Q9HC10	R1228C
Q9HC10	D976N
Q9HC10	M1T
Q9HC10	N743D
Q9HC10	Q463R
Q9HC10	P309L
Q9HC10	T259M
Q9HC10	V199L
Q9HC10	D57N
Q9HC10	A21V
O14649	N133S
O14649	V154M
O14649	D211G
Q9BPU6	A112T
Q9BPU6	A180T
Q9BPU6	V190I
Q6NUQ4	T97A
Q8NDL9	N55Y
Q8NDL9	P628L
Q8NDL9	R813Q
Q8NDL9	R840H
Q9Y6C2	V943I
Q99674	V311I
Q96SE0	R318Q
Q9HCU5	V303I
Q9HCU5	R215W
Q53SZ7	P378L
Q53SZ7	T328P
Q53SZ7	R57H
Q53SZ7	S52F
Q6UW56	R56H
P27708	S1538L
P27708	V1596M
Q99726	R73Q
Q8N7S2	R59Q
Q8N7S2	C177G
P55089	G74R
P39210	L73M
P39210	P64L
Q8WUA4	V257G
Q9UI10	G211C
Q9UI10	P145S
Q9UG01	F1531L
Q9UG01	D1014V
Q9UG01	R789Q
Q9UG01	A655V
Q9UG01	M560V
Q6P1J6	N809S
P62140	D165H
P62140	D252G
Q5MJ70	C39F
A6NGG8	P1013A
A6NGG8	V463I
A6NGG8	G407S
A6NGG8	H184R
A6NGG8	E136G
Q6MZZ7	A240V
A8MX76	A14G
P47989	R1307H
P47989	Y1255F
P47989	A932T
Q6NXT4	V329I
Q6NXT4	T367A
Q9NR09	T2674S
Q9NR09	I3657V
Q9NR09	A4406S
Q14766	K1169N
Q8IV61	R60Q
Q9NZV1	V427I
Q6UXI7	I292V
Q6IMI4	V235A
Q6IMI4	E219D
Q03701	V678I
O94806	I468V
O94806	N346S
Q16678	A237E
Q16678	L191R
Q16678	R117L
Q16678	P12L
Q16678	M1V
Q96C23	I189T
Q96C23	G328D
Q6P158	I718V
A8MVX0	I738L
Q07889	D1200A
Q07889	H1109Y
Q07889	P1091T
Q07889	E954A
Q07889	I663L
Q07889	R452P
Q07889	I437N
Q07889	I429V
Q07889	Y337H
Q07889	D309N
Q07889	T266R
Q07889	T266P
Q07889	V149I
Q07889	Y129H
Q07889	W85C
Q07889	Q63L
Q07889	P7L
Q8IVH8	V489I
Q504Y2	S109P
Q504Y2	A237T
Q504Y2	R300H
Q504Y2	S309G
P46952	R108Q
P46952	G101W
P46952	V100M
Q6YHU6	S935P
Q6YHU6	T790A
Q6YHU6	R279H
Q6YHU6	D210G
Q6YHU6	A13V
Q8IVE3	V101I
Q8IVE3	S805F
Q8IVE3	R1468Q
Q9H221	F445L
Q9H221	Y472H
Q9H221	G490S
Q9H221	V660L
O75688	S376N
O75688	S466C
Q07837	E182K
Q07837	P213R
Q07837	R365L
Q07837	W440C
Q9NPC8	V255A
Q9NPC8	H42Q
Q8N5C6	Y848C
Q8N5C6	V396I
O75159	T51A
O75159	S195N
Q9ULT0	M120I
Q9ULT0	Y749C
P0DP24	E105D
P0DP24	G133S
P0DP24	D96Y
P0DP24	D130N
P0DP24	E105Q
P16422	V28I
P16422	V51I
P16422	A152T
P16422	S159G
P16422	G222D
P52701	M1V
P52701	M1T
P52701	Y8H
P52701	S18T
P52701	A20P
P52701	S24P
P52701	P38T
P52701	V215A
P52701	K218E
P52701	E226D
P52701	S359T
P52701	P362L
P52701	P389S
P52701	T719A
P52701	T767P
P52701	P781S
P52701	L798P
P52701	E810D
P52701	K853N
P52701	D1058Y
P52701	G1139S
P52701	Q1146H
P52701	Q1155R
P52701	L1081F
P52701	L1036R
Q86XK2	M709V
Q86XK2	N707K
Q86XK2	Y692F
Q86XK2	Y692N
Q86XK2	G603D
Q86XK2	N679S
Q86XK2	N656S
Q86XK2	H650P
Q86XK2	V641I
Q86XK2	N610K
Q86XK2	G511D
Q86XK2	G511S
Q86XK2	H594R
Q86XK2	T578R
Q86XK2	G557R
Q86XK2	G465R
Q86XK2	I543V
Q86XK2	H508R
Q86XK2	Y506C
Q86XK2	T502P
Q86XK2	N473T
Q86XK2	R447T
Q86XK2	N431S
Q86XK2	G421R
Q86XK2	H418R
Q86XK2	P229S
Q86XK2	P229A
Q86XK2	I309M
Q86XK2	I306V
Q86XK2	I294M
Q86XK2	Y226C
Q86XK2	Q220R
Q86XK2	R208C
Q86XK2	E202D
Q86XK2	L195V
Q86XK2	R185H
Q86XK2	S143L
Q86XK2	R138G
Q86XK2	K135R
Q86XK2	R133C
Q86XK2	S90P
Q86XK2	N73D
Q86XK2	Q56P
Q86XK2	Q50P
Q86XK2	P48L
Q86XK2	P47S
Q86XK2	P45R
Q86XK2	P45S
Q86XK2	P32L
Q86XK2	P28L
Q86XK2	R18C
Q6ZMI0	K88E
P23945	V536M
Q01082	T59S
Q01082	H196Y
Q01082	L250V
Q01082	V258M
Q01082	R348P
Q01082	A409V
Q01082	R477C
Q01082	R610Q
Q01082	S712L
Q01082	G1203V
Q01082	N1226S
Q01082	L1570V
Q01082	T2107A
Q01082	A2186T
Q01082	A2244D
Q9NQC3	T945I
Q9NQC3	L687V
Q9NQC3	M79L
Q8NHS4	T559M
Q8NHS4	Q488P
P46199	V256I
Q3V6T2	S1661P
Q3V6T2	K1189R
Q3V6T2	R882H
Q3V6T2	E671D
Q12805	G116S
Q12805	F6L
Q9NW38	M1L
Q9NW38	M1V
Q04864	I354T
Q04864	T433I
Q04864	R434G
Q04864	N551S
Q3MIT2	Q467H
Q3B820	E612V
Q3B820	N370S
Q8NDI1	A149T
Q8NDI1	D195E
Q8NDI1	N841S
Q8NDI1	N843S
O95876	S666P
O95876	G598D
O95876	E84D
Q9P1Q0	G523S
Q6ULP2	R262Q
Q6ULP2	T620M
Q76N32	P75L
Q9NY74	P45L
Q9NY74	L768S
Q9NY74	M844I
Q5FWF7	M81L
O95393	Q246R
Q9H6X2	R480H
Q9H6X2	S504T
Q06210	K133R
Q06210	R111H
Q53RT3	A260V
Q53RT3	R84G
P31483	R231S
Q9UHG3	T229M
Q9UHG3	C462F
Q96C01	R78H
P01135	P29L
P35612	A635T
Q8N1N0	S521G
Q8N1N0	V38I
Q9UJ71	G176S
Q9UJ71	M111T
Q9UJ71	R66W
Q9UIW0	C25G
P15313	D354N
P15313	K483N
Q8N9V6	A88V
O00566	G56D
O00566	K291E
O00566	S305N
Q9NR63	R323W
Q9NR63	E177K
Q9NR63	E152K
Q9NR63	A39T
Q9Y2D4	I477T
Q9Y2D4	S262R
Q9Y2D4	P158S
P35270	M1L
P35270	C171Y
Q8TD22	K91R
A8MTQ0	F78L
A8MTQ0	I237N
Q8TCU4	M463V
Q8TCU4	F730L
Q8TCU4	H1155Y
Q8TCU4	N1256S
Q8TCU4	P1459S
Q8TCU4	S1895C
Q8TCU4	N2981S
Q9UHE5	M191L
Q9UHE5	R150G
Q9UHE5	R23Q
Q16854	M1V
Q16854	M1I
Q16854	H226R
O43151	P429S
O43151	E873K
O43151	R911Q
O43151	A919T
O43151	A1068G
O43151	R1688G
P13995	I251V
Q9BY07	A329V
Q14203	R1275C
Q14203	V1060I
Q14203	R990Q
Q14203	F797L
Q14203	G42R
Q9H977	W4R
Q13724	D566E
Q17RM4	M634T
Q17RM4	P327L
P58215	N407K
P58215	R375C
P58215	V374L
P58215	R236W
Q8TC57	P472L
Q9H8M9	N19S
P16383	N343S
P16383	K133N
Q6UW15	K75N
P48304	I88V
P05451	S130N
Q06141	V102I
P53597	V153E
P53597	H40R
Q86V40	R465Q
P31153	E10D
P31153	A86T
P38435	T739M
P38435	S277C
P38435	W157R
P38435	R83W
P38435	S13I
O95183	V91I
P07988	S370F
P07988	P351S
P07988	C302G
P07988	R252C
P07988	C49Y
Q96SQ7	G94R
Q96EY7	R104H
Q9H902	R124K
Q9H902	L87R
Q9H902	D56H
Q9H902	M1V
Q9Y4C1	N597S
P10966	I45T
A8MTJ6	N404S
A8MTJ6	S299L
A8MTJ6	L93P
Q96LM6	P38L
Q9NZJ5	Y214C
Q9NZJ5	R12P
P49247	I108V
P49247	I257T
P82675	R65H
Q8N271	R472H
Q8N271	R582W
Q8N271	D703G
A6NCK2	E241D
Q96BQ3	H127Y
Q6HA08	S317L
Q6HA08	P304L
Q6HA08	I79V
O75204	L80P
O75204	M1K
Q15003	R83H
Q9P2N6	M88V
A0AVI2	A678V
A0AVI2	V720I
A0AVI2	M1172V
A0AVI2	T1941M
A0AVI2	S1969L
Q9H0V9	R247H
Q6P4Q7	R36W
Q6P4Q7	G492D
Q8NE01	V49A
Q86SG2	R202Q
Q8IXR5	R645H
Q8IXR5	A593V
Q8IXR5	V55M
Q6P2I3	W104R
Q92545	N1638S
Q502W6	R160Q
Q502W6	V340I
Q502W6	R802Q
Q502W6	V879I
O60841	I633V
Q9UBZ9	N1166S
Q9UBZ9	S1142G
Q9UBZ9	S882P
Q9UBZ9	V172I
P51826	S850N
P51826	Q1020R
P51826	M238T
O43529	K98R
P62899	T112N
O95759	V663I
O95759	V454I
O95759	R332K
Q6ZV50	R78Q
Q9HB29	V442I
Q9HB29	V452L
Q9HB29	A510V
Q01638	A176T
Q01638	M352T
Q13478	I14M
O95256	A13S
O95256	T33A
O95256	D164Y
O95256	V211I
Q6AI14	R774Q
Q8NBP5	M297V
Q9Y5Y3	A163T
Q9Y5Y3	T187M
Q8WUH2	A58T
Q96JF0	G245R
Q96JF0	L43F
Q9GZV3	V427I
Q6IMI6	R196Q
Q8IWJ2	I247T
Q8IWJ2	R539H
Q8IWJ2	R804C
Q8IWJ2	I1414V
Q8IWJ2	K1597R
O15259	T322M
Q9NUZ1	R286W
Q12866	M674V
Q12866	Y812C
Q12866	P862S
Q96K49	T36A
Q96K49	I407V
P61129	R113H
Q8NG68	I120V
Q9H9Y6	R279K
Q9BSY4	P95L
Q8IYA6	V368I
P01583	T153M
Q8WWZ1	R66C
Q8NDX1	R148Q
Q8NDX1	S490P
Q06710	R364Q
Q8WV83	V328I
Q8WV83	P322S
Q8N608	A675S
Q9UEW3	N32S
Q9UEW3	G142E
Q9UEW3	R489Q
Q658P3	T410M
Q658P3	R467K
P29074	R309H
P29074	A443T
P29074	K796R
Q9HCM4	S402N
O00499	R514C
P19447	M590R
P19447	A423T
P19447	V405I
P19447	I156V
P19447	K12N
Q96ST2	R100H
Q6PIF6	A389T
Q6PIF6	R1393Q
Q6PIF6	V1796I
Q9C0J8	S698N
O60243	D393N
O60243	H63D
O60243	S41T
Q96LY2	A255G
Q96LY2	P130H
Q9NXE4	I263M
Q9NXE4	S34A
Q96NT0	A180V
Q96NT0	Q169H
Q96NT0	Q136E
Q96NT0	L31F
P0CG37	E71Q
Q8TDV2	I343V
Q9NR80	R48H
Q9NR80	V64I
Q96AQ1	A367V
O14513	G1348R
O14513	N1324S
O14513	S1213L
O14513	R860Q
Q56UN5	R605Q
Q56UN5	E263K
Q5FWF4	A928V
Q15032	N874S
P09848	A1249V
Q14566	V734M
P61073	Y103H
Q9C0I4	V1455I
Q6IQ16	R240Q
Q6IQ16	L246V
Q6IQ16	T348A
Q9NZR2	R3559Q
Q9NZR2	K1161R
Q16719	V258A
O43929	H319R
O43929	S8T
Q8NI32	V155I
Q13287	R193C
Q5UIP0	N1858K
Q5UIP0	I2403T
O00305	K205N
Q8N6S5	L125F
Q7Z7M9	R54Q
Q7Z7M9	R561H
Q8TAM6	P83S
Q04771	V376M
Q04771	V65I
Q04771	F63S
Q04771	P26S
Q04771	G4E
O95045	G83R
O95045	R311Q
O95045	R312Q
Q8NFR7	P206L
Q8NFR7	R33H
Q99569	A108T
Q99569	A269V
Q99569	A310T
Q9C0D5	G16S
Q9C0D5	V1636M
Q9C0D5	V1654M
Q8N9V3	K361R
Q13018	H1105R
Q13018	S1003N
Q13018	G995A
Q13018	K652N
Q6U841	K577M
P27487	I63V
Q12884	N37S
Q53SF7	G940S
Q53SF7	I506V
Q53SF7	V263I
Q08AI6	F213L
Q9NY46	K1948T
Q9NY46	M1874R
Q9NY46	Q1833H
Q9NY46	D1821H
Q9NY46	M1765I
Q9NY46	Y1669C
Q9NY46	F1646S
Q9NY46	R1621Q
Q9NY46	T1486I
Q9NY46	I1483S
Q9NY46	F1463L
Q9NY46	Q1385E
Q9NY46	V1018A
Q9NY46	F894S
Q9NY46	L836F
Q9NY46	L855P
Q9NY46	E720D
Q9NY46	T679M
Q9NY46	S548G
Q9NY46	M541V
Q9NY46	V532I
Q9NY46	V212I
Q9NY46	I110T
Q14435	R438C
Q7Z4L5	R1222W
Q7Z4L5	G331E
A4UGR9	M1407V
A4UGR9	R3369H
Q6ZMG9	V269M
Q8N3I7	L55S
O60662	R223C
Q53R41	D697N
Q53R41	D530E
Q53R41	Y91C
Q8WXR4	R127Q
Q99259	R457H
Q9H8Y8	G251E
Q9H825	V239I
O75746	I497N
O75746	A468T
P23229	I948T
P23229	I1061V
Q9BWT1	C329Y
Q02447	A755T
Q7Z3F1	R764Q
O43516	S197N
P02708	M1V
P15882	G215R
Q8N4P2	F178S
Q8N4P2	G36R
Q9HCR9	R184Q
Q9BZF3	A334V
Q0ZLH3	D29E
Q0ZLH3	L224R
Q0ZLH3	H294D
Q9HCG8	S798N
Q9HCG8	T115A
Q9HCG8	T83M
P13612	K483N
Q49MI3	V61E
Q49MI3	M1I
Q49MI3	M1K
Q9Y2A7	G362A
Q6P995	N488S
Q9NWL6	N310S
Q9NWL6	R450W
Q7Z5J8	V616I
Q7Z5J8	N1418S
Q6NVY1	D287G
Q6NVY1	F259L
Q6NVY1	H153R
P49441	N142S
O94925	K289I
O94925	C424R
Q14765	T298I
Q14765	L269I
Q14765	R240Q
Q8WXX0	R89H
Q8NCX0	R266H
Q75T13	P912S
Q75T13	V670I
Q75T13	A541T
Q96GW9	V153M
Q96GW9	R468L
Q8N8R5	V311I
Q8N8R5	R337H
Q562F6	S204L
Q562F6	V1103I
Q562F6	F1252L
Q06278	I76T
Q06278	I570V
Q06278	R801K
Q9GZT8	R14Q
O15519	N382S
Q92851	R87G
Q14790	T390K
Q53TS8	F825L
Q96Q45	R226G
Q96Q42	N1320D
Q96Q42	G1074D
Q96Q42	E784K
Q96Q42	P550L
Q96Q42	G364D
Q96Q42	C123Y
Q96Q42	G116E
Q6P1L5	V552M
Q8NDH6	R396Q
Q8NDH6	K236E
Q9GZL7	V17I
Q6ZS30	K2180R
Q6ZS30	F2671L
P16410	P136L
O60462	Q19E
O60462	G752S
Q53TQ3	A358T
P28331	R76S
O75077	K209R
A2CJ06	T405A
A2CJ06	S137N
Q9NYY8	R205Q
Q9NYY8	I249L
Q9NYY8	A501T
Q9NYY8	D678E
Q13467	K497T
Q13467	R152H
O75874	A353S
O75874	C297F
O75874	T162S
O75874	K3Q
Q9Y2I7	G907S
Q9Y2I7	N945S
Q9Y2I7	R1194K
P49190	A479T
P49190	M533L
P11137	T271M
P11137	I368V
P11137	V1527I
A0AUZ9	R84S
P28330	K43N
P05976	V11A
Q99728	T696A
Q99728	A594T
Q99728	S109L
Q99728	K292E
P31939	P471S
P31939	V548A
P13010	N452S
P13010	P630L
P25024	A23T
P49279	E220D
P49279	A500V
Q92600	R46G
Q92600	R227H
Q92600	R292W
Q9BRC7	C240R
Q9BRC7	R397H
Q9UGI9	R50H
Q6ZU64	R1142H
Q14623	E58K
Q6PIS1	V404M
Q8WV99	Q240R
Q8WV99	R241Q
Q7Z3C6	A663V
Q6UWU2	R393H
P25686	Q280R
Q9ULA0	R169Q
P17661	M1T
P17661	L115I
P17661	L154I
P17661	Y405S
P17661	R406P
O75147	M1498V
O75147	R1113C
O75147	R912C
O75147	E28K
Q8N1F8	S460A
Q8N1F8	P766L
Q8N1F8	H771R
Q8N1F8	S1002L
P54764	S554L
Q9NSD9	K329R
Q9NSD9	R154G
Q9NSD9	Q143R
Q9NSD9	A93P
Q9NSD9	R17C
Q9H9J2	R14C
Q9H9J2	T135N
Q9H9J2	H168L
Q9H5Z6	V272I
Q9H5Z6	F111L
Q9H5Z6	R103W
Q13618	T483M
Q13618	R364H
Q13618	K271R
Q13618	R128C
Q13618	Y62C
Q96BY6	G2151C
Q96BY6	L483F
Q9P242	A283S
P53420	V1687M
P53420	N1646S
P53420	R1637W
P53420	C1634S
P53420	C1634R
P53420	P1587Q
P53420	R1560H
P53420	V1516I
P53420	G1443R
P53420	R1431H
P53420	P1402R
P53420	P1366L
P53420	P1297R
P53420	P1257R
P53420	G1216E
P53420	P1215S
P53420	R1212G
P53420	P1165L
P53420	I1110V
P53420	C1095W
P53420	G1091R
P53420	G1057V
P53420	G1057S
P53420	Y1007H
P53420	R947W
P53420	P935L
P53420	G912R
P53420	G909E
P53420	R908Q
P53420	P770L
P53420	G768V
P53420	G719R
P53420	H705Q
P53420	G677S
P53420	I666V
P53420	P637S
P53420	G619D
P53420	G619S
P53420	R588Q
P53420	R588W
P53420	G584E
P53420	G578V
P53420	P531S
P53420	G527D
P53420	G527R
P53420	G515V
P53420	P502A
P53420	G478E
P53420	G469R
P53420	G414C
P53420	P386S
P53420	G367S
P53420	G341D
P53420	G332R
P53420	G326E
P53420	G314D
P53420	Q241K
P53420	P228Q
P53420	P206L
P53420	G205V
P53420	H165L
P53420	S139N
P53420	P127R
P53420	P66S
P53420	P46T
Q01955	M1V
Q9GZY8	P57L
Q9GZY8	S93P
Q9GZY8	R154Q
P52594	T316A
Q9BZV2	I314T
Q9BZV2	V139E
Q9BZV2	G23R
P78556	R51Q
Q8N136	I329V
Q9HB58	L675F
Q13342	G253R
Q13342	T472M
Q13342	R499K
Q13342	R558H
Q9H930	G175E
P23497	K142E
Q9Y2T6	V279I
Q8NHX4	R65Q
Q9HB89	A236T
Q9HB89	V185I
P23582	A101D
P23582	G26R
Q8IYB7	V235I
P05187	E530G
P09923	L388F
O95672	T636M
O95672	M506V
O95672	F457V
O95672	R390H
O95672	R355Q
O95672	S186W
P0CW18	S340F
P0CW18	R364Q
P0CW18	L421R
P0CW18	A565S
Q07001	M1T
Q07001	E24K
Q07001	W141C
P07510	S299T
Q9BUP0	R106Q
Q6Y7W6	P454T
Q8N5V2	I69V
Q9Y3R4	R172Q
Q676U5	V63I
P10523	P12L
Q8NCD3	R535H
Q8NCD3	M464V
Q8NCD3	R230H
Q13103	D36E
Q13103	F151S
Q13103	A204S
Q9P0V3	G225R
Q9P0V3	S427P
Q9UPQ3	G83S
Q9UPQ3	R710W
Q9UPQ3	E762K
Q9UPQ3	V832M
P25106	I227V
O60894	R67G
Q6ZVH7	G979S
Q0D2K2	A133T
Q0D2K2	A213T
Q0D2K2	V405I
Q0D2K2	R421Q
Q8TDR0	R139Q
O95299	G99E
Q6IFH4	V250I
Q6IFH4	L17F
Q8NGW1	V312I
Q8NGW1	A219G
Q9P2S6	A570V
Q9P2S6	M747V
Q9P2S6	G686R
Q9P2S6	M170T
Q9P2S6	Q3R
Q9HAU8	R236Q
Q9HC96	A511T
Q9HC96	R520Q
Q9HC96	R566Q
Q8IXF9	M117T
Q7Z6M4	L200V
Q7Z6M4	N61S
Q7Z6M4	T35M
Q96RG2	A602V
Q96RG2	Q572R
Q96RG2	I511V
Q6IWH7	R30Q
Q6IWH7	V505L
Q6IWH7	V555I
Q6IWH7	E858K
Q00341	P192A
O94887	V80I
O94887	V376I
O94887	R653H
O94887	I746V
O00506	S341G
Q8WY91	P135L
Q8WY91	A125T
P23919	A198T
Q8N465	A32V
Q9H3Q3	R13Q
Q9H3Q3	A158V
Q9H3Q3	S265A
Q14D33	P108L
Q14D33	R484H
Q14D33	R523W
Q9UQ52	I198V
Q01344	R99Q
Q96SW2	Y221C
Q8NBK3	N287I
Q8NBK3	W180L
Q8NBK3	K151E
Q8NBK3	A60D
Q9Y2M2	R268Q
Q9BV44	G31R
Q8NCE2	M1T
Q8NCE2	R643Q
O15527	S118P
O15527	H328R
Q8N5M9	Q18K
Q8NFR9	R411Q
Q8NAC3	A133V
Q8NAC3	V270I
Q8NAC3	Q378R
Q8NAC3	R402Q
Q8NAC3	G790R
Q96HD1	I417V
P40337	M54R
P40337	S65T
P40337	V84E
P40337	L101Q
O43187	M369V
Q93075	P648S
P30531	R172C
P30531	V180F
P30531	V180G
P30531	M185L
P30531	R195C
P30531	H198P
P30531	V225L
P30531	P247S
P30531	L269P
P30531	R277C
P30531	R277S
P30531	A288T
P30531	G299V
P30531	A305V
P30531	S331G
P30531	M332V
P30531	V337I
P30531	I338F
P30531	A357E
P30531	T400I
P30531	I405L
P30531	L408R
P30531	Y412H
P30531	R417C
P30531	I434F
P30531	G442R
P30531	L463P
P30531	M487V
P30531	C499R
P30531	P505T
P30531	G533A
P30531	Y551C
P30531	T558N
P30531	V569I
P30531	A589V
P30531	I599V
Q92777	S494F
P37231	G148E
P37231	Y123C
P37231	L337P
P37231	L405P
P37231	R425H
Q8NCE0	G167R
H3BPM6	M165T
H3BPM6	A156T
Q9H000	N392S
Q8WWA1	G98S
Q8WWA1	E46K
O75155	R550Q
Q96DB2	V253I
P98095	R403Q
P98095	I900V
Q9BTV4	M179I
Q01831	E721D
Q01831	P645A
Q01831	P633S
Q01831	H111L
Q01831	M1K
Q01831	M1R
Q6PII3	F41L
Q6PII3	P327L
Q8ND61	M160V
Q8ND61	V393I
Q6ZNL6	A213V
Q6ZNL6	M335V
Q6ZNL6	G1329S
Q9H1K0	M234V
Q9Y6W3	L749V
Q9Y215	T426K
Q9Y215	V308M
Q9Y215	P59S
Q9UJ83	Y240C
Q9UJ83	R211K
P43251	A162P
P43251	S319F
P43251	A439D
P43251	Y454D
Q96HP4	I62V
Q14699	G313S
Q92609	V542I
Q01826	A635S
Q01826	G621S
Q01826	Q330R
Q96L42	Y100H
Q8N7U6	R361Q
Q8N7U6	G135E
Q14995	N62S
P10826	G110C
P10826	W225C
P10826	G251V
P10826	N314T
P10826	L290P
Q96IV0	F237S
Q9NWU1	H41R
Q6ZWH5	L484S
Q6ZWH5	R103H
Q9Y6M7	V960I
Q504Y3	N170K
Q6ZQY3	S358C
Q9BXB5	R506H
P51679	I260V
O75718	S56N
O75718	L151P
O75718	K157R
Q9C098	A89V
Q9Y608	N208S
Q13439	S113N
Q13439	V709I
Q13439	I1046V
Q13797	R556H
O15195	S545G
O15195	R741Q
P51178	P617S
P51178	I353V
P51178	D231N
Q9Y238	E284Q
Q9Y238	T401A
Q9Y238	R884Q
Q9Y238	P1703L
Q99836	A132T
Q99836	R180W
Q9Y226	H503R
Q9Y267	R365Q
Q9Y267	R470C
Q9Y267	I577M
O75191	P535L
Q8NDW8	E1291K
Q8NDW8	R1315Q
Q702N8	P1682L
Q702N8	R1658Q
Q702N8	S766R
Q8NFW9	A101T
Q8N2I2	P553L
Q6ZSS3	G37R
Q6ZSS3	G96E
Q96C45	N981S
P06307	R35Q
Q9UFB7	P136L
Q9UFB7	T173A
Q9UFB7	E477K
Q2TBA0	A290D
Q6ZS27	N187S
C9JBD0	V64I
Q8NAT1	G412R
Q9NW15	N295S
Q9NW15	M1V
Q8N9V7	L265F
Q8N9V7	P532L
Q8N3R3	V53I
P59923	A676T
P49221	C176Y
Q9H5V8	D583N
Q9H5V8	V256I
Q15031	Q121R
Q15031	T636M
Q15031	E730A
Q9UGP4	P212L
Q9UGP4	G223R
Q9NQ48	A216T
Q9NQ48	T170N
Q9BQS8	I1102T
Q9BQS8	A1072V
Q9BQS8	P559S
Q9BQS8	K501R
P46094	R303Q
P41597	V219I
O00421	A301V
P02788	D648G
P02788	R627H
P02788	F344L
P02788	G121S
Q9BQQ7	E77K
P13385	I19F
P13385	V22A
P13385	R41Q
P13385	Y43D
Q60I27	T515M
Q9UI38	R223W
P08590	P21A
Q03431	D241E
Q6ZNJ1	Q178R
Q6ZNJ1	E717D
Q6ZNJ1	A753T
Q6ZNJ1	A2293T
Q12770	S593L
Q0PNE2	A236T
Q0PNE2	Y138C
P27816	P1081L
P27816	P392L
P27816	P488L
P27816	T248A
P30304	L318P
Q6X9E4	Y252H
Q6X9E4	I345V
O43157	R1352Q
O43157	R1048H
P31930	A389V
A2RUT3	R147Q
Q9BXS9	S734L
Q9BXS9	D637N
Q9BXS9	N337S
Q9NYQ7	S1738L
Q9NYQ7	R1294H
Q9NZQ3	I667V
Q9UHH9	A374T
P13861	L59P
O43772	A281V
O43772	R178Q
O43772	P5A
O95376	V173I
Q9NNW5	R416C
Q9NNW5	V651I
P12268	K238R
P12268	G113E
O94966	S85L
O94966	R75C
Q8IV32	R382H
Q8IV32	R269Q
Q8IV32	R250Q
Q8IXV7	S160A
P61586	R70G
Q9BSH3	R164C
Q14118	T203S
Q5XPI4	R1162H
Q9Y5P6	P276L
Q9Y5P6	I268T
Q9Y5P6	I219F
Q9Y5P6	K31E
Q9Y5P6	P22L
A6H8M9	R565H
A6H8M9	I518T
A6H8M9	T468M
A6H8M9	R379H
A6H8M9	R288Q
P41226	S950P
P41226	P595S
P41226	G459R
P41226	H275R
Q9BWF2	E338K
Q9BWF2	R157H
Q8NCB2	A475T
Q04912	S1381P
P78332	I1049T
Q99624	R499Q
P04899	T182P
Q13214	A680V
Q8N112	D73N
O43820	R219H
O43820	R61H
Q12891	R367W
O75800	A372V
O75800	E30K
O75800	M1V
Q8WTW4	R78C
Q8WTW4	G4S
Q9NY47	P49S
Q16644	P28A
Q16644	R65L
Q8IZD9	R853C
Q8NDT2	S624A
Q9Y4B4	G1015S
Q9Y4B4	A1279V
P0C7M6	R20Q
P0C7M6	R74Q
P0C7M6	F119L
Q8IXL9	S82L
Q8N6M8	T70M
O43818	V141I
Q9Y6F1	G59E
Q9Y6F1	T96A
Q8NBT0	H307Y
Q8NBT0	A204T
Q8NBT0	Y192C
Q8NBT0	M1V
Q9NR96	S750G
Q9NR96	H91R
Q9NR96	I18M
Q8IVS8	S24L
Q8IVS8	R27H
Q8IVS8	R135C
Q8IVS8	R216W
Q9BWX1	A304S
Q9NS98	R518Q
P63316	E56D
Q9Y2I1	V282I
Q9Y2I1	R1132Q
Q9NY15	A518V
Q9NY15	R1203Q
Q9NY15	A1769S
Q9BVP2	N502K
P51957	R813H
P51957	R659W
P51957	D431G
P19827	M14V
P19827	A31P
P19827	E39K
P19827	R552Q
Q14624	R500Q
Q14624	A107T
Q8NE62	R360Q
Q8NE62	R348H
Q8NE62	A240T
Q9NRM6	V22I
P41221	R277Q
P41221	C115G
P41221	R111Q
P41221	C69F
A2RUB6	I301V
A2RUB6	R676W
A2RUB6	L738F
Q8NFM7	A76T
Q8NFM7	F11L
Q9UKG1	E67G
Q9UKG1	K191Q
Q9UKG1	P421L
Q13609	I151V
P11177	D37E
P11177	M1V
Q99424	R614C
Q99424	A316T
Q99424	S302L
Q99424	R82Q
Q99424	P61L
P49789	E116K
P23470	V651I
A6NMZ2	R141W
Q70HW3	M89V
Q70HW3	V241I
Q96JA1	V890I
Q96JA1	A758T
Q96JA1	R731H
Q96JA1	T604M
Q96JA1	A207T
Q96I99	R381Q
Q96I99	R55K
Q5NDL2	T195M
Q5NDL2	R192H
P82094	M631V
Q9Y2L6	P916L
Q9Y2L6	I105T
O75030	G195D
O75030	R321Q
O75030	S357Y
O75030	T456N
Q6PI26	R563H
Q6PI26	R510C
Q6PI26	I209V
Q9NY27	V222G
Q9UPQ7	G669S
Q9P232	V646I
Q9P232	L458F
Q9P232	H75Y
Q04446	A655V
Q04446	A654T
Q04446	A615P
Q04446	D487Y
Q04446	K472E
Q04446	L390M
Q04446	F337Y
Q04446	Y329H
Q04446	H319R
Q04446	H188P
Q04446	P159L
P28069	I221T
P07225	G621V
P07225	C199R
P07225	G52R
P07225	M1I
P07225	M1L
Q3SXY8	G75R
Q3SXY8	I175V
Q9H649	L71F
Q9H649	S78F
Q9H649	I251V
Q9H0F7	M1V
Q9H0F7	R101I
Q9H0F7	A161S
A8MPY1	A316G
A6NKK0	I258M
A6NHG9	L185F
A6NDH6	I153L
A6NMS3	I91M
Q8NHB7	N89D
Q8NHB7	R295K
Q96PD2	F45S
Q9NQR4	T2A
O94826	I538V
Q9NWC5	V160I
Q96K78	I292V
Q96K78	R411H
Q96K78	T768A
Q96K78	P780L
Q92734	R22W
Q92734	R360K
Q7Z7G0	P525L
Q9BZV3	V880M
Q9BZV3	E174A
Q9BQF6	R740H
Q9BQF6	T640I
Q9BQF6	C683Y
Q9BQF6	I402T
Q9BQF6	R249Q
Q7L0Y3	I35V
O95625	S449C
O95625	N428S
O95625	I402V
Q9BYH8	V341A
Q13740	A183V
Q9NWB7	Q333R
Q9NWB7	M40I
Q9NWB7	G12A
Q9NWB7	A3T
Q9UM44	V39I
Q9Y2K3	R1302W
Q86Y13	V849I
Q86Y13	L1011V
Q9BQ08	P13L
O95843	T66M
Q86VD1	N778S
Q86SQ0	A870V
Q9NUJ1	S17R
Q7RTY8	R185H
Q4G0N8	R602H
Q9BS91	I25V
Q9BS91	R145H
Q9BS91	P381L
Q76M96	V845I
Q76M96	A613T
Q76M96	D522E
Q76M96	T398A
Q8TD46	I18V
Q8N3Z3	P75L
Q6NW34	F246I
Q9BWV1	N530S
Q68DE3	M904V
Q68DE3	K888E
Q68DE3	S765N
P38606	K139R
P38606	R212C
P38606	S264P
P38606	M318I
P38606	P319S
Q8IYS0	P5L
Q8NCU4	K136R
Q9H974	R234C
Q495A1	T30M
Q495A1	E36K
Q495A1	G135S
Q8NBL1	A78T
Q8NBL1	T206I
Q8NBL1	R226Q
Q8NBL1	W308R
Q8NBL1	M387L
Q9NPL8	M1V
Q9NPL8	C78R
O75469	H16Y
O75469	Y263H
Q8NFN8	V730G
Q96CX6	R363H
Q96CX6	S107G
O95168	S26F
Q9Y2K9	V563I
A6NJG6	A291G
Q14789	T1783M
Q14789	I492V
Q15051	R461Q
Q15051	R259H
Q86SU0	P69H
P42081	R226Q
P42081	R306H
Q96A26	L106V
Q86VZ2	K34R
Q8IXQ6	I789V
Q8IXQ6	I576M
Q8TDB6	S204L
Q8TDB6	P304S
Q8TDB6	L553V
Q460N3	R123Q
Q460N3	R515Q
Q460N5	M409V
Q460N5	E1060K
Q460N5	I1287V
Q96EW2	R335H
Q96EW2	V13L
Q9P283	M1023V
Q15746	E1303Q
Q15746	D1070G
O60229	V540I
P11172	R107H
Q9ULI3	Q892H
Q9ULI3	T273M
Q9ULI3	Y82H
A0AV02	A634T
A0AV02	V396I
A0AV02	R98H
Q9UQR1	H245R
Q96GZ6	V307I
O75891	R99Q
Q494V2	G46V
Q2QGD7	Q683R
Q2QGD7	N630S
Q96N76	V482A
Q96N76	E395K
Q86VQ6	N469S
Q9BRQ6	P212L
Q969K4	V329I
Q969K4	V355I
P61619	F62L
P61619	L89F
P61619	A115G
Q9HA90	G446S
P14770	M1T
P14770	F71C
Q96FZ2	N49S
O95243	R512Q
O95243	S196L
O95243	Q170E
O95243	S123L
Q9HBG6	E417D
Q9HBG6	L439P
Q9HBG6	V509I
Q9HBG6	R970C
Q9HBG6	R1174C
Q9Y4D7	P99A
C9J202	D147G
Q2TB18	A239V
P09001	R166Q
O75165	Y1546H
O75165	Y1673C
Q6UXF1	I29V
Q6UXF1	A106T
Q6UXF1	S343N
Q6UXF1	T511A
Q13515	G55R
Q92547	V1133I
Q92547	R851H
Q92547	V778I
Q92547	S480N
P02787	R696H
Q92959	R542C
Q92959	A500T
Q92959	P283S
Q9Y2J4	G281S
Q96MT8	C21G
Q96MT8	R65G
Q96MT8	G412V
Q06190	M71V
Q06190	E453D
Q06190	R689Q
Q6UXL0	R259Q
Q9UNA3	S98P
Q86XW9	R282Q
Q86XW9	V248I
A0FGR9	T278A
Q8NHQ1	T166M
P58012	P205R
Q6ZRT6	C238R
Q6ZRT6	L166P
Q6ZRT6	V131L
Q6ZRP0	M60V
P35606	I523T
P35606	A513G
P35606	V83M
Q9H4D0	R820Q
Q8IWZ5	R498C
Q8IWZ5	V510M
Q8TE99	A197T
Q8NAP3	N1180S
P54709	A104E
Q6ZS86	I303V
Q8IZH2	V703I
Q6ZVX9	A19T
Q9Y4C5	N87S
O15162	V139I
Q8N9L1	A169G
Q8N9L1	G165S
Q8N9L1	G99R
Q8N9L1	A83V
Q15915	A63S
Q15915	A110P
Q15915	G211R
Q15915	H373N
Q15915	L377M
P30556	R140H
P46976	M1I
P46976	A16T
P46976	D116E
P46976	N256T
P46976	E244A
Q14527	N729S
Q14527	N181S
P00450	N496S
P00450	E233D
P00450	S14G
P48230	V166I
A6NFN9	G335R
A6NFN9	A6T
O43567	V95L
O43567	T17I
O43567	D160G
O43567	R219C
O43567	D209N
O75157	P491Q
Q7L0X2	P317S
P58418	S165L
P58418	G64R
Q96DR7	S211L
Q86SP6	G497E
Q4KWH8	E1174D
Q14D04	I541V
P58340	T67M
O94933	V617I
A8MT70	S733L
A8MT70	R535I
A8MT70	P437L
A8MT70	R240C
Q9BUL8	I131S
Q99574	I53V
Q99574	G392R
Q8IZ02	N121K
A6NIV6	R174Q
Q6UY01	F166L
Q9UJ42	L244F
P12757	R475H
P12757	I480V
P12757	K503Q
Q8TBB6	A737V
P11168	M1R
A6NML5	R10W
Q92847	F147Y
Q92847	I134T
Q92847	E33K
Q9BXB7	R94G
Q8N2Q7	P28A
Q8N2Q7	R93H
Q58DX5	K788R
Q9HA38	N281S
Q9HA38	C61S
Q9NPA1	V59M
Q9HAV0	I123V
Q9HAV0	T87A
Q9HAV0	M61L
O96019	V218I
O96019	S225T
O96019	S326G
Q96N46	E268G
Q96N46	A689T
Q96RQ3	A609V
Q96RQ3	T465I
Q96RQ3	R409Q
Q96RQ3	Y387C
Q96RQ3	M1T
Q9UQV4	V326M
Q9UQV4	R277Q
Q9UQV4	F75S
Q86YR7	R625H
Q86YR7	G348D
Q86YR7	C275Y
Q86YR7	V114I
Q6TFL4	D197A
Q9ULM3	A603T
O15440	R1203Q
Q70Z44	R90W
Q70Z44	P370L
Q70Z44	A431T
Q8WXA8	Y331H
A5X5Y0	A204T
A5X5Y0	E368G
Q96CW1	T134M
Q96CW1	I159M
Q96CW1	R199W
Q96CW1	T299S
Q96CW1	V303I
Q9NUQ8	A280V
Q8N398	A334V
Q8N398	L561P
Q92685	R266C
Q92685	N126S
Q04637	R312C
Q04637	L1069P
P40225	R99W
Q08426	R221Q
P49619	V697I
P22914	G102E
P22914	I8N
Q9NVR7	Y176C
Q9NVR7	M84V
Q9UBS4	D256E
Q9UBS4	N308S
P02765	P30L
P02765	S334L
Q9UGM5	G76D
Q14240	G161W
P48740	R525Q
Q96DX8	R22W
Q5QGT7	L197F
Q5QGT7	E131G
Q6UWW9	A12V
Q765I0	R47H
Q765I0	H27R
Q8IVM0	M271V
Q9H089	A627V
P41236	G34R
P05090	K187E
P02786	G661R
P02786	I256V
P02786	L131V
P02786	N164S
Q8WVZ1	V77I
Q86UW1	L51I
P49585	P330S
P49585	R42W
P49585	R36C
Q8IYW5	P510S
Q8IYW5	F425L
Q8IYW5	A344T
Q147U7	K30R
Q7Z5U6	R284H
Q7Z5U6	V77I
Q7Z5U6	T34M
Q86YC3	Y489H
Q86YC3	V654M
Q86YC3	R685H
Q86VD9	R360W
Q86VD9	A313V
Q86VD9	R202C
Q86VD9	P115L
Q02338	R343H
Q02338	A50V
Q92622	V265I
Q92622	V237M
Q92622	R71H
Q9H095	R411K
Q9H095	M111V
Q9H095	P50L
Q9H095	E27K
Q8IYB9	I67V
B4DXR9	G302R
B4DXR9	R159H
B4DXR9	I41V
Q15928	D420A
Q5H8A4	A321T
Q5H8A4	G603S
Q5H8A4	V356I
Q6UXD7	S277N
Q9BSA9	R370H
P52824	R803Q
P52824	G324S
P52824	A24T
Q9BUD6	I34V
Q13363	T82I
Q13363	S4W
Q2YD98	R691Q
Q6NSI3	V382I
Q6NSI3	R269K
Q6NSI3	D154N
A0AVI4	R82Q
Q9H3P2	A361T
Q7Z5Q5	Q668H
Q7Z5Q5	R398C
Q9HCC9	T824M
Q9HCC9	A700V
Q9HCC9	H487Y
Q9HCC9	S477N
Q9HCC9	D395E
Q8NFZ5	A225T
Q8NFZ5	V142I
P78314	P215R
P78314	P261L
P78314	R432W
Q14728	G5A
Q6ZTZ1	G6R
O14924	S1255P
Q04756	A51V
Q04756	R221H
Q04756	A326T
Q18PE1	P70T
Q18PE1	G109S
Q18PE1	P146S
Q18PE1	G211R
Q18PE1	P421R
P30533	F277L
Q7RTM1	G131R
Q7RTM1	S88G
Q9P2W9	R203H
P28360	G26A
P28360	S210N
Q86UK5	A245S
Q9Y2E5	R28Q
Q9Y2E5	R50Q
Q92628	N804T
Q92628	R879Q
Q92628	P1138S
Q9P2M4	A83V
Q9P2M4	R87K
Q96PQ0	R320Q
Q96PQ0	R666H
Q96PQ0	A1136T
Q6H8Q1	A206T
Q8TE82	S436G
Q8TE82	A763T
Q8TE82	G863R
Q8TE82	G953D
O15254	V626I
O15254	R382Q
Q8IYL2	D403G
Q8IYL2	R528Q
Q96P69	A263V
Q66K79	A559T
Q66K79	K560R
Q9NRM0	C36Y
O75083	H248R
Q9C0D4	R909H
Q9C0D4	N560S
Q9C0D4	G410R
Q9C0D4	G262A
Q7Z7G1	Y352H
Q7Z7G1	V153I
Q7Z7G1	I120T
Q7Z7G1	R32H
O14792	S97G
P78367	L307V
P78367	G184R
P78367	A172T
P28907	S264L
Q14512	M203V
O43490	R820G
O43490	T638A
O43490	V475D
Q6NXT6	L255F
Q6NXT6	L46R
P09417	G89R
Q9ULE4	K590E
Q9ULE4	R338H
Q9BPX3	V758M
O94813	T729A
O94813	D1445H
Q9HD40	M1L
Q9HD40	M1V
O95436	P325L
O95436	T330M
O95436	L371I
O95436	C687S
Q68CR1	P1128L
Q68CR1	T1103A
Q68CR1	R424H
Q6ZMT9	L301Q
Q6ZMT9	G279S
Q6ZMT9	Q515R
Q96G03	R48Q
Q86TI0	R213P
Q86TI0	M920V
Q15399	G549D
Q15399	I49V
Q9Y2C9	R626H
Q9Y2C9	I183V
Q8IWE2	I66T
Q8N614	R81H
Q8NEZ3	R467Q
Q8NEZ3	N1072S
P35251	M117V
P35251	S18N
O43766	V319G
O60701	R141C
Q8NE18	R678H
Q9UPQ0	G645E
Q99453	S219R
Q99453	R99W
Q6ZU67	Q118P
A0PJX4	R83G
Q9Y2Q0	V795I
A8MXD5	S25N
A8MXD5	L223Q
Q8N442	D277N
Q8N442	V287I
Q8N442	G406R
Q8N442	H576Y
P48169	R426Q
P18505	S347R
P18505	K426R
Q9NX08	R137Q
Q9P241	V1089I
Q9P241	I1260T
Q9P241	I1393V
Q9P241	S1399P
Q9Y5Q5	A707S
O94915	T2576A
O94915	R2560Q
Q56VL3	A4V
Q9H720	I306V
Q92564	I38V
Q68CR7	N792S
Q68CR7	S723N
Q68CR7	H563Q
Q68CR7	S382A
Q16585	I92T
Q16585	M1I
Q16585	M1L
Q8TC71	R67H
Q8WU76	V592I
P16234	N110S
P16234	S268F
P10721	S197L
P35968	R842H
Q66GS9	R1077W
Q4L235	R17K
Q06203	M293I
O76094	D480V
Q8NC60	A576T
Q8NC60	Q486E
Q8NC60	G297R
Q16270	E241D
Q9HAR2	S423P
Q5HYJ1	R179H
Q5HYJ1	P45S
Q5HYJ1	I25M
Q5HYJ1	E11D
P54756	G320S
Q03188	T561A
Q9ULZ2	R40Q
Q9ULZ2	E43K
A0AVT1	F142L
P30968	P282L
P30968	C279Y
P30968	R262W
P30968	R139C
P30968	V134G
O60235	S110N
Q86T26	G5S
Q96MU7	G274D
Q9UL52	V24I
O75795	F90L
P54855	S415R
P36537	L106S
Q9BY64	T30A
Q9BY64	G31A
Q9BY64	Q101P
Q9BY64	N165K
Q9BY64	A318E
P49888	N150D
P05814	P167S
P05814	F126L
P05814	V93F
P05814	H51R
P05814	V39F
Q8NFU4	D35N
Q96KC9	R281Q
Q96KC9	T351S
Q8TAX7	V375L
Q6UX39	T4M
Q9NRM1	G68S
Q9NRM1	R112H
Q12849	M355V
P02774	V4I
Q9Y5X5	T7I
O15072	E177D
O15072	V153M
O75179	S2392L
O75179	M2325T
O75179	P1989R
O75179	S2192P
O75179	S1629P
O75179	I1679V
O75179	G1363A
O75179	S1155T
O75179	A704T
O75179	S651N
O75179	D124E
O75179	S92T
O75179	Q68P
P02768	A239S
P02771	T294I
P09341	N61K
P42830	V102I
Q9H903	Q204E
P35070	R3P
Q6UWI2	V173I
Q02083	R6P
Q7Z3B4	A268T
Q14108	F168L
Q8TF72	G60V
Q8TF72	L66V
Q8TF72	Q216R
Q8TF72	G244S
Q8TF72	S593G
A6NEL2	P167S
O43927	K107R
P12429	A106T
Q6TCH7	M245V
Q9NQV8	G304R
Q13237	V441G
Q0VAM2	N204S
Q9UHY7	T261A
Q96H96	L321Q
Q9Y251	R465Q
Q9Y251	R31G
Q9Y251	P11L
Q8TDG4	N883D
Q8TDG4	N311D
Q8TDG4	I159V
Q6UWZ7	E393D
Q6UWZ7	R359K
Q6UWZ7	H346R
Q6UWZ7	M299I
Q6UWZ7	E204K
Q12923	A1733T
Q3KNW5	T310M
P51825	Y240C
P51825	N906S
Q7Z5P4	Q270K
Q14515	V284I
Q13316	M1K
Q13316	D141N
Q13316	H436Q
Q9NQ76	A160V
Q9NQ76	S206I
Q9NQ76	A324V
P10451	R244H
Q13563	P92S
Q13563	C331Y
Q13563	Y345N
Q13563	R592P
Q13563	V722L
Q13563	M800T
Q8N3J5	H286Q
Q8IVU3	E11G
Q8IVU3	G426E
Q8IVU3	R680H
Q8IVU3	D789N
Q9UII4	R407Q
Q15034	K228E
Q6ZVF9	A702P
Q6ZVF9	P285L
P37840	P117S
P37840	K58N
Q13201	V466I
Q13201	S1044G
Q9C0I3	T852M
O43424	M193V
O43424	T649A
Q8N412	E453K
Q8N412	S296L
Q8N412	K202E
P00325	N186K
P00326	V208A
P00326	V64A
Q53FE4	N164T
Q8TBZ6	N22S
P55157	T432I
D6RIA3	A1402D
D6RIA3	S614I
Q9ULC0	I40V
Q08209	S505N
Q08209	R414G
Q08209	R254S
Q08209	R254G
Q08209	A177G
Q08209	R173H
Q08209	R173C
Q08209	A31S
Q8NDB2	Y759H
Q9C0K1	L449F
Q9C0K1	T428I
O00462	A825S
O00462	H177R
Q4ZJI4	Q335H
Q4ZJI4	I163V
Q02224	D2694N
Q02224	H2391R
Q02224	S1886T
P29371	S465P
Q9H2U2	W202C
Q9H2U2	R84Q
Q9H2U2	M80V
Q96CB8	R188Q
Q96CB8	Q126R
Q8NEC7	T171A
Q6UXI9	R445H
Q6UXI9	G505S
Q12904	M91T
Q7Z449	D216E
Q7Z449	D316H
Q7Z449	C490Y
Q7Z449	I539V
Q16836	A145D
Q8TBG4	N202S
Q9BXS0	D58N
O95487	N105S
O95487	S238L
O95487	V995I
Q9NY12	G33S
O14718	V132I
P01133	T501A
P01133	D1016E
Q07075	V699I
Q86YA3	K649E
Q86YA3	N221S
Q9H3R1	T726A
O94855	I940M
O94855	L855V
Q70EK8	K154R
Q70EK8	E359D
Q70EK8	N504S
P12104	I26V
O76074	T784S
Q9NQX1	E229D
Q9NQX1	R160H
Q9NQX1	T117M
Q9NQX1	Q93R
Q8TB73	V419I
Q06265	I192M
Q06265	E324K
Q06265	T333P
P20248	R378Q
P20248	A110T
Q8IWZ6	G253E
Q8IWZ6	G240V
Q8IWZ6	D149A
Q8IWZ6	M45T
Q13507	K912T
Q6ZW61	V246I
O95757	V673I
O95757	S746N
O00444	L139F
O00444	D333A
O00444	N450D
O00444	E789D
Q8NHS3	G480V
Q8NHS3	A464T
Q8NHS3	R139L
Q8NHS3	M1V
Q659C4	R790Q
Q659C4	N870S
Q659C4	P907Q
Q96NL6	T595S
Q96NL6	I394V
Q96NL6	E354D
Q96NL6	V219A
Q9HCL0	T956A
Q9UPY5	I133V
Q8TDB4	D70E
O43677	K60R
Q9BXJ9	H45R
Q9BXJ9	L73F
Q9BXJ9	L205F
Q9BXJ9	E517Q
Q9BXJ9	N717H
Q9BXJ9	P833S
Q9UIL1	A49S
O14967	T28M
P25874	A226T
O60264	R312G
O60264	E893K
P0C091	G1517S
P0C091	T55S
P0C091	D41H
P02724	P122S
P61221	I199V
Q8IVH4	L122P
Q8IVH4	V220A
Q8IVH4	M259L
Q8IVH4	G278S
P25101	I86V
P25101	S420T
Q6P2P2	V596L
Q6P2P2	V596I
Q6P2P2	G189R
Q6P2P2	G185E
Q6P2P2	K179R
P08235	L769H
P08235	S567L
P08235	S419L
P50851	K2618Q
P50851	C2600Y
P50851	R1300I
Q5HYK7	I543V
O75879	V178M
O75879	K62N
O75879	V20I
O75879	G9C
Q6P9G4	T99I
Q8IY51	I316V
P53367	R25H
Q9C0D6	V1025I
O60603	V269L
O60603	T605M
Q6V1P9	M1132I
Q6V1P9	M1103I
O43660	T74S
P02675	N34D
P02675	T378I
P02671	A775T
P02679	A440V
P02679	T400S
P02679	M362I
P02679	T340I
O95237	T215A
Q02108	E57A
Q02108	G183A
Q02108	V633M
Q9NY37	M104I
P48167	P69S
P48167	I105V
P48167	D209E
P48167	Y246H
P48167	G378E
Q9HBX9	G98S
Q08752	N288D
Q9P278	K877R
Q9P278	T1016M
Q9Y4G8	T1488A
Q9H0I9	I289T
Q9H0I9	A200T
Q15800	E5Q
P16870	A72V
P16870	N296S
P16870	V380I
P16870	I393V
O43897	T5K
Q8IY21	V1197M
Q8IY21	I993V
Q8IY21	R692Q
Q5H9U9	K1683E
Q5H9U9	R1223M
Q5H9U9	I500T
Q7Z6J0	T418A
P51790	T514S
Q9NWY4	T170M
O75121	L348P
O75121	A281T
Q86SF2	T645M
Q9C0F1	L146S
Q9C0F1	E325K
P15428	I219F
Q9UKF5	M3V
Q9UKF5	E155K
Q8IZU2	I63V
Q8IZU2	S501G
Q8NEY3	A210V
P49767	R210Q
P49767	P191R
P49767	P191A
P49767	E58K
P49767	E47V
Q8TAT5	L92F
P20933	A101T
Q9P273	S175N
Q9P273	T695M
Q9P273	V1819I
Q9P273	R1888C
Q6AWC2	I696V
Q6AWC2	T747A
A6NM45	V153I
Q7Z392	I927V
Q9P2F5	A750V
Q9P2F5	A884T
Q96LW4	H175R
Q71F23	R405Q
Q71F23	I165V
P33121	P50A
Q9P2B7	A510V
Q9P2B7	S90N
Q9P2B7	V73L
Q9H3E2	N749H
Q9P2M1	G293S
Q8TBZ0	Y380H
Q8TBZ0	R111H
O94875	R836H
O94875	V768I
O94875	I314M
O94875	A274V
O15455	D116N
O15455	Q184H
O15455	L742F
A5PLN7	P350L
A5PLN7	M646L
Q6ZWL3	A21T
Q6ZWL3	R85H
Q6ZWL3	R390C
P03952	I230N
P03952	R591H
P03951	G354R
P03951	S419T
P03951	R443C
P48039	V345I
Q96MM3	L63V
Q8N7C3	R164H
Q8N9V2	A155V
Q64ET8	R212Q
Q64ET8	R92Q
Q96PX9	P936L
Q96PX9	V1157A
A6NHZ5	E417K
P31040	M1I
P31040	G260R
O60645	G541S
P48764	V266M
P48764	V124M
P48764	V90M
Q9P209	T295M
Q9P209	S387L
Q9H8X9	I390T
Q9H8X9	Q368H
Q9H8X9	G6R
Q9H8M2	N246S
Q969F2	P102L
Q969F2	G381S
Q9Y666	H822Q
Q9Y666	R744Q
Q9Y666	A370V
Q9Y666	A351T
Q96N87	A11V
Q96N87	R252Q
Q96N87	V422M
Q01959	R615H
Q01959	G386R
Q01959	A129T
O75380	C115R
Q8TE57	A36S
Q08J23	D263Y
Q08J23	S5A
P18405	V37A
Q9UBK8	S320G
Q9UBK8	I345V
Q9UBK8	A637V
Q9NYW7	R206Q
P48643	L224V
A6NCL7	V287L
A6NCL7	I455L
Q96BN8	P147S
Q9HD67	N390S
Q9HD67	R124C
P55289	M707V
Q9NQV7	I213S
Q9NQV7	K226M
Q9NQV7	R447C
Q96KR1	T470M
P17342	V258L
P17342	R463Q
P17342	G477S
P17342	N522D
P58397	A136G
Q9P0K7	M516V
Q9P0K7	Q938H
Q5F1R6	R112C
Q5F1R6	E130D
Q5F1R6	N516S
P16471	G551R
P16471	G538R
P16471	N432S
Q9C093	H83R
Q9C093	D192N
Q9C093	I861V
Q9C093	A999T
P16871	L14S
P16871	C42W
P16871	Q45H
P16871	V80A
P16871	E95K
P16871	V127I
P16871	V148L
Q3SY77	I179S
Q3SY77	D66G
Q68DH5	F692L
Q68DH5	P487L
Q68DH5	F50S
P43003	S74N
P43003	T318A
P43003	I357V
P43003	N418S
O75694	I873V
P39905	T155M
Q63HQ2	R129Q
Q63HQ2	V461I
P42702	T73A
Q99650	A524G
Q99650	P960L
O15117	S125Y
P98082	A528V
P35408	G461S
Q9BX69	L160W
Q9BX69	I344V
Q9BX69	C559Y
Q9BX69	A924P
Q9BX69	D945N
Q7Z745	R1474H
Q7Z745	T405M
P55809	G492D
P55809	R268H
P10912	Y332C
P10912	K541R
P10912	C543R
Q4G0S7	N35S
P52739	V553M
Q96MH7	R6Q
Q13423	W43C
Q13423	K63R
Q13423	L663F
O15520	A125D
P17301	V843A
O96007	M1T
O96007	M1V
Q9NQ30	G173R
Q86Y33	S208R
P22674	R296Q
Q7Z478	M225T
P42285	G15S
Q8NBW4	V545I
Q3KP44	R369Q
Q562R1	P237L
Q8N292	G68S
Q08499	R805H
Q08499	I802V
Q08499	A799G
Q08499	R727Q
Q08499	T293P
Q08499	I333T
Q08499	L319P
Q08499	P225L
Q13216	S117P
Q9UI26	Y773C
P08908	K334Q
Q86T96	E37K
Q86T96	R170Q
Q86T96	T324A
Q6UX04	A255E
Q96BP3	V286I
Q9BYT8	V539I
O15021	P1821L
O15021	V1889A
O15021	F1896L
O15021	P2146L
O15021	T2482P
P27986	A318V
P27986	R649Q
Q8TAD4	S414N
Q9H3R5	R199Q
P50613	L3V
O75943	R487C
Q8N4S9	A72G
Q8N4S9	R156Q
Q16625	V308L
Q16625	Y467C
Q16625	K504N
Q16637	G279R
Q92552	Y228C
Q92552	M10I
Q8N895	N104S
Q8WVE6	V128I
Q8WUU8	G6S
Q8WUU8	V77I
Q8N1W1	L575F
Q8N1W1	L1447F
Q969S9	I728T
Q969S9	I598V
Q969S9	N629D
Q969S9	V327L
Q8N7Z5	S1120N
Q8N7Z5	I913V
Q8N7Z5	P725S
Q8N7Z5	K687Q
Q8N7Z5	V474M
Q13576	D526N
Q8N302	K140E
Q96IU2	P210S
O95263	V32A
O95263	T618M
Q9UI17	V692A
Q9BXG8	R213H
Q9BXG8	I278V
Q7Z3T8	V63I
Q7Z3T8	V684I
P20585	R188S
P20585	S366N
P20585	G1044S
O14827	A831V
O14827	A1209T
Q8WYK0	I486V
Q8WYK0	K459R
Q8WYK0	T373A
Q13426	I336T
O43854	I330V
O43854	I275V
P20936	G26V
P20936	D113E
Q06413	L363F
Q06413	L344F
Q06413	Y323N
Q06413	V296A
Q06413	L232V
Q06413	L204R
Q06413	P167S
Q06413	I147V
Q06413	D125E
Q06413	P101T
Q06413	V65A
Q06413	Y57C
Q06413	V37M
Q06413	S36G
Q06413	L35R
Q06413	G27R
Q06413	R15P
Q06413	I8L
Q06413	I6N
O15318	P123S
O15318	A129T
Q8IV33	A851T
Q8IV33	T114I
Q9BQI6	N210S
Q9BQI6	V454I
Q6DN14	R186H
P20810	T135A
P20810	I191L
P20810	Q302K
P20810	R378Q
Q9UIQ6	V338I
Q6NW40	H224R
Q6NW40	V313M
Q6NW40	I434T
O14646	E1045K
O14646	I995V
O14646	Y774F
O14646	K664N
O14646	I660V
Q6ZQN7	S356N
Q6ZQN7	M297V
Q6ZQN7	P39T
Q86UG4	T641S
Q86UG4	I160V
Q86UG4	K36R
Q9BQG2	L428V
Q16706	I854V
Q16706	E1030Q
Q16706	N1060S
C9JQI7	V328L
Q8NI36	H156P
Q9HCS5	I677V
Q9HCS5	M654I
Q9HCS5	V40I
Q00765	V45L
Q8NEF3	V251M
Q8NEF3	R236K
Q6Q4G3	L183V
P0DKL9	I11T
Q9Y6G5	P4S
Q9Y6G5	A45V
Q9Y485	N2463D
Q9Y485	C2916R
A1A519	R77Q
A1A519	K297E
Q8NEF9	R160H
P20700	R10L
P20700	A152V
P20700	S486A
P20700	A500S
P20700	T511P
Q96M27	G103S
Q9Y2P4	I380V
Q96CN7	L9P
Q70JA7	P66L
Q70JA7	G676E
Q8TEU7	I307V
P08700	G61E
P04141	A20T
P04141	S22L
Q92878	I94V
P35225	P3L
Q9Y496	R598Q
Q6ZMN8	P47S
Q2M3V2	G146R
O60383	A126V
O60383	G29R
Q6MZW2	A782T
Q6MZW2	V674I
Q6MZW2	V379M
Q6MZW2	V272I
Q6MZW2	A20V
P67775	N271D
P67775	G168C
P67775	E109K
P67775	C55F
Q9NQC1	V330I
Q9NQC1	P725L
Q96J42	V126I
Q96J42	V175L
Q9H0N5	T32A
Q86XQ3	V124I
P78337	G265S
Q6ZNK6	R115H
Q6ZNK6	A69T
Q6ZNK6	A44T
Q15582	T538P
Q15582	F547C
Q15582	M619V
Q08629	A173T
Q9UH77	P334S
Q9NZM6	P464R
Q9H1J5	N3D
O95235	R89C
O95235	N594S
O95235	S635T
O95235	Q656R
O95235	K827Q
Q9UJX2	M7I
P35221	E74D
P35221	K758R
P43243	A762T
Q9UHI7	I581V
Q9UHI7	M537T
Q9UHI7	V165M
Q9H819	N63S
O14511	R568Q
Q99075	P40L
Q9HD15	V98L
Q9HD15	P77L
Q9HD15	P61L
O95704	R323Q
Q96DC7	F434L
P49590	R425W
P49590	G468A
O60610	A1052V
O60610	F1037L
Q08174	E576D
Q08174	G4R
Q9NPG4	R1138W
Q9NPG4	R1137Q
Q9NPG4	E1118D
Q9NPG4	R1070H
Q9UNA1	T570A
Q9UNA1	V699I
P04150	D372E
P04150	S361F
P04150	V271I
A6NFK2	R102Q
A6NFK2	E43G
Q00005	I50M
Q00005	L39V
P00995	Q74R
P00995	I71V
Q9NQ38	G460V
Q9NQ38	K821R
Q86YN6	R421S
Q86YN6	A493T
Q86YN6	E941K
P16499	R582C
P16499	R562W
Q12766	T457A
Q12766	A1201T
Q5FYB1	R336Q
P52848	A347T
P52848	N476S
Q8TDC0	T209A
A1A4Y4	M38V
A1A4Y4	R177Q
A6NI79	T129A
Q495M3	T196I
Q495M3	I97V
Q7Z2H8	V78L
Q7Z2H8	I219V
P23415	R428C
P23415	N358K
P23415	D98E
P23415	R93L
Q9GZQ4	E368Q
Q9NRY5	L503S
Q9NRY5	V229M
Q9NRY5	G122S
O96004	R173L
O96004	E119D
O96004	G30S
O96004	P26S
O96004	P16T
Q2VIQ3	T484M
Q96D42	I296L
Q96D42	S185P
Q8TDQ0	I117L
Q8TDQ0	A28V
Q08881	P171L
Q08881	F340S
Q9H013	A814T
O94993	L131R
Q9NWX6	N61T
Q14677	A587T
Q14677	N555S
Q96MT1	A643V
Q8IV13	V76I
P47870	F501I
P47870	T477I
P47870	R458Q
P47870	R442W
P47870	P427L
P47870	F393S
P47870	R387Q
P47870	I365S
P47870	N327K
P47870	M310T
P47870	K303E
P47870	Y301F
P47870	Y301H
P47870	R293Q
P47870	T286I
P47870	M285T
P47870	P252S
P47870	S211F
P47870	Q209H
P47870	M139I
P47870	D125N
P47870	E76D
P47870	M64V
P47870	A24T
P47870	I19T
Q16445	A2V
Q16445	I381T
O75330	L29S
O75330	V56D
O75330	L150P
O75330	R332C
Q9NT68	V590L
Q8IX03	A585T
O75094	M299T
O75094	Q146L
Q96EA4	A16V
Q96EA4	A466T
Q92608	P1658A
Q12951	Y31C
Q12951	A275T
O00591	S350N
Q9H2T7	R758Q
Q9H2T7	V1052I
Q9H2T7	N1078S
O94804	E359K
A1X283	D848E
A1X283	A709T
A1X283	I569F
A1X283	A272T
A1X283	T32M
P52952	S311G
P52952	L171P
P52952	L153P
P52952	F145L
P52952	R137Q
P35548	M1V
P35548	N8H
P35548	N8S
P35548	G17S
P35548	P250L
P25021	I137V
P25021	N309S
Q96A73	R262Q
Q7L0R7	P191H
Q7Z2K8	S286L
Q7Z2K8	R23Q
A6NMX2	E19K
P52790	R697Q
P52790	R432Q
P52790	A367T
Q9UL40	A7G
P22455	A374V
Q9BW11	R69Q
O43566	A477V
O43566	E541Q
O43566	K548E
Q06495	V67I
Q06495	G357R
Q06495	R581H
Q06495	R627H
Q9UJV9	M349K
Q9UJV9	P258L
Q9UJV9	E247G
Q9UJV9	G20E
Q9UJV9	M1L
O15049	M258V
Q8IUZ5	E444Q
Q8IUZ5	R423Q
Q8IUZ5	V397I
Q8IUZ5	G348R
Q8IUZ5	A291T
Q9HAZ1	V73I
Q96LW1	N439T
O15303	M1I
B4DU55	A37T
Q86Y25	Q23R
O95450	W567C
O95450	A566T
O95450	A257E
O95450	S107G
Q92585	T81P
Q92585	P88A
Q13501	V144I
Q13501	R183H
Q13501	A225V
Q13501	E389Q
Q66K14	Q1136R
Q86XS8	G348S
Q8NGV0	R172Q
P26572	G76R
Q8NB50	N135S
Q6UXE8	R130Q
Q6UXE8	R359Q
Q96R30	N78I
Q8WV44	P515S
Q96A61	A156E
Q15306	P88Q
Q15306	A370V
Q9C009	L362F
P35237	P157L
P35237	M1I
P16083	S190N
Q13546	S14A
Q13546	L349P
Q13546	H445Q
A1A5C7	A539T
Q13523	S166G
Q8IXS0	R474Q
Q8IXS0	I396T
O95363	I279V
O95363	R419L
P00488	T573M
P00488	Q469E
P00488	G313R
P00488	L276F
P00488	A8T
Q92766	T635A
Q92766	P878L
Q8TC20	T57S
Q9BRS2	G62D
P22004	N147D
Q9H1N7	I204V
Q9H1N7	V65I
P05549	H378Y
Q8N0V5	T102S
Q8N0V5	D272E
P20794	V427A
P20794	G426D
P20794	G11R
Q5T4T6	G96D
Q5T4T6	S126L
Q5T4T6	A336T
Q5T4T6	F365L
Q5T4T6	E438D
Q96IZ2	V143I
Q9NXA8	R97Q
Q9NXA8	V136M
Q8WY64	G51S
Q8WY64	I202L
Q8WY64	V339I
Q8WY64	A413T
P54253	A105V
H3BQB6	R192Q
P40123	Y316H
P49790	N1220S
P49790	I740V
P49790	N503S
Q6VVB1	D146E
Q6VVB1	G131R
P51580	L138F
Q7Z419	P24L
Q6ZNC8	V429I
Q6ZNC8	T355A
Q06945	W97G
Q06945	A316V
Q06945	A336G
P01236	R71Q
Q5TGJ6	R55H
Q9UHG0	D383H
P80108	V684M
P80108	R181H
Q5VV43	T327M
O75496	M89T
O75496	K108R
O75496	K136E
Q9Y4F9	A947V
Q9Y4F9	R371Q
Q9Y4F9	D355E
Q14916	A372V
Q14916	M72V
Q14916	R6Q
O00476	T52M
O00476	V44I
O00624	L379P
Q30201	L183P
Q30201	R226Q
P78410	T57N
P78410	G228S
O00481	R418K
O00481	T443A
Q7KYR7	A186V
Q7KYR7	V452I
Q6U7Q0	R23Q
Q96KW2	M792T
Q96KW2	E280Q
Q9UJN7	A73T
P58173	I174V
P58173	V256I
P49910	N410S
Q15776	S42N
O15535	R301Q
Q96JS3	P294L
Q96JS3	R677Q
Q96LW9	R278Q
Q96LW9	H26Y
Q3MJ62	R232H
Q3MJ62	Q216L
Q3MJ62	R112H
Q5JNZ3	R546Q
O76001	I30L
O76002	R87W
O76002	S228R
Q9UGF6	T48M
Q9GZK7	R141W
Q9GZK4	A315T
P35410	R171W
Q9UBS5	G673D
Q9UBS5	A418T
Q9UBS5	A397V
Q9UBS5	E368D
Q9UBS5	A348P
Q9NU63	R185Q
O60927	R100H
Q6P9F5	G180D
Q6P9F5	N219S
Q9UDY6	P289L
Q9UDY6	V225I
Q9C019	T207S
Q12899	V229I
Q12899	P89L
P79522	E22D
P79522	A106T
Q8NE71	N278S
Q96QC0	G576A
Q96QC0	V249I
Q9Y676	M15V
Q9Y676	V73I
O60231	E678G
O60231	D520N
Q08345	D720N
Q5ST30	Q128R
Q5ST30	R490Q
Q5ST30	R901Q
Q5ST30	R902C
Q8TD31	R229Q
Q9Y242	R65Q
Q9Y242	V315I
Q29980	R131W
Q29980	V165I
Q29980	R307W
O14931	A136T
O14931	G118R
O14931	E65K
P55008	R72Q
O95445	E155K
O95872	R107W
O95870	I485V
O95867	N80S
O00299	G170S
P34931	G190A
Q99519	L302V
Q99519	Y296C
Q99519	R185Q
Q99519	P80T
P06681	Q53L
P06681	G530S
P0C0L4	Q826R
P0C0L4	E959D
Q99941	P466L
Q99941	S62P
Q99942	R16C
Q15109	A375V
Q15109	V276M
P40425	S41G
Q99466	A1250T
Q99466	M946V
Q99466	F64I
Q03519	R313H
Q03519	Q125H
Q92504	G205R
Q92504	T283P
Q92504	M353V
Q06587	A195T
O96024	G96R
O96024	E208K
O15211	G633R
O15211	R496Q
O15211	V402M
O15211	G201V
O15533	L316F
O15533	P58S
O15533	P54R
Q9BW19	I15T
Q9BW19	R347H
Q9BW19	T498I
Q96PV0	G26R
Q96PV0	P66S
Q96PV0	E221V
Q96PV0	T223S
Q96PV0	A232T
Q96PV0	S235P
Q96PV0	R248P
Q96C00	F283C
Q8NC56	K332R
Q8NC56	Q306R
Q8NC56	A121V
Q8NC56	A112V
O95238	S24L
Q92625	A523T
Q92625	A523P
Q92625	R688Q
P36508	A134T
Q9H4E7	P261L
Q9H4E7	D275E
Q9H4E7	N287H
Q9H4E7	S618F
Q03181	S428L
Q9HB96	G54D
Q9HB96	R141Q
Q9HB96	R460G
Q13451	S13N
Q96RN1	R880Q
Q96RN1	Y830H
Q96RN1	G603E
Q9ULD4	N1058S
Q8N8W4	A34P
Q8N8W4	A60T
Q8N8W4	N224D
Q8N8W4	P353S
Q8N8W4	T362A
Q7Z6J4	T99M
Q9P0B6	R39Q
P43220	A449V
Q6ZMV9	V73I
Q86T65	R597C
Q9NZB8	L594V
Q9NZB8	R582W
Q8IV45	H495Q
Q5TGU0	R24H
Q5TGU0	M36K
Q9Y235	I208V
Q9NZC2	G17R
Q5T2D2	S257P
Q5T2D2	T109S
Q5T2D2	G45S
Q9NP99	P176L
O95944	L48P
P20142	N324S
O43559	V13I
Q96B49	S9N
Q70CQ1	E184A
Q13895	V262I
Q5T0Z8	V1178A
Q5T0Z8	S161L
P82664	L36F
Q96PN7	V551A
Q96PN7	T365A
Q6AI39	G868S
Q14738	K145M
Q14738	R114P
Q14738	W207S
Q14738	W207C
Q14738	R253G
Q14738	I261V
Q14738	P360L
Q14738	L546F
Q14999	R1148Q
Q14999	E1021K
Q14999	K606R
Q14999	Q315R
Q5T653	V241I
Q5T653	R92Q
Q13308	P687L
Q8IWT3	S1066L
Q8IWT3	G1246S
Q5TCY1	H869Q
Q5TCY1	A956T
Q5TCY1	P1085L
Q9Y694	R82H
Q5VUA4	D2231N
Q5VUA4	L2223P
Q5VUA4	A442T
Q5T3U5	R804Q
O15160	L184V
Q9NZA1	E167K
Q9NZA1	T142I
Q9NZA1	D184N
Q9NZA1	G97D
O60522	K1225R
O60522	S1496G
O60522	I1681V
Q13093	N119K
Q8IZF2	R1078H
Q8IZF2	E951K
Q8IZF2	T932I
Q8IZF2	P41L
Q5T601	R473K
Q5T601	V209I
Q9Y5K6	K55T
Q9Y5K6	I268F
Q6ZW05	V523I
Q7L2Z9	A230T
Q02094	A204V
Q02094	T28M
P54107	K80R
Q92481	A333S
P08F94	R3957H
P08F94	R3842Q
P08F94	Q3807P
P08F94	P3762L
P08F94	T3628S
P08F94	D3439Y
P08F94	V3433M
P08F94	C3394R
P08F94	A3385T
P08F94	I3319M
P08F94	G3239S
P08F94	G3178C
P08F94	E3166Q
P08F94	M3158T
P08F94	Y3155C
P08F94	D3154G
P08F94	D3154N
P08F94	H3124R
P08F94	R3107Q
P08F94	N3063Y
P08F94	L2988H
P08F94	I2957M
P08F94	R2955Q
P08F94	R2840G
P08F94	V2836I
P08F94	G2809E
P08F94	V2773G
P08F94	W2736R
P08F94	W2690S
P08F94	W2690L
P08F94	L2665P
P08F94	A2564V
P08F94	V2429I
P08F94	R2413C
P08F94	T2318P
P08F94	V2254G
P08F94	G2233D
P08F94	T1960R
P08F94	R1926Q
P08F94	N1915S
P08F94	V1520M
P08F94	D1450E
P08F94	C1431F
P08F94	T1264S
P08F94	S1093F
P08F94	A1062T
P08F94	G1053R
P08F94	R880P
P08F94	I707T
P08F94	R494Q
P08F94	T36A
P08F94	M1T
Q96PD4	H160R
Q8TEZ7	T107A
Q7RTV2	W155R
Q9NP62	G83S
Q9NYP7	R261Q
Q9UJW2	V222I
Q9UJW2	N318S
Q9UJW2	V342I
Q9UJW2	Q409R
Q5T0W9	L978M
Q5T0W9	R987H
Q9HCI6	S39L
Q9HCI6	A58T
Q9HCI6	I111V
Q9HCI6	I501V
Q5TDP6	Y208C
Q14993	R67H
Q14993	I133V
Q14993	M982I
Q8IYB5	A185V
Q9NXZ2	F221Y
Q9NXZ2	E616D
Q9Y2Z2	L63V
Q6YHK3	L382P
Q6YHK3	D1029E
Q6YHK3	S1306L
P14406	V49I
Q9GZR1	R73Q
Q9UM54	R393I
Q9UM54	L926Q
Q8WWQ0	K875Q
Q8WWQ0	E823K
Q8WWQ0	G660V
Q8WWQ0	M508I
Q8WWQ0	T438A
Q8WWQ0	M429V
Q8WWQ0	V427F
Q8WWQ0	P410A
Q8WWQ0	S352P
Q8WWQ0	H266R
Q8WWQ0	R197W
Q8WWQ0	R110H
Q8WWQ0	F17C
Q86VQ0	M1I
Q86VQ0	M1V
Q9GZR5	I191F
P33981	I450V
Q96IP4	D132H
Q96IP4	G76D
Q96IP4	L23R
Q7Z6J8	R378C
Q7Z6J8	Q17R
O95394	L156F
Q5TB80	Y1177C
Q5TB80	K914R
Q5TB80	R767H
O95935	D91A
O95935	A73T
O95935	G60S
P21589	M58V
Q9UBD5	A667T
Q9HBV2	S176N
Q9HBV2	V267G
P24046	A395V
P28476	T430M
P28476	R287H
Q969M2	R57Q
Q969M2	R453Q
Q9P032	E21V
Q6ZRQ5	I1069V
Q6ZRQ5	S868N
Q6ZRQ5	F415I
Q9UKA2	I566V
Q9UKA2	C450W
Q9UKA2	Y100C
Q9NZJ6	N54S
Q8N3C0	S1039N
Q13002	P72H
Q13002	P213T
Q13002	Q621H
Q13002	N654D
Q8IYU2	C80Y
Q6ZN17	A182V
Q6ZN17	R217W
Q8NE79	L281P
Q8NE79	S201C
P48147	L4F
O75626	V762M
Q86YH6	S108N
Q86YH6	L94P
A7XYQ1	A730G
Q8WV93	M56V
Q8NEN0	R278H
Q8NEN0	P596L
Q8IYX8	R68H
Q04900	S40N
Q04900	R64G
Q04900	S44L
Q8IXY8	P17Q
O60906	H198R
O43167	G486D
O43167	F322V
Q5TCS8	M1006L
Q5TCS8	P815S
Q5TCS8	H184R
Q92558	S440L
Q92558	R307C
Q92558	T105A
Q92558	N57S
O60508	L315V
Q86VW1	A567V
Q86VW1	K105R
Q9BWU1	D137V
Q9H7B2	T3A
Q5TF39	I320V
O60673	R438H
O60673	Y12C
Q4G0N7	T66M
Q16363	G1648E
Q16363	L1214V
Q16363	V301I
Q16363	N68D
Q5TFE4	N53S
Q5TFE4	R206Q
Q9UL01	N37I
Q5T215	G179R
Q5T6X4	R67H
Q8HWS3	P643S
P08922	V1187I
P08922	G1135R
Q8N8Z6	R424H
Q96E22	P193L
Q96E22	R290C
Q9NXL9	R1107H
Q9NXL9	G1048S
Q9NXL9	I797T
Q9NXL9	R666Q
Q9NXL9	C558S
P17302	G38E
P17302	Y66H
P17302	I82M
P17302	I139N
P17302	T154I
Q13061	A256T
Q13061	M1T
Q8NI08	V775I
Q7Z4G4	L3P
Q8N1K5	T593S
Q8N1K5	K226E
Q8N392	A328V
Q8N392	V324I
Q5VVB8	M38L
Q5VVB8	V37M
Q96JM7	M490V
Q8N6K7	H390Q
Q8N6K7	R101S
Q8N6K7	G69E
O43491	L59P
O14638	H251Q
P22413	P40T
P22413	C120S
P22413	G266R
P22413	K391R
P22413	T705M
Q96RI9	M264V
Q9P1P5	S39P
O95497	A505T
O95497	V233L
O95497	N130D
O95498	R74Q
O95677	D194N
O95677	G324D
O95677	G324V
Q8TD20	D455E
O00141	V405I
Q6P444	R115W
Q9NYF8	M626V
Q14244	I257N
Q99683	I1367T
Q99683	S1236N
O00628	L70W
O00628	C86Y
O00628	Q105H
O00628	D177E
Q5TH69	S691P
Q5TH69	I1748V
Q5SYE7	G1155D
Q5SYE7	R1099Q
Q5SYE7	A1093V
Q86SQ4	M528V
P56589	T282P
Q96GA3	R377Q
P46939	R831W
Q149N8	T648I
Q149N8	D159G
Q149N8	S621F
Q13255	P1015S
Q13255	R1063P
Q13255	S1100R
O94885	T286I
O94885	G921S
O94885	T1095M
Q9NYJ8	P183L
A2A288	R491P
A2A288	H423Q
A2A288	L21V
Q9BZM5	F182L
Q5VY80	I191T
Q5VY80	R48W
Q9BZM4	G89E
Q9BZM4	P11L
Q6PHW0	A255T
Q9ULL1	I650V
Q02952	A250T
Q02952	A897V
Q02952	T1090M
Q02952	I1130V
Q8N680	S289G
Q8N680	A174T
Q9NWS8	V447I
Q9NWS8	M441L
Q9NWS8	I287F
Q8IYT3	R358Q
P03372	R269C
P03372	A569T
Q8NF91	R3627H
Q8NF91	R3624G
Q8NF91	R2380C
Q8N699	R2Q
P35372	A5T
Q9UPN6	A750T
Q8IVF5	G271S
Q8IVF5	F366L
Q8IVF5	A716T
Q8WVM0	R207Q
Q9HBY0	R462Q
Q9HBY0	E365K
O15056	V420A
O15056	A1374T
Q96JX3	R645C
Q96JX3	V556D
Q96JX3	H26Y
Q6ZYL4	M1T
Q9NRJ4	A1059T
Q9NRJ4	A1268T
Q4VX76	C258R
P04179	R156Q
Q9BWD1	V315A
Q8NA58	T4S
Q8NA58	G237D
P08519	G2035E
P08519	I1777V
P08519	W1762R
P08519	N1234S
P08519	I916V
P00747	K231M
P00747	V342M
P00747	R445S
Q9Y6R4	G316S
Q9NRZ5	E269K
O60260	R396G
O60260	V380I
O60260	G359D
O60260	R42C
O15178	A406T
O15178	V334M
Q8WV19	V125L
Q9Y5U8	R54Q
Q9Y5U8	A70T
Q9Y5U8	P37S
Q15349	R500Q
O00584	R109H
Q86WB7	R129H
Q86WB7	V200I
Q9BWV7	M236T
Q9BWV7	I437V
Q9BWV7	E467K
Q9BWV7	R479C
Q8N878	A542D
Q8N878	R443C
Q8N878	A13T
Q9H3U7	A422V
P35442	R245H
A2RRH5	R187L
Q5T6L9	I581V
Q96EK7	P385S
Q96EK7	L645P
Q96EK7	L827V
Q8IXL6	L129R
Q8IXL6	D573N
Q8IXL6	A580V
Q8IXL6	A583V
P04085	A178T
P31321	R306Q
O94901	G68D
O94901	P133R
O94901	E430K
O94901	A689T
A6NJT0	R494G
Q8N201	R1482K
Q8N201	D928E
P0C7U0	G644S
P36639	Q69H
Q9Y5X2	A361V
P55884	P100R
P55884	V163L
Q6IPM2	P508L
Q6IPM2	A481V
Q6IPM2	R635K
Q400G9	R148Q
Q400G9	R491C
Q7Z5N4	A685T
Q7Z5N4	V2021I
P85037	A657T
Q96JH8	P895L
Q96JH8	R867H
Q9NWF9	L850V
Q9NWF9	A803V
Q9NWF9	M560V
Q9NWF9	G156A
Q9NWF9	R28Q
P86791	M410L
P0C881	V767I
Q13155	G11R
Q13155	G32C
Q13155	P37A
Q13155	V148I
Q9BQI3	F368V
Q9BQI3	I279T
Q9BQI3	I146V
Q9H9J4	P1051A
Q9H9J4	D1130E
P63000	Y64H
P63000	Y64C
P63000	S71F
P63000	A95V
P63000	L165V
Q8NCG7	I643V
A4D2P6	G515S
A4D2P6	A181V
Q9NPG8	V23I
Q9NPG8	I231V
P17014	R211H
P17014	P198A
B2RC85	L847P
P86790	Q40E
Q9NS00	I261T
Q2UY09	R827Q
Q86VQ1	A153V
O00483	N59S
Q9UPZ6	R676H
Q9NUM4	S4C
Q9NUM4	D122N
Q9NUM4	S134N
Q9NUM4	N148S
Q9NUM4	V202I
Q8N2E2	H985Q
Q8N2E2	R746Q
Q9Y6U3	E207Q
Q6ZNB7	R405Q
Q6ZNB7	I337M
Q6ZNB7	I200F
A6NJI9	C39R
A6NJI9	G200R
Q8TD06	R146Q
Q9Y5W8	I22V
Q6ZN28	R773Q
P26012	A459T
Q2M3G0	A601V
Q96GN5	R311Q
Q96GN5	P157S
Q92565	R142C
Q8IXQ5	N145Y
Q8IXQ5	L272P
Q8IXQ5	H423R
Q14956	I509V
Q14956	R547H
Q96EH3	S63G
Q9BXU1	A547T
Q9BXU1	P659H
P01303	M45L
O60443	Q354P
P99999	A97D
P22626	G322E
P22626	P310L
O75563	I58V
O43365	T304A
O43365	A37V
Q8IV56	H125Q
A6NGB9	V117A
A6NGB9	L212P
Q12765	I357V
Q96JA3	N284S
Q9Y239	P573L
Q9Y239	R405H
Q9Y239	Q132K
P29972	V107I
P29972	V107G
Q02643	I132V
Q02643	D191N
Q02643	R357C
Q14123	S505G
Q3SYG4	Y186C
Q8N8U9	M484T
Q8N8U9	A578T
Q2PZI1	R602Q
Q7L9B9	L159V
P28039	D210N
P28039	V192I
Q8N427	D139V
Q8N427	P147L
Q8N427	L192F
Q6FHJ7	A8P
P49418	E570D
P49418	R457Q
P49754	E407K
P49754	R391C
P11233	A2T
P11233	V154M
P11233	S157F
P11233	A158T
P11233	D170Y
Q8TAP9	G151A
Q8TAP9	G17R
P53004	A105V
P53004	A134T
P53004	A272T
Q9UJU6	P317L
P49005	P121L
Q9UHC9	R1357Q
Q9UHC9	V1296I
Q9UHC9	Q816R
Q7Z7H5	G5R
Q9BSQ5	A171V
Q9BSQ5	K309R
Q9BSQ5	T394S
Q08828	A83V
Q08828	R597W
Q08828	G758V
P08833	Q106P
Q68CZ2	D1009E
Q68CZ2	S887G
Q68CZ2	E765D
Q68CZ2	Q503P
Q8NEG2	D235E
Q13422	L177P
Q13422	G337S
Q13322	T553M
Q13322	H360Y
O75128	R986H
O75128	R951S
O75128	A655P
O75128	N523S
O75128	R490H
Q8N7R1	V200I
P00533	T572P
P00533	I646F
P00533	I926N
P00533	S1120R
P00533	N1184K
Q9NS86	Q188R
Q96AW1	V130A
Q8N859	I92M
Q9Y2R5	V85I
P78330	A181V
P78330	G54R
Q8NBJ7	A57V
A6NP11	R199H
A6NP11	V345I
P0CB33	A66T
P0CB33	S227N
P0CB33	P253S
Q8IYX0	G166S
B4DX44	S375G
Q9UII5	C48Y
P08236	R611Q
P08236	D490G
P08236	G284S
Q96MP8	L69V
Q96MP8	R153P
Q96MP8	Y276C
Q9Y3A5	R218Q
Q9Y3A5	C210Y
Q9NV66	A518V
Q6NUM6	R300K
Q96HA1	A819T
Q96HA1	A956T
Q96P11	R371Q
Q86XT4	A262T
Q9UIG0	T983I
Q9UIG0	P26A
Q9Y4P3	S56L
Q9NP71	V326M
Q96LL9	Y98S
Q16623	Q226R
Q16623	S185C
P15502	G45R
P53667	V24M
Q9GZY6	A70V
P35250	A23S
Q9UDT6	R701Q
Q9UHL9	R112C
Q86UV7	P185L
A8CG34	T882A
A6NIY4	R335H
Q9Y258	R48Q
Q9Y6J8	T137M
P40926	N162S
P40926	N164S
P40926	R229G
P40926	G295V
P40926	K301R
P61981	D241G
P61981	D228N
P61981	K162R
P61981	K152R
P61981	Y133C
P61981	K120R
P61981	R57H
Q86UW9	T157A
Q86UW9	S436P
Q86UW9	H441R
Q9BT76	A57T
Q9BT76	Y249H
Q8IYE0	R589C
A4D1B5	C718Y
A4D1B5	Q438R
Q05209	R525C
Q05209	T454A
Q8N3S3	G289S
Q8N3S3	R304Q
P63096	T48P
P63096	D97A
P63096	P165T
P63096	Q204R
P63096	D272N
P16671	V18I
P54289	R1029Q
P54289	S645L
P54289	G581A
P54289	I19M
O95025	S65P
P21439	Y1086S
P21439	G1074R
P21439	A953D
P21439	R582W
Q9P0K1	S862F
Q687X5	N411I
A4D1E1	K579E
A4D1E1	R799H
A4D1E1	I1139L
A5D8W1	L82F
A5D8W1	S854R
A5D8W1	I873V
A4D1E9	S193N
Q99551	P69S
Q99551	R43Q
Q16850	P437S
Q16850	I383V
O00522	Q473H
Q9P2G1	T107A
Q5RL73	C180R
Q5RL73	V256L
Q5RL73	S358R
A8MVW5	P199L
Q9ULJ8	N78S
Q15165	R96T
O14576	Q47P
Q9UJS0	N652K
Q9UJS0	D635Y
Q9UJS0	G436D
Q9UJS0	T362A
Q9UJS0	R355G
Q9UJS0	E252K
Q9UJS0	R177K
Q9UJS0	I27S
P56178	L170P
Q8IWU2	E898K
Q7Z6L1	K497R
P47972	G156S
Q8N3G9	G123S
A9QM74	M326V
O15143	N96S
O15143	W104S
O15143	V226I
O15143	M278I
Q53GI3	V328M
Q9Y2L8	R179H
Q6NSZ9	R69Q
Q9HB55	I253V
Q9HB55	M256I
Q9C037	R304Q
Q8NFK1	R16H
P17036	R132Q
P33993	Y539C
P33993	G259A
O00189	D23G
Q96RP7	R120H
Q96RP7	S84N
Q8N158	V517G
Q8N158	V61I
Q9UJ98	L16F
Q9UJ98	T36P
Q9UJ98	P849L
Q6DKI7	R98Q
Q6DKI7	P151L
Q6DKI7	R241C
A6NKU9	R45C
A6NKU9	P491S
Q9UKJ1	R68K
Q9UKJ1	S148T
Q9H0M4	N430S
Q7L2J0	P283S
Q6ZVC0	P544S
Q6ZVC0	A625T
O95081	V317M
O75425	R153H
Q9UP52	V273M
Q9UP52	L256R
P62879	L95P
P62879	M263T
O75420	A584T
O75420	A395V
O75420	R136K
Q9BXP5	N321S
P22303	V460I
Q9BRZ2	V54I
Q9BRZ2	R395Q
O15240	E442D
Q8N8M0	D235E
P0CI01	A87T
Q96SN7	P17S
O43374	E141G
Q8NEE6	V561L
Q8NEE6	R123K
Q8NEE6	V36I
Q8NEE6	R30H
Q8N2F6	A144G
O75439	A3V
O75439	L35S
O75439	T280S
O75439	C312Y
O75439	A375T
P58743	C415F
P58743	G98A
Q96PZ0	E180K
Q96PZ0	I167V
Q6NUQ1	M1T
Q6NUQ1	T35A
Q9ULK2	I361V
Q6ZTQ4	R147H
Q6ZTQ4	V447I
Q6ZTQ4	R822C
P43490	E326D
P48736	T377A
P48736	S442Y
P48736	N522S
P48736	A797V
P09622	I304T
P09622	I353T
P07942	R1548C
P07942	Q1074P
P07942	M535V
A4D0S4	R1678H
A4D0S4	R1063H
A4D0S4	V580I
A4D0S4	R53G
Q92823	R853H
Q92823	R11C
Q9NP80	N590T
Q9NP80	N539D
Q7Z6K1	S239N
Q9UBS3	I7V
Q9NRM2	N170S
Q9NRM2	T379A
Q16821	S135Y
O15409	I316V
O15409	P416T
O14948	I107V
Q03135	S37N
Q03135	R146P
P08581	V72L
P08581	D270N
P08581	M362V
P08581	L887S
P08581	A936V
Q92527	V223M
Q9NZV8	A41V
Q9NZV8	A157T
Q9NZV8	R305C
Q9NZV8	V366F
Q9NZV8	V402L
Q9NZV8	I405M
Q9NZV8	R539L
O95859	P65L
O95859	M1K
P23471	I1047M
Q9UDR5	I579F
Q9UDR5	N569S
Q9UDR5	P331L
A0PJY2	Q448P
Q86UW7	T37A
Q8NA54	V145I
Q8NA54	H56R
Q8WXK1	L237F
Q8WXK1	R305Q
Q6P5Q4	I221T
P38567	P271S
P38567	A333V
Q96CN9	N649S
Q9NQT6	R185Q
Q9NQT6	R269K
O43316	G136R
O43316	G59R
O43316	R39L
Q9NW13	P102L
Q96JN2	A197T
Q96JN2	G745R
Q96JN2	I812V
Q96JN2	S1004L
Q9Y5L0	T757A
Q9Y5L0	D723N
Q9Y5L0	H652Y
Q99835	H577R
Q86WB0	I32V
Q96SK2	V186I
Q8WWF3	S194R
Q8WWF3	A211V
Q8WWF3	R215Q
Q8WXQ8	L32W
Q9BYV8	A98T
Q5EB52	I151T
Q96M69	A198V
Q96M69	I681T
Q969S0	V208I
O60218	S163N
A4D1P6	G324S
Q9UKG4	E210K
Q9UKG4	K12N
O75912	D104E
Q70SY1	P438L
O15164	A26T
O15164	R87C
O15164	R684C
O15164	S780T
O15164	A967T
Q9HBG4	R431H
Q7Z2W4	S583F
Q7Z2W4	A479T
Q7Z2W4	R385L
Q7Z2W4	R305C
A0AVF1	R50C
A0AVF1	R297C
A0AVF1	D310N
A0AVF1	G458S
A4D1S0	R192G
A4D1S0	S4A
Q9H0J9	R281W
Q8NCC5	V222I
Q7Z695	I472V
Q04837	R11H
Q9NYW6	A249S
P59533	L182F
O43451	N989S
O43451	M1073V
O43451	R1140T
O43451	I1650V
O43451	V2705I
O15197	R905Q
Q9NQA5	A671T
Q9NQA5	R153C
P23276	R436Q
P23276	V336M
Q8N148	R136W
P12273	I140T
P59534	L233I
P21709	S919P
P21709	E275K
P21709	R175H
A4D2H0	R470Q
A4D2H0	A519S
A6NFQ2	H373R
Q9Y4C2	M142V
O95006	A197V
O95006	A198T
O95006	R220Q
Q13607	F308L
Q96R48	V35I
A4D2G3	V116L
A4D2G3	A189V
Q96R47	A32V
Q96R47	C52S
Q96R47	R219C
Q8IX94	T533M
Q8IX94	Y581C
Q8IX94	I585T
A5YM69	G292R
A5YM69	Q219R
Q12774	S1286R
O60393	S345L
O60393	R163G
Q9H3S4	G48V
Q9UHC6	T589P
Q8N393	H660Q
Q8N393	G350E
Q8N393	D272E
Q6IV72	R149Q
Q6IV72	R115H
Q8TD17	T304A
Q9UDV6	M82T
Q9UDV6	P227S
Q9UDV6	S282G
Q9UDV6	C344Y
Q6ZMS7	Q252H
Q6ZMS7	T284M
Q9ULD5	V37I
Q9ULD5	P15L
Q6NUN9	S492G
Q6NUN9	S490G
A5PL33	P405L
O60290	R218Q
O60290	T982A
O60290	R1114G
Q99969	R3Q
Q96BV0	R54C
Q96BV0	Q434R
Q96BV0	P443Q
Q8ND71	K115E
Q8ND71	K205R
Q8NHV1	R7P
Q8NHV1	K175E
Q9NUV9	R228K
Q9UG22	C88S
Q3YBM2	R181Q
Q96HP8	R41Q
P19801	G24R
P19801	A232T
Q9NUT2	S730N
P04920	Q195P
Q14296	I318V
Q9BVT8	A66V
Q8WXI3	V390M
Q8WXI3	V359I
Q8WXI3	E9D
Q15382	Y35S
Q7Z4T8	A4V
Q8NCW6	V66L
O43543	S264N
O43543	I221V
O43543	L216P
O43543	E208G
O43543	M1T
P42658	E79K
P42658	F141L
P42658	R457Q
P42658	L747P
Q96EV2	E210D
Q15465	S291A
Q15465	H270Y
Q8WVP7	P470S
Q5C9Z4	I326V
O75190	F91L
Q92932	R511Q
Q92932	T175M
Q86XI2	R697W
P41587	P397Q
P41587	V106I
O95013	V219I
Q8TC21	T244I
Q86YL5	V127M
Q86X53	R375H
Q9UBY8	R24L
Q9UBY8	R204G
Q9UBY8	W213C
O15013	A169T
O15013	E189V
O15013	L270F
O15013	R300H
O15013	T466M
O94819	A80V
Q6UX68	T146A
P12838	V17A
A8MUZ8	Q173E
Q08648	R55H
Q8NG35	I4N
Q8N104	A20G
Q8N104	I63S
P0CI00	W67R
Q96B33	G128S
Q9Y4C4	P769L
Q8IV48	E8Q
Q86XI6	D131N
Q6P047	R23H
P51451	V287M
P51451	I308V
P43694	G29S
P43694	P36A
P43694	R284H
P43694	C292W
Q30KP9	I61T
Q8N7N1	R236Q
Q8N7N1	Q230R
P0C5J1	K273Q
P0C5J1	D217E
P0C5J1	A154V
P0C5J1	W71S
P21757	G408A
P21757	P302Q
P21757	P278L
P21757	K241R
P21757	T161N
P21757	T98M
P21757	R26C
P21757	H8R
P21757	W4R
P52569	C445Y
Q9ULD2	T216M
Q15154	E631D
Q13510	R386Q
Q13510	T344P
Q13510	E138G
Q13510	P37T
Q13510	M1I
P11245	R156K
Q9H788	G390S
P54219	V90M
P54219	A74T
P21281	L3M
P21281	L151I
P21281	E374G
P21281	V473I
P21281	R485L
O00451	N434K
Q6ZVK8	S20R
Q9H6H4	V54I
Q8N145	I259V
P11686	H64Q
P11686	D105V
P11686	L110P
P11686	A112P
P11686	Y113H
P13497	M1T
P13497	A71S
P13497	C322Y
P13497	G713S
Q8TC59	R110H
Q8TC59	T143M
Q8TC59	A151V
Q8TC59	R200H
Q15043	T90M
Q15043	A192T
Q15043	T197M
P48454	H499N
O60504	R67Q
O60504	T191A
Q96JY6	A273T
Q8N163	T493M
Q96S96	A138P
O14763	G168S
O14798	F48L
O14798	A78T
Q9Y227	A609T
Q9Y227	I399L
Q99801	R115S
A6NCS4	N114S
P07196	Y265N
Q9H7D0	V189M
P01148	R31H
Q69YH5	M17V
Q69YH5	Y206S
O60238	A138V
P34913	I186V
Q6AZY7	D23E
Q6AZY7	P110L
Q6AZY7	S263G
Q6AZY7	G264S
Q6AZY7	G479S
Q56NI9	N190S
Q56NI9	C389Y
Q6ZMJ2	R249Q
Q9H8N7	T48A
Q8IX29	Q253E
O43909	R158Q
O43909	V198I
O43909	A560V
Q9NV88	N51S
Q96BY9	V42I
Q96T53	A70T
P00390	H208Q
P00390	A20V
Q14191	G574R
Q14191	S683P
Q14191	H878Y
Q14191	A1042V
Q6NXR4	T417S
A8MYU2	S520G
A8MYU2	I629V
A8MYU2	E1130G
O94903	L200V
O94903	R205Q
Q96PE1	A34S
Q6WKZ4	P1077L
Q6WKZ4	E1017K
Q6WKZ4	A824S
Q6WKZ4	L564F
Q8NHS2	V142I
Q9UBL3	A36V
O94830	I450V
O94830	G510E
P83105	A131T
Q9BX73	S60N
Q13443	P750L
Q8TC27	V213I
Q8TC27	R298H
Q8TC27	K439R
Q8TC27	I604T
Q8TC27	I693V
Q9Y3Q7	R543Q
P16157	S1771P
P16157	G1745S
P16157	S1129I
P16157	S1027R
P00750	R524H
O14920	T344M
O14920	S675G
Q08357	D615E
Q08357	R609C
Q08357	T115K
Q05901	H455R
Q15825	T333A
Q9NVV9	S4F
Q9NVV9	M1L
Q68CP4	A4P
Q14159	R454H
Q14159	P205S
P49716	R169G
P33991	S228C
O43623	A122T
O43623	A67S
A1KZ92	R1408H
A1KZ92	A1129T
A1KZ92	L1085F
A1KZ92	T455A
O60284	P501S
O60284	V140A
Q8TDY2	E1034A
O75608	G158S
P56715	V142L
P56715	T188K
P56715	A1326P
P56715	K1558N
Q5GH76	D540E
Q96RS0	A543T
Q6DJT9	D385E
Q9BUK0	I54V
Q9BUK0	V80M
Q8N3Y7	V210A
P01210	S170G
Q14CS0	E8D
Q12797	I597V
Q12797	E202G
Q12797	A189V
Q12797	A147T
Q92820	T179A
P49638	S140P
P49638	A58D
O75881	R388G
O75881	G57A
O75881	G51R
Q15390	R27G
Q9UF47	S164T
P06850	N110S
Q8IWW8	R234Q
Q9Y6D6	S1604P
Q9Y6D6	I1576V
Q8N4T0	R36H
Q8IWU6	A222T
Q8IWU6	A494V
Q8IWU6	I573T
Q8IWU6	T816M
Q15629	V306I
Q15629	V134I
Q5GH70	K105T
Q99502	L483P
Q99502	R437C
Q99502	D351Y
Q99502	W327R
O75762	Q367R
O75762	I255V
P54274	G343E
Q9BUB7	S42G
Q9BUB7	H234P
Q8TB36	M1V
Q8TB36	P66S
Q8TB36	P153S
Q8TB36	L171P
Q9H336	R272Q
P28328	R160K
P02689	V132I
P02689	S91A
P02689	S44R
P02689	A29T
A6NFH5	I74T
Q5PT55	R434K
Q5PT55	E51K
P00918	K18Q
P00918	L203M
Q9H0M0	G546S
O75131	I351V
Q8NA66	F241L
Q8NA66	I417V
Q8NA75	N24S
O43353	R264H
Q9Y236	N229K
O60934	K642E
O60934	R445W
O60934	G332E
O60934	M152T
O60934	L68I
Q16698	V175M
Q8N6M0	E134G
Q6ZNQ3	V247I
Q8IXT5	L659F
Q7Z388	A590V
Q6KF10	W237R
Q6KF10	R133K
Q6KF10	G112A
Q6KF10	A82V
Q6KF10	G42A
Q86UE4	V501A
O00339	A6V
O00339	A239V
Q8NE09	V717I
Q4G163	D471N
Q07617	R613H
Q07617	A815V
Q9NV58	N802S
Q8N9S9	A105V
Q8N9S9	V99I
Q6ISB3	V620I
O95071	N693S
Q13118	S363A
Q13118	S225N
Q13118	T189S
Q13118	R186I
Q13118	Q10H
O60353	M1V
Q9H2D1	A39S
Q9H295	V196I
Q9H295	V412M
Q8WW38	C64Y
Q8WW38	C64W
Q8N0Z2	T67I
Q15389	T257K
Q6UXX9	L119P
Q6UXX9	H149L
Q86WI1	R1883H
Q86WI1	E2610K
Q86WI1	G3543E
Q7Z407	R3555H
Q8IWU4	K58Q
Q13822	D647E
Q6P1X5	P1024A
Q6P1X5	G421E
Q8TB45	N232S
Q05707	V20A
Q05707	D396E
Q05707	I1649V
Q96DY7	M549V
Q9Y6X8	G36S
Q96DN5	M293I
Q96DN5	S381P
Q96DN5	I565V
Q96DN5	T606A
Q96DN5	T1035M
Q6PL18	I1194T
Q6PL18	R913H
Q6PL18	D279E
Q658Y4	R738Q
Q53H54	P90L
Q14534	C115S
Q14534	G181E
Q12768	T492P
Q96MF7	R73W
Q96MF7	I220V
Q9BYG8	A376T
Q9ULH1	T788A
C9JL84	V332M
C9JL84	S330L
C9JL84	G252R
Q9P243	T1027S
Q9P243	G692R
Q49AJ0	P976L
Q49AJ0	G958S
Q49AJ0	A276S
Q8NFW1	P506L
Q8NFW1	R459Q
Q9NPC2	A189T
Q96Q05	D847N
Q96Q05	H579P
Q96Q05	A412T
Q96Q05	T95I
Q9NRG0	E114D
Q9UKV8	V797M
Q9UKV8	R714W
Q9UKV8	G604R
Q9UKV8	L540P
Q5BKX6	A266T
Q6ZUA9	R50C
Q96NA8	N267S
O75564	A520S
O75564	Q431R
O75564	V366M
O75564	T30M
O43653	G112S
Q6UXB3	A20V
P15538	P94Q
P15538	P42R
P15538	P42T
P15538	P42A
O94772	A113V
Q8IV16	G5R
Q8IV16	G156S
Q8IV16	R182G
Q9H7X3	G128S
Q8NHW3	H151Y
Q8IXZ2	P833S
Q8IXZ2	R508C
Q8IXZ2	A234T
Q8IXZ2	A141V
P57764	M266K
A6NGR9	R648Q
A6NGR9	G632S
A6NGR9	A268V
Q6XQN6	R503Q
P29692	A183S
Q53EQ6	S442G
O75123	T98A
Q96C28	M3V
P0CW27	A428T
P0CW27	S328L
Q53GL7	E1005K
Q53GL7	R502Q
Q53GL7	T280A
O43292	T105M
O43292	V181I
O43292	A477P
O43292	P609L
P08574	E88D
Q9H0F6	S17F
Q9H063	E80D
Q8NDA8	R39Q
Q8NDA8	R205Q
Q14137	V503I
Q14137	G93R
Q00613	S249G
O75907	V214I
O75907	A133T
O75907	A50V
Q8N531	S466G
Q8N531	T420M
Q8N531	P345L
Q8N531	G84R
Q9HAB3	S52P
Q9HAB3	C325R
Q3MIX3	T164I
Q3MIX3	R290Q
Q6P5W5	G46S
Q6P5W5	A20V
Q96AC6	A815T
O75593	L44V
Q96I34	V206L
Q96I34	N386D
Q96I34	H445D
Q96ES6	A48T
Q96ES6	R345H
O94761	F1155L
O94761	W1135R
O94761	E1029G
O94761	S1079I
O94761	C403S
O94761	A133V
O94761	D29E
Q15048	R331Q
Q6P1X6	A171T
Q9C0H5	K444R
Q9C0H5	G236S
Q9BRH9	R556H
Q8IZ26	L4H
P15622	T482A
P17020	M294V
P17020	S93P
P17020	R30H
A8K0Z3	P152L
Q8NF50	A849T
Q8NF50	V852L
Q8NF50	V1027I
Q9Y5R6	K103R
Q9Y5R6	M115K
Q9NQL9	Q119P
Q9NQL9	A225V
Q9NQL9	A429T
Q9Y5R5	P34T
Q9Y5R5	D49H
Q9Y5R5	A97S
Q9Y5R5	T106S
Q9Y5R5	A150S
P98155	R44H
P98155	S495T
P98155	C715Y
Q15397	L60P
Q8NEA6	L288V
Q14641	R117H
P04090	D25A
P04090	F6L
Q9HBL7	N23S
Q9BQ51	I55L
Q9BQ51	V199M
Q4ADV7	S446Y
Q4ADV7	S455R
Q5HYC2	L1862V
Q5HYC2	V1306L
Q5HYC2	I1173V
Q5HYC2	K1067R
Q96J77	V112M
P23468	Q437E
O75970	P1158L
O75970	P788T
O75970	C119S
O75970	P117A
O00712	P345T
O00712	V257L
O00712	K114E
O00712	R37L
O95813	N38S
Q92966	S12G
Q92966	G23S
Q6TFL3	E498D
Q6ZN30	A1006V
Q6ZN30	M429I
Q6ZN30	T151M
Q6ZN30	S22G
Q9NXG0	I645V
Q8N6G6	V1477M
Q8N6G6	N1523S
Q8IYX7	V93I
Q7Z4H7	T898M
Q7Z4H7	L813P
Q5VZ89	R889H
Q9UI40	V589I
Q9UI40	E108K
Q5VW36	R538Q
Q5VW36	Q867R
Q5VW36	E1112Q
Q5VW36	S1253N
Q5VWC8	V67I
P05000	R190G
P01568	V137E
P05014	G45R
P01567	M155T
P01567	R33G
P05015	F108L
P01571	M129V
P01571	T74A
P01570	M84I
P01569	D55N
Q9P2J3	D471G
Q9P2J3	C465Y
Q9P2J3	M380I
Q9P2J3	A331V
Q9P2J3	Q42E
P05013	T155K
P05013	V98A
P05013	L49P
P01563	I86T
P42771	R87C
Q5VZB9	G177S
Q5VZB9	I490V
Q2TAM9	P207S
Q9H8G2	A230T
Q9Y263	L552F
Q96LB3	G58D
Q96LB3	M222T
Q96LB3	E243Q
Q96LB3	P488L
Q96LB3	H551Y
Q02763	K294Q
Q02763	P304L
Q02763	N318S
Q02763	H866Q
Q02763	Y897N
Q02763	T1037K
Q02763	C1040R
Q9NS56	S1002N
Q9NS56	Y836C
Q9NS56	R683W
Q9NS56	L574V
Q8IZX4	T1677M
Q8IZX4	I1618V
Q68D42	V179I
Q99933	A49V
Q12986	M898I
Q12986	V1066I
Q5T6F2	M643T
Q5T6F2	V207G
Q5T6F2	S128A
Q9NZ09	E418K
Q9NZ09	Q422R
Q5T7B8	T1193P
Q5T7B8	S1068L
Q5T7B8	G1036E
P50583	E58D
Q6NSJ0	M355R
Q9UI46	M269V
Q9UI46	R332C
Q9UI46	G497V
Q9UI46	A538V
Q9UI46	I609V
Q99720	E213K
Q14626	R261H
Q14626	H289R
Q14626	R355W
O75953	G75S
Q5VYM1	S979R
O15287	G546S
O15287	A413V
O15287	A188P
O15287	S10F
Q8TEQ8	I855V
Q8TEQ8	V779L
Q8TEQ8	R615Q
O14795	M240V
O14795	Q273E
Q15569	R188Q
P21854	G227S
Q8WV48	G3S
Q8N4T4	G7S
Q16790	I313V
P07951	D258V
P07951	R160L
P07951	E122K
O43889	L53F
Q9HCG7	R451Q
Q9HCG7	Q403R
P20594	P93T
P20594	G150S
P20594	P689S
P20594	D706H
P20594	R749W
Q9BX68	A4V
A6H8Z2	T123A
A6H8Z2	I6V
Q8NGT2	A301T
Q8NGT2	R89Q
Q8NGT2	T68I
Q8NGT2	V59M
Q6UXD1	G35R
Q6UXD1	R74H
O95980	V760I
O95980	H796Y
Q9H0F5	A2T
Q14680	L381S
Q14680	R389Q
Q02548	G85R
Q8N3Z6	V76I
Q8N3Z6	A222G
Q9UBQ7	C57Y
Q9UBQ7	R124C
Q9UBQ7	S209F
Q9UBQ7	V213I
Q9UBQ7	E223K
Q9UBQ7	L282F
O15062	N419S
Q6PF06	R312Q
Q9NQT5	G235R
Q9NQT5	D161G
Q9NQT5	M1R
Q5QP82	G33R
Q8IVF6	E886D
Q8IVF6	S348N
Q9BZ76	R413Q
Q96NU0	R414H
Q96NU0	S361T
Q96NU0	V343I
Q5VU36	R88L
Q5VV16	T396M
Q5VV16	R146C
Q6VB84	A6T
Q6VB84	P255L
Q6VB84	A289D
Q6VB84	T397M
Q6VB84	P416R
Q15124	G215S
Q15124	I227V
Q8N6L7	T129M
Q8N6L7	D35N
Q16595	T23I
Q16595	L156P
Q7Z304	N283S
Q8IY18	V79I
Q8IY18	R428K
Q9HCF6	Y1004C
Q8TDI8	K65E
Q8TDI8	I266T
Q8TDI8	G417E
Q8TDI8	P566A
Q8TDI8	I677T
P00352	T6M
Q9BX84	R1772Q
Q9BX84	V1327A
Q9BX84	K653N
Q9BX84	Q548R
Q9BX84	D252E
P50148	Q209H
P50148	R183L
P50148	G48V
Q5JTW2	L150S
Q5JTW2	N237S
Q5JTW2	A659P
Q6ZUB0	N714S
Q6ZUB0	G803E
Q6ZUB0	C859S
P0C874	E791D
P0C874	I858M
P0C874	C859S
P0C874	P861S
Q6ZQQ2	S51L
Q6ZQQ2	R294H
Q6ZQQ2	L636V
Q6ZQQ2	N1240H
Q6ZQQ2	V1323I
Q8IZ41	V647I
Q5T6J7	T89M
Q86VH2	M153V
P61978	R414C
P61978	D346G
P61978	V192G
P61978	I151N
Q9H9A7	P24L
Q9UPW5	V185I
Q8NBJ4	R276Q
Q5VYS8	S718R
P54826	G320C
P54826	S318G
P54826	P310S
P54826	E60Q
Q99500	R13P
Q96T21	N287S
Q92854	R785C
Q13825	G186C
O15269	R329Q
O15269	C133F
Q76FK4	A1103V
Q76FK4	A114T
Q5JVG2	R77C
Q5JSP0	L149P
Q5JSP0	R645Q
Q9Y3S1	P865A
Q9Y3S1	V1718A
Q9Y3S1	S1737L
Q9Y3S1	A2212T
Q9Y3S1	A2238T
Q9NZB2	A1071T
O75151	P109S
O75151	N641K
O75151	S782N
O75151	V1048I
A2A3K4	M324V
A1L443	R464P
A1L443	M261V
P09467	L329P
P09467	G294E
P09467	N273S
P09467	M249L
Q00597	G106R
Q00597	M1T
Q13635	P1315S
Q13635	E1273A
Q13635	V1269L
Q13635	Q1253P
Q13635	M1058V
Q13635	P1201L
Q13635	G1012R
Q13635	V1116L
Q13635	G1093R
Q13635	R942W
Q13635	W926S
Q13635	D857G
Q13635	S554R
Q13635	A507V
Q13635	P504L
Q13635	Q501H
Q13635	L487R
Q13635	V343M
Q13635	E339G
Q13635	C304R
Q13635	E237K
Q13635	R195K
Q13635	W129R
Q13635	E126D
Q13635	A118T
Q13635	K69N
Q13635	S18C
Q5T890	P3Q
Q5JVS0	G194S
Q5JVS0	P255L
Q9Y2H8	H228Y
Q6ZMW2	S143P
Q6ZMW2	A141V
Q5VZR2	S535C
O60911	N320D
O60911	R171H
Q8NHU6	R684H
Q9BXL5	S187P
Q14142	D173N
Q92828	V471I
Q9BYX2	V788I
Q9BYX2	I454M
Q9BYX2	P188T
Q68DC2	K714N
Q68DC2	R578C
Q68DC2	A515V
P39059	M389V
P39059	D457G
P39059	S601L
P39059	T734A
Q9H553	V266M
Q92570	G585R
Q9Y283	R638Q
Q9Y283	R861T
Q14032	A119T
Q8TCU5	V457I
Q8TCU5	A117T
Q14093	A34S
Q14093	R71H
Q14093	A331E
Q14093	N334D
Q8NGS5	T228M
Q8NGS5	I78V
Q8NGS8	R244H
Q8NGS8	P237A
Q8NGS8	L223V
Q8NGS9	R314S
Q9BS92	R120H
Q8WWI5	T531A
Q9BXM9	N121S
Q9NVV0	A114V
Q9NVV0	V165L
Q9Y614	A308V
Q9Y614	P274L
O95163	I641V
O95163	Y371C
Q9H330	I410V
Q5JTZ5	N77S
Q4LDE5	R3285G
Q4LDE5	S3079G
Q4LDE5	T2902M
O15146	D38Y
O15146	G420E
Q8TF39	I170V
Q8TF39	A425T
Q8N8K9	I280V
Q9Y6Q3	K224N
O15432	A24T
Q5T1M5	S1075L
Q8NA23	I246V
Q8TAL5	S159L
Q96FN5	P512A
Q96FN5	R377Q
Q96FN5	V62L
Q9P202	P624S
Q9P202	P509A
P32971	V186I
Q13219	D396E
Q13219	V449M
Q13219	V573I
Q96SN8	A1358V
Q96SN8	D1195E
Q96SN8	R908Q
Q96SN8	K886E
Q96SN8	P35A
Q9H1U4	P265L
Q16401	P354S
Q13077	V289I
Q13077	R129Q
Q7Z7A1	R1274Q
Q7Z7A1	P1299R
Q7Z7A1	S1500L
Q7Z7A1	D1990E
Q8NGR4	R174C
Q8NGR4	G245C
Q8TEH3	G618R
Q9HC98	S14P
Q68BL7	K157R
Q5JTN6	R304C
Q92805	R515Q
Q92805	A388V
Q7Z6M1	T306M
Q5VVW2	Y754C
Q9NY64	V353M
P61764	M1R
P61764	V18M
P61764	K24E
P61764	W28G
P61764	C45F
P61764	I55T
P61764	T56R
P61764	E59K
P61764	C110R
P61764	R122Q
P61764	Y145C
P61764	I168V
P61764	A177T
P61764	L179H
P61764	D207G
P61764	D234G
P61764	S241T
P61764	S241Y
P61764	Q250E
P61764	D262V
P61764	D262E
P61764	G270V
P61764	R275W
P61764	D286N
P61764	L287P
P61764	A297S
P61764	L348P
P61764	T401I
P61764	G417R
P61764	I427M
P61764	A430S
P61764	I439F
P61764	E470K
P61764	K483R
P61764	G529S
P61764	G543R
P61764	V545M
P61764	C552Y
P61764	A517P
P61764	G568R
Q8NEE8	D200G
Q8NEE8	R419H
Q8NEE8	T431M
Q8NEE8	I749T
Q8NEE8	R766Q
Q8N5H7	R227H
Q8N5H7	G109R
Q05932	A498T
O94777	G66E
Q9H7Z7	A376V
Q08379	H900Y
Q08379	R498Q
Q08379	R408Q
Q9Y3A0	D68N
Q9Y3A0	T77I
Q9Y3A0	A256V
Q53GS7	V56I
Q53GS7	A658D
Q01105	N101S
Q01105	T186M
Q6P5Z2	P271L
Q6P5Z2	R284H
Q6P5Z2	R529C
Q9UPQ8	I371N
Q9UPQ8	L342F
Q5SRE5	G6A
Q5SRE5	A895T
Q5SRE5	E1260D
Q7L4E1	T9M
P43155	A600P
P43155	R615L
P43155	D128E
Q5T953	G320E
Q9NWX5	R244Q
O14656	K320E
O14656	K309N
Q96RU3	A459T
P00966	P96T
P00966	R307S
P00966	Y359H
P00966	R404H
Q96I24	A335V
Q9H4Q4	M262R
Q13868	R285H
P83859	G89R
Q8N539	R346H
Q8N539	T237N
P35658	I310V
P35658	I336F
P35658	N1282T
P35658	M1487V
P35658	T1725A
Q9Y6A1	E44K
Q9Y6A1	G495R
Q9Y6A1	Y610C
Q13905	N792S
Q13905	G471S
Q96CW9	F141S
Q15361	N383S
Q15361	P358S
Q15361	P326S
Q6ZQR2	L11P
Q96MA6	S84N
Q96MA6	E40K
Q96MA6	T4A
Q5VTD9	F50L
Q5VTD9	T174A
Q5VTD9	G198S
Q5VTD9	R231L
P19835	A21S
Q12967	A618T
Q8N5D6	A233T
Q8N5D6	G139R
Q8N5D6	R141Q
Q9NPH6	T159M
O75683	A141T
O75683	R58Q
Q15526	S286P
Q15526	Y274C
Q15526	G260E
Q15526	G195D
Q8NE28	F582L
Q9GZR2	V395I
Q86TH1	R113C
Q86TH1	R113L
Q86TH1	V118I
Q86TH1	R166C
Q86TH1	G168S
Q86TH1	G267V
Q86TH1	G411S
Q86TH1	R427L
Q86TH1	A448T
P09172	E70G
P09172	G185S
P09172	V585G
P09172	S611N
Q9UL12	H871R
Q9UL12	D862N
Q15059	T545A
Q15059	V227I
Q5T8A7	A95T
Q5T8A7	A459V
Q5T8A7	Q560P
Q5T8A7	R739Q
Q5T8A7	R1052K
Q9Y399	T30N
Q9Y399	S52L
P31025	R78Q
P31025	K139E
Q9NY56	L146F
Q9NY56	H149R
P09466	M174T
Q7Z4J2	E125Q
Q7Z4J2	V55I
Q8WX39	V88M
Q5JUK2	A275V
Q5JUK2	D130N
Q5JUK3	R8G
Q5JUK3	L437I
Q5JUK3	R1081Q
Q5T5Y3	V1221I
Q5T5Y3	E1155D
Q5T5Y3	T570I
Q5T5Y3	T466N
Q9BSL1	Q215R
Q6ZRP7	R206H
Q9H257	R475W
Q9H257	C402R
Q9H257	V385L
Q10713	A7E
Q10713	E475D
Q9UHF1	G37R
Q9UHF1	Q227R
Q6JVE9	R142Q
Q6UWW0	A15V
Q3YEC7	A306T
Q3YEC7	P379L
Q3YEC7	G434S
Q3YEC7	D588E
Q3YEC7	A618T
Q12933	A264V
Q969U6	N426S
Q6JVE5	R120Q
Q6ZST4	A75V
Q9BZC7	R1297H
Q9BZC7	R513H
Q9NQX5	H36R
Q86UD0	R290Q
Q3KQV9	E55A
Q9UKM7	S153L
Q9UKM7	R334H
Q9UKM7	V488M
Q05586	T8M
Q05586	N47Y
Q05586	R52P
Q05586	P96S
Q05586	T103I
Q05586	R115G
Q05586	R187H
Q05586	D198N
Q05586	S222F
Q05586	G274S
Q05586	R337H
Q05586	V338L
Q05586	N350S
Q05586	R359C
Q05586	Y367H
Q05586	V479L
Q05586	K483Q
Q05586	V514L
Q05586	S553L
Q05586	M555I
Q05586	Q556R
Q05586	Q556H
Q05586	S593C
Q05586	W611L
Q05586	S617F
Q05586	G618S
Q05586	I619M
Q05586	G633V
Q05586	M641L
Q05586	M641V
Q05586	A652V
Q05586	N674I
Q05586	Q696L
Q05586	A715E
Q05586	V793F
Q05586	R794W
Q05586	R794G
Q05586	R794P
Q05586	M818R
Q2I0M4	L221R
Q9UHB4	R541H
Q8N130	T243M
Q8N130	G406V
Q8N130	M512T
Q8N130	I593M
P68371	D26H
Q6J272	R188H
Q6J272	A163T
Q6J272	P138L
Q9NXH8	A342T
Q9NXH8	D377E
Q8N9H8	D807N
Q8N9H8	E762K
Q8N9H8	R594Q
Q8N9H8	A122V
Q86UR1	V197M
Q86UR1	V275A
Q5MY95	R321Q
Q5MY95	T120M
Q6X4W1	T317I
Q6X4W1	A141T
Q6X4W1	G94S
Q6ZV29	G1184S
Q6ZV29	V780I
Q6ZV29	V414M
Q6ZV29	A18T
Q9BTV6	D428N
Q8N5I2	L297P
Q8N5I2	R342Q
Q8N5I2	T348A
Q15326	A2T
Q15326	R168S
Q15326	C258W
Q15326	D253E
Q15326	R599H
Q9Y2E4	S640R
Q9Y2E4	D246N
Q9Y2E4	S5N
Q9Y2I8	T125A
Q9Y2I8	S136C
Q9Y2I8	T180M
Q9Y2I8	V316I
Q9Y2I8	N415S
Q9NS39	R259H
Q9NS39	G252R
Q9NS39	P83L
Q01813	K737Q
Q96JD6	L186W
Q04828	L40W
P52895	V122I
P17516	R76T
Q969E3	G46S
Q969E3	A51T
P50395	Y203C
Q6P6B7	A208P
Q5VUG0	G783R
Q5VUG0	A391T
Q5VUG0	N9S
Q86UX2	P596Q
Q86UX2	G394E
Q86UX2	T242S
Q86UX2	R114K
P19823	R50Q
Q5VWG9	T327M
P23771	T271I
P23771	R275W
P23771	R298W
P23771	R298L
P23771	N319S
Q92738	S561N
Q92738	P416L
Q92738	V382I
Q96HY7	R407H
Q96HY7	S654C
Q9BQI4	A170V
Q96CV9	E259D
Q96CV9	Q467P
Q7L590	V350I
O14832	D177N
P78345	A97G
P53708	A1027T
P53708	I781V
P53708	M498V
P53708	V446I
P53708	P161Q
O14717	A311T
B0YJ81	G232R
B0YJ81	T25R
Q92783	N376S
Q504Y0	R4W
Q504Y0	P43L
Q08289	R216C
Q08289	K645N
Q8TEA1	A345V
Q8TEA1	I3V
O76041	H884Y
O76041	V717I
O76041	R53H
Q1XH10	C671F
Q96KC8	L451P
Q5T5U3	N510S
Q8NEV4	T302M
Q5T2R2	E386G
Q3KNS1	R292G
Q3KNS1	A136S
Q9NP72	D31E
Q6UWQ5	R85H
O95425	S668L
O95425	K378T
O95425	P275S
Q9NVV4	I578V
Q9NVV4	R503Q
Q9NVV4	K488N
Q9NVV4	S336I
Q9NVV4	V163I
P41279	R59C
P41279	S427L
Q7Z4V0	R787Q
Q7Z4V0	P142S
Q8IWW6	S176L
P33176	L537P
P33176	L498P
P33176	A406T
Q96M83	T9A
Q96M83	E145A
Q96M83	G826S
P05556	G387S
O14786	G20S
O14786	V15A
Q8TEW0	V1101I
Q8TEW0	H314Q
Q96KN9	G267V
Q9H461	G646D
Q9BXX3	D1187N
Q9BXX3	S1241N
Q06730	V232I
Q14692	G455R
Q16600	C11Y
Q9H2L5	R89Q
Q9Y4E1	E26D
Q96P64	T334S
Q96P64	M179T
Q68DX3	R775C
Q68DX3	P226L
Q7Z5H3	L564P
Q8IW00	V179M
Q96QU1	I838T
Q96QU1	P393L
Q96QU1	F378L
Q96QU1	D139E
Q96QU1	S19T
Q00059	Q108E
Q00059	E208K
Q8NE31	A379V
Q6ZUK4	Q199E
Q8IZC4	N581S
Q96SZ5	G29S
P11161	D411Y
P11161	H384Q
P11161	R381L
P11161	T255S
Q15652	L2390V
Q15652	L1143F
Q15652	N1002H
Q15652	P602A
Q9UI47	S685N
Q9UI47	V398I
Q9UI47	T240A
Q9UI47	S56R
Q9UKB3	M1I
Q86TC9	V398A
Q86TC9	P681S
Q86TC9	T793A
Q86TC9	M855V
P51530	N568S
P51530	P328A
P51530	S307T
P51530	I130V
P51530	L48P
Q8NFU7	R222C
Q8NFU7	V426A
Q8NFU7	Q1072K
Q8NFU7	K1722R
Q8NFU7	A1896V
Q8IX12	D692E
Q6ZVD7	M224V
Q6ZVD7	G403R
Q9NR30	P159L
Q2TB90	G698D
Q2TB90	R723Q
P21452	A211V
Q9Y4Z2	T124R
Q9Y4Z2	R95P
Q5TAT6	D405Y
Q5TAT6	V525M
Q9GZQ6	T218A
Q96S42	P182L
Q9ULE6	V111M
Q9ULE6	P404L
Q9ULE6	V417I
Q8WXS8	V302A
Q8WXS8	P905L
Q8WXS8	R1147Q
Q8WXS8	P1171L
Q96M53	R27H
O95470	Y15C
O95470	Q89H
O95470	V294I
Q8IZJ1	A393V
P07602	C241G
P07602	C230G
P07602	C198Y
P07602	M1R
Q92563	A17T
Q9NXW2	G292S
Q8WWZ8	V20M
Q8WWZ8	R540H
Q86X67	R70Q
O95905	S436P
Q96BN6	D311N
Q5T0N1	H372Y
Q4VC12	R329K
Q4VC12	G254E
Q70EL1	T1292M
Q70EL1	P1279S
A6NIR3	I4T
A7E2V4	N710S
Q9H2I8	H11P
Q9H2I8	R156H
Q12791	F615L
Q12791	L192I
Q12791	A138T
Q8TDM6	V1431M
Q8TDM6	A1212V
Q8TDM6	V928A
O14802	G1358E
O14802	E577K
P62847	M1T
Q8IWL1	Y186C
Q8IWL1	A154P
Q8TBM7	R92Q
Q8TBM7	R117Q
Q00266	Q208P
Q00266	I37T
Q96IM9	V165I
Q9H3K2	M280V
Q9H3K2	K300R
A6NDA9	R498C
Q9P2V4	I537V
Q9P2V4	A121T
Q9H7U1	N167S
Q9ULK0	M430V
Q9UHM6	R41Q
Q9UHM6	A182V
P36894	G99R
P36894	C100Y
P36894	H344D
P36894	M470R
P36894	R478G
Q9H8L6	R699Q
Q9H8L6	K64R
O76070	A89V
P00367	K503E
P00367	G499A
P00367	I485T
P00367	R151S
P00367	H315Y
P00367	A287T
P00367	Y247H
Q8IVF1	A170V
Q8IVF1	P759S
Q9UNW1	S114P
Q9UNW1	G118R
O95340	R129H
O95340	R190C
O95340	L526P
B2CW77	R27P
B2CW77	R21Q
Q5VYX0	N232S
Q5VXJ0	I158V
Q5VXI9	S132L
Q5VXI9	G200D
Q5VXI9	V347I
P62736	R39S
P09913	K234R
O14879	A336T
Q5T764	T193I
Q6ZSM3	R431W
Q6ZSM3	S406C
P78346	A228V
Q15327	R100K
Q8NE35	V226A
P14735	I978V
Q9NZM1	N1754D
Q9NZM1	H1251Y
Q9NZM1	T485M
Q5NUL3	T200S
P51160	R102Q
P51160	K160N
P51160	T336M
P51160	I826T
Q70Z53	I227V
Q2M3R5	V264F
Q9P212	P371L
Q9P212	L551F
Q9P212	M1111T
Q9P212	N1704S
Q8WTT2	S781N
O60347	K361R
Q9NRZ9	R53C
Q9NRZ9	M1T
P10632	V248I
Q6P461	V176M
Q9BX66	G1178S
Q9BX66	R974H
Q9BX66	T964M
Q9BX66	S259L
Q9BX66	N140S
P54886	A492V
P54886	A461T
P54886	A160S
P54886	S134F
P54886	R126H
P54886	V26I
P54886	F13I
Q6NUS6	S206P
Q6NUS6	M1T
Q6NUS6	M1R
Q6NUS6	M1V
Q6AHZ1	I87V
Q6AHZ1	V427L
Q8WV28	A240V
Q8WV28	T210A
P04053	R411H
Q9Y6L7	R988H
Q6ZUJ8	M771V
Q6ZUJ8	N498D
Q6ZUJ8	T171M
Q5JTH9	R1157K
Q5JTH9	D725E
Q96T76	I624V
Q96T76	R160Q
Q5T4F4	R114W
Q5T4F4	V102M
Q7Z5L2	D445G
Q7Z5L2	E526K
Q8N2H3	V454I
Q8N2H3	A179V
Q92902	L514P
Q92902	L668P
Q92902	A470V
Q92902	W448C
Q92902	G280D
Q92902	P303S
Q92902	G313S
Q92902	A236V
Q92902	A226V
Q92902	L239P
Q92902	A93T
Q92902	A93S
Q8WWQ2	T327I
Q8WWQ2	Y211H
Q7KZN9	F280S
Q92887	Q267R
Q92887	M822I
P15169	A90V
O15111	N733S
O15111	E353D
O15111	R343H
O15111	A11V
Q9NQW1	L945P
Q9NQW1	I801V
Q9NQW1	R610C
O95169	V149M
O95169	S125T
O95169	P123R
O95169	P104L
O95169	D67N
Q02962	T75I
Q02962	P80Q
Q02962	R140W
Q02962	R140Q
Q02962	R266Q
Q9Y297	P592R
Q9Y297	R598Q
Q9UGP5	R484W
Q86YV9	S60A
Q86YV9	E715D
Q5VV67	G59D
Q5VV67	D357N
Q5VV67	P451L
Q5VV67	M1402V
Q14978	A157V
Q14978	T258A
Q9HB03	I241V
Q14CX5	R255Q
Q9UMX1	T13A
Q9UMX1	D47A
P36405	P135L
Q96NB2	R18C
Q96NB2	R41Q
Q9H8M5	S145G
Q9H8M5	T331I
Q9H8M5	V771I
P49902	L468P
Q14690	N1515S
Q14690	A1554G
Q5TCZ1	G640R
Q9H668	R336H
Q9H668	A270V
Q9H2G2	N631S
Q86XK3	V210M
Q8NDM7	V667I
Q8NDM7	C191Y
Q5T655	R696C
Q5T655	T841R
Q5T655	D845E
Q9UPU3	D975N
Q9UEY8	A350V
Q9UEY8	A588T
Q9UEY8	V591F
P50539	P38L
P50539	P48S
A8MTZ0	R31Q
Q9UQ13	G53R
P08913	E155K
Q9HCL2	I760V
Q9NQB0	P500T
Q14520	V281I
Q86VF7	D966G
Q5SXH7	R128C
Q5SXH7	R128L
Q6PJP8	H871R
Q6PJP8	E511D
Q6PJP8	Q480H
Q6PJP8	H109R
Q8NBF2	M145V
Q8NBF2	D372G
Q9BXT4	S815P
Q8WWH5	V9M
P0C7W6	Y80C
P16233	Y58H
P16233	T59A
P16233	I186T
P16233	M414K
O43301	G268S
A6NNW6	V100I
Q7Z418	R10G
Q7Z418	G47S
Q7Z418	C110R
Q7Z418	Y163D
Q05940	T62M
Q04743	S242N
P49683	V196M
Q6P4A7	T120M
Q6P4A7	T9M
O95817	S56P
Q9Y2H2	N993S
Q9BTE3	N179S
Q9BTE3	H95R
Q9BZH6	L2F
Q9BZH6	Q867R
Q32M84	A433V
Q32M84	V440I
Q32M84	T485I
Q9HB21	N124H
Q9HB21	N317S
Q92743	R166C
Q92743	Q259E
Q92743	G283R
Q92743	R302Q
Q92743	A425V
Q9H5V7	M371T
P45954	C308Y
Q8N436	R469Q
Q8N436	R204K
Q8N436	R129H
Q7LFX5	Q24R
P04181	L294H
P04181	M1V
Q9UD57	P121R
Q14153	V218M
Q3B7T1	A1137T
Q8N119	F551L
Q8N119	V119G
P10746	Q186K
Q9P287	S5P
Q9P287	E11G
Q7L7V1	G112S
Q7L7V1	E36D
Q7L7V1	R16C
Q7L7V1	L6V
O43184	T882S
O43184	R824Q
O43184	A109T
Q14185	M1677I
Q8NCR9	R208Q
Q8NCR9	V187I
Q8NCR9	T127M
P23469	T322M
O14531	K415R
Q86UX6	R470H
Q9C0I9	E54Q
Q9C0I9	Q457P
Q8IYW2	R2591W
Q8IYW2	V2418I
Q8IYW2	I2327V
Q8IYW2	A2294V
Q5T230	A212T
O95231	Q13P
O95231	S160L
O95231	A165V
O95231	G222R
Q9BSJ2	H668Y
Q9BSJ2	A609T
Q6QHF9	R426C
Q5BIV9	G132S
P05181	F46L
P05181	N260S
P59044	H717R
P59044	G842S
P13164	H28R
Q76KP1	S57G
Q76KP1	A85V
Q76KP1	S334P
Q76KP1	Q460P
Q76KP1	E650D
Q9Y446	V271I
Q9BVG9	L202I
Q8IXW0	A26T
Q02833	A142V
Q92985	R420W
Q9HBB8	A808T
Q9HBB8	G751S
Q9HBB8	H734P
Q9HBB8	V315I
P09683	G94R
P21917	D293N
O75398	V563M
O75398	V548I
O75398	I403M
O75398	I403V
O75398	P384L
O75398	A329T
O75398	T312S
O75398	R295G
O75398	T280A
O75398	H275Y
O75398	L272S
O75398	R261P
O75398	D251N
O75398	K250E
O75398	F240S
O75398	F240I
O75398	I228F
O75398	G225E
O75398	G222R
O75398	G212C
O75398	V205L
O75398	M78V
O75398	A56E
Q9H6S3	G23S
Q9H6S3	A206S
Q9H6S3	S715R
P37837	D116V
Q9HB75	R731Q
Q96AD5	D166G
Q96AD5	D274E
P48509	K84N
P48509	V222I
Q8IWQ3	R399Q
Q8IWQ3	G578A
Q8IWQ3	T656M
Q8IWQ3	P728L
Q8IWQ3	T730A
Q13202	P320L
P07339	A166T
P07339	P8L
P48788	K106E
P48788	R174W
P45378	D3V
P45378	R74S
P07101	D498Y
P07101	R484C
P07101	S465P
P07101	S307Y
P07101	R252H
Q9P2W6	P14L
Q96QS1	R142W
Q9Y5U2	R106Q
Q9Y5U2	R131Q
P49918	R92S
P49918	R92K
P49918	A176P
Q96BI1	A213T
Q96BI1	A232T
Q96BI1	V395I
Q53GA4	A95T
Q99733	N294S
Q9H0X9	H876Y
Q9H0X9	V738M
Q9H0X9	S614R
Q9H0X9	R431Q
Q86SM8	C174Y
P52961	R185H
Q9GZZ6	R407H
P52948	H1705R
P52948	T1315A
P52948	A1057T
Q9UHJ9	M1V
Q9UHJ9	I38V
Q9UHJ9	S62L
Q13586	S88G
Q13586	Q188R
Q13586	S541G
Q13586	S541N
Q8NGK2	R268H
Q8NGK2	M221V
P19474	R91Q
Q8NGK3	K136T
Q8NGK5	H175R
Q8NH67	I184T
Q8NGK6	D56N
Q8NGK6	V152I
Q8NGK6	L305R
Q6AZZ1	H326R
Q6AZZ1	R203Q
Q6AZZ1	N77S
Q9NRE1	A17T
Q9NRE1	V18I
Q8NH60	A135T
Q8NH60	R153H
Q8NGJ4	R228H
Q9Y5P1	R125C
Q9H339	V133I
Q9H347	R148G
Q8IYU4	Y274C
Q8IYU4	P256S
Q8IYU4	W192R
Q8NGJ2	I35V
Q8NGF0	I53T
Q9C035	C376Y
Q9C035	N198K
Q8NH56	A234V
Q8NH54	R171H
Q8NH76	R134H
Q8NH76	I167V
Q96RD2	R302C
Q96RD2	A217T
Q96RD2	R55H
P02790	R166H
Q9NRX2	M18L
O95222	R298H
O95222	G88R
Q9UL58	P160S
Q9UL59	R585H
Q9UL59	A75T
Q86W24	M248I
Q86W24	R626Q
Q86W24	R881H
Q86SS6	V152I
Q8ND30	A418V
Q8NH74	G95V
P58181	R293Q
O00303	P7S
Q9BYT3	V312I
Q6IQ26	K477E
Q6IQ26	N277S
Q6IQ26	V247I
P52747	V348I
P52747	S495N
Q6PD62	E15K
Q6PD62	P25R
Q6PD62	E26Q
Q6PD62	E37Q
Q6PD62	C85Y
Q6PD62	S267G
Q6PD62	R864H
Q6PD62	R878Q
Q6PD62	E951D
Q6PD62	R1049Q
Q6PD62	C1052R
Q6PD62	G1098S
Q6PD62	E1150G
Q6PD62	N1157I
Q9UBP4	R292H
P28347	S233L
P01270	P71S
P01270	V66I
Q9HCB6	A25V
P62070	T138S
P62070	G71E
P62070	G24D
P62070	G23D
P62070	G23C
Q13370	V496I
Q13370	E606D
Q13370	R1056Q
Q6VVX0	T383A
Q6VVX0	W2R
P35712	P692S
P35712	W631C
P35712	R623Q
P35712	T544M
P35712	R408G
P35712	R345C
P35712	M312V
P35712	G179S
P35712	K155T
P35712	E140G
P35712	D68N
P35712	H44Q
P35712	A6V
Q6IQ23	N431S
Q6IQ23	R327H
P80303	H38Q
Q68D85	I50V
Q9Y6N9	Q406E
Q9Y6N9	G104R
P15172	R41L
P15172	S276P
P48547	R164W
P48547	T399M
P48547	L506V
Q9UGK8	I348V
Q96ER3	I249V
Q96LB0	S99N
Q96LB0	T298P
Q96LB0	Q310E
Q96LA9	E305G
Q9UPZ3	A728T
Q9UPZ3	Q320E
P00338	D82N
Q8IX04	M141L
Q68D10	R57Q
P54829	V120I
P54829	A77T
Q96LB2	C188F
Q96LB2	V32G
Q96LB1	V68I
P50461	M1T
Q9NPI8	S132G
Q9NPI8	M1I
Q9NPI8	M1L
Q8NI77	S883N
Q8NI77	L629P
Q8NI77	G269S
A6NJ78	G357D
P22459	D127E
Q96EB1	N109S
P19544	D207V
Q6ZVL6	A195V
P13987	C28Y
Q14444	L362F
Q8N961	I1021V
P04040	G390D
P04040	Q424R
Q9NZC4	P193H
O00330	M422I
O00330	R499Q
Q6UXH9	M514V
Q96DX7	E74D
Q9P000	T99A
Q6MZQ0	T139A
Q96AE7	N469S
Q96AE7	I481V
Q96AE7	R896S
Q4AC99	A87T
Q4AC99	H297Q
Q96QU6	C203Y
Q93063	R61H
Q93063	R182L
Q93063	T219A
Q93063	D227V
Q93063	D227G
Q93063	C318R
Q93063	Q391K
Q93063	V507I
Q93063	E548K
Q93063	D561H
Q93063	H669Y
Q9H161	R296Q
Q9H161	R244W
Q7L8C5	G57R
Q96A29	N297K
Q9Y5Y5	R287H
Q8N3Y3	R560Q
Q96BA8	A152T
Q96BA8	T155P
Q96BA8	T239M
Q96BA8	T514N
Q9C0C7	N1274S
Q9C0C7	A1096T
Q96MB7	I128V
Q9H9D4	K12R
Q9H9D4	N278S
Q9H9D4	P301L
P00734	G332A
P00734	E357G
P00734	V424M
P00734	G499E
Q14008	I1432V
Q92466	R67H
P11117	R356H
Q14896	I415V
Q14896	Y237C
Q14896	P161R
P17980	R304W
Q8WUK0	A163T
O75489	M1I
Q5U5Z8	V471I
Q12769	V137I
Q12769	A40S
Q8NH49	I171V
Q8NH49	M172I
Q8NGB4	I76T
A6NDI0	A247G
A6NDI0	V345F
Q8NGP0	C209F
Q96R67	N226Y
Q8NH70	S4N
Q8NGL6	T12I
Q8NGM1	A116V
Q8NGM1	L152F
Q8NGL9	R31L
Q8NH72	Y33C
Q8NGL2	R54Q
Q8NGL1	R230H
Q8NGL1	H270Q
Q8NGL0	Y257S
Q8NGK9	F105L
Q8NGK9	A162T
Q8N0Y5	G193S
Q8N146	D7N
Q8NH18	V174I
Q8NH18	H229R
Q8NG75	S280L
Q8NH51	T15M
Q8NGP2	I250V
Q8NH10	R193H
Q96RB7	S208N
Q6IEU7	C311R
Q6IEU7	R135K
Q6IEU7	V22E
Q8NGP9	C169Y
Q8NH87	R169H
Q8NH87	A210T
Q8NH90	M40V
Q8NH90	I208M
Q9C0C2	G1207S
Q9C0C2	S437G
O75387	I219V
P05155	T9P
P05155	E42K
P05155	V45F
P05155	T95I
P05155	A156T
P05155	G184W
P05155	T189N
P05155	C205Y
P05155	C205W
P05155	T214M
P05155	P312R
P05155	G345E
P05155	L349F
P05155	N362K
P05155	R366H
P05155	L396R
P05155	P399A
P05155	P399L
P05155	D408G
P05155	L425F
P05155	C428Y
P05155	A440V
P05155	V446M
P05155	S460P
P05155	F477L
P05155	R494Q
P05155	P498L
Q8NGF7	R163S
Q8NH48	F243L
Q96R09	V195A
Q6IB77	I35M
Q8WU03	M42L
Q8WU03	K35N
Q6SJ93	K309E
Q6SJ93	Y434S
Q6SJ93	E452K
Q6SJ93	F629C
Q8NGI9	G311R
Q8NGI9	V285M
Q8NGI6	R21W
Q8NGI6	R21Q
Q8NGI6	H64R
Q8NGI4	I68V
Q8NGI7	I125V
Q13277	R247G
Q13277	V286I
P20061	P410R
P20061	A394D
P20061	I372V
P20061	Y333S
Q96HJ5	T86I
Q9H2W1	I11V
Q96DS6	P75L
Q96DS6	P105L
Q96DS6	Q142R
Q96JA4	S219F
Q96JA4	G359D
P11836	L88I
P60852	A131T
Q9BVC6	A118T
Q24JP5	A552V
Q24JP5	G803D
Q8IY34	S281L
A5D8V6	I313T
P0DJD8	A313S
P0DJD8	L353V
P0DJD7	L353V
Q96DN2	T930A
Q16531	R388Q
Q16531	R114H
Q8NBI2	R5W
Q9NX18	S8P
Q9NX18	H93Y
Q7Z5V6	H170Y
Q9Y2G1	T97P
Q9Y2G1	E700K
Q9Y2G1	R920H
Q9Y2G1	V1073M
Q9NQS7	T207A
Q9NQS7	A271G
Q9NQS7	R693Q
Q13296	E78G
Q13296	F80L
Q6XE38	F71L
Q7L266	V33M
Q7L266	G130R
Q7L266	Q158E
Q9H6E5	E462D
Q9H6E5	A142V
Q32P44	S56P
Q03395	A86T
O94766	V251M
O94766	L224Q
O94766	M1T
O94766	M1V
O94766	M1L
Q9UBU9	I200V
Q6RFH5	T223A
P08195	N428S
P08195	M484V
P08195	A629V
Q4U2R8	R310Q
Q4U2R8	R298Q
Q8TCC7	V248I
Q8N4F4	T44I
Q6T423	L524P
Q6T423	G187D
Q6T423	K97E
Q63ZE4	A265V
Q6DD88	P218S
Q6DD88	D198V
O95197	V140I
Q86UX7	K48N
Q86UX7	L402F
Q86TN4	P126L
Q01970	S845L
Q01970	P904L
Q96N19	P387L
A6NC98	R378Q
A6NC98	V1431I
Q96S37	A193T
Q96S37	R342C
Q96S37	R256H
Q7LDG7	R573L
Q7LDG7	A356T
P11217	R490Q
P11217	A452T
Q15173	Q455K
Q9UQQ1	R638H
Q9UQQ1	D480G
O95159	N203S
E9PQX1	T20M
Q9UHR6	S88P
Q86TM6	V551A
Q86TM6	N541S
P07384	K328R
P07384	T346I
Q92785	A3G
Q92785	V8A
Q92785	R83Q
Q92785	L128R
Q92785	S151T
Q92785	W322R
Q92785	D346N
Q92785	D349N
Q92785	C356G
Q92785	C356S
Q92785	L377V
Q6B0B8	A424G
Q96KG9	L25P
Q8N3D4	R207Q
Q8N3D4	S476A
Q9H6A9	I2018V
Q96FS4	T776M
Q04206	L528I
Q04206	A420V
Q04206	R295H
Q04206	R278Q
Q92993	E129K
Q8TDP1	P138S
Q8TDP1	V14I
Q2VPB7	A867V
O14753	R121H
Q96NY9	R147Q
Q96NY9	G548S
O95967	D119E
O95967	R83C
P56202	Q244P
Q3SY00	R353Q
Q13435	S302L
Q13435	R350Q
Q9H0B6	R505C
Q9HCU0	A569T
Q9HCU0	S32G
Q13671	G44R
Q8NFJ9	M1V
Q8NFJ9	M1T
Q8NFJ9	M1I
Q6UX98	V153I
Q08043	I656V
Q9UBX1	V444I
Q9UBX1	A41G
Q9NVE4	R96Q
Q9BQ04	T258A
Q8IV01	R182Q
Q8TE77	D142E
Q8TE77	R600C
A5YM72	R178H
Q8TDT2	D444N
Q8TDT2	S435T
P57796	A23V
P57796	R124H
P57796	G207R
P57796	G240R
O00562	A581V
O00562	A581T
Q9NPB3	M218I
Q9NPB3	A42T
P49821	S21T
P49821	R52S
P49821	D118G
P49821	Y204C
O75333	E288K
Q96HD9	F301L
P48448	Q277R
P48448	V169I
Q9H1C4	V499M
Q9H1C4	F417L
O00217	R57P
O00217	E98K
O00217	D146N
Q13488	G410R
Q13488	F440S
Q13488	A601T
Q13488	A769V
Q96F05	R176Q
Q96F05	R176W
P50416	I653T
P50416	N509S
P50416	Y124H
P50416	V120I
P50416	M1R
Q96AM1	G130S
Q8NHX9	V219I
Q8NHX9	R384H
Q8NHX9	Q418R
Q8NHX9	G734R
Q9UPX8	A1594T
Q9UPX8	E1128Q
Q9UPX8	P888S
Q9UPX8	N55S
Q6IA69	C175Y
O95998	S34L
O95998	L78V
O95998	N147S
O95998	Q192H
O15357	F921L
O15357	R1164Q
Q9H078	N705S
Q9H078	T652M
Q9H078	D611N
Q9H078	G43C
O00408	D939E
Q96P48	R892H
Q96P48	V325I
Q8NAA4	A88T
Q8NAA4	M606V
P41231	R194H
Q96PE2	R388C
Q96PE2	M554V
Q96PE2	R935Q
Q96PE2	R949Q
Q969Z4	P390T
P59910	S7T
P59910	V91G
P59910	M309I
P55851	T229A
P55851	A150T
Q6PCE3	R237K
A6NK58	E207V
A6NK58	T190S
A6NK58	P139S
Q8NCN4	K535R
Q6P2D8	R552H
Q6P2D8	W451R
O94956	S420L
P0DKB5	S288G
Q8WTR4	L517F
Q8WTR4	A99T
P50454	Q56R
P50454	S76L
Q3SYC2	R65W
Q3SYC2	V115A
Q96PD7	R297Q
Q14392	S45L
Q8WUA8	V162L
Q8WUA8	E244Q
Q9NUN7	V52I
Q9NUN7	I181V
Q6W3E5	R157K
Q96T23	R1269Q
Q96T23	I460M
Q9BVK2	H160Y
Q9BVK2	P69L
Q9P2H5	T880A
Q96I59	H473N
Q96I59	S264C
Q96I59	I263T
Q96I59	I182K
Q6N022	V2614M
A6NEQ2	A374S
Q8IXT1	D208E
Q8IXT1	F245L
Q8IXT1	I777V
Q8IXT1	I838V
Q8IUX1	V28A
Q8IUX1	S42F
Q8IUX1	T112I
Q8IUX1	A168V
Q8IUX1	E230K
Q9H061	I163T
Q9HCH5	S390L
O75530	M256T
O75530	R414Q
Q9ULV1	T61I
Q9ULV1	Y58C
P53634	Y67H
P53634	S6A
P0CI25	N234K
A6NI03	R195L
C9J1S8	I309M
C9J1S8	R303C
A6NGJ6	Q405R
P0CI26	I62R
P0CI26	Q142K
P0CI26	N234K
P0CI26	A247G
Q9Y3Q0	K638R
Q9Y3Q0	I641T
Q8TDW7	V1165I
Q6YBV0	F491S
Q9H5J8	T212A
Q9NVC6	G74R
Q9NVC6	G253R
Q6MZM0	L500V
Q6MZM0	M682V
Q6MZM0	V823I
Q96RD7	A160V
Q96RD7	E390D
P49959	S681A
P49959	T627A
P49959	S605G
P49959	N556D
P49959	H129L
P22083	W115R
Q6B0I6	N262S
B2RXH2	I68V
B2RXH2	F203L
Q9BRL6	Y170C
O94919	C363Y
Q86XR8	I244T
Q13614	L396P
O94779	P283L
O94779	I501T
Q9Y210	K779N
Q9Y210	N765S
Q9Y210	I506T
Q9Y210	R399Q
Q9P2H0	K193R
Q9P2H0	R278Q
Q9P2H0	T461M
Q9P2H0	A777T
Q9P2H0	R963Q
Q9BRQ4	T3A
Q9BRQ4	L6F
Q9BRQ4	I30V
Q9BRQ4	A45V
Q9BRQ4	R252C
P46937	M86T
P46937	T119A
Q13489	R411K
P09237	G14S
Q9H306	N254S
Q9H306	P187L
P22894	D255N
P49662	S283P
P49662	N85S
P51878	R11H
P29466	H404Y
P29466	M264L
P48058	Q28P
P48058	H114R
P48058	D191E
P48058	A640T
P48058	R697Q
Q96BT7	G567E
Q96BT7	H474N
Q96BT7	E257Q
Q8N336	V94I
P24752	T38I
P24752	I44T
P24752	E88A
P24752	T168A
P24752	H397N
P24752	H397R
P24752	M422L
Q13315	K24N
Q13315	N338S
Q13315	W488R
Q13315	C693Y
Q13315	C977R
Q13315	G1002C
Q13315	E1031D
Q13315	H1568L
Q13315	E1592V
Q13315	S1770L
Q13315	I1823V
Q13315	L1874F
Q9C0D7	R28H
P10109	V180M
Q9P2F6	V767M
Q9NY30	S205L
Q6UX15	V349M
P30154	L7P
Q9H6U8	M516V
Q8WWB5	M230I
O14521	P81R
O14521	G106D
O14521	L107P
O14521	L64P
O14521	L75R
Q9BYV7	T16I
Q9H892	M48L
Q9H892	N286D
Q8NFD2	R459H
Q8NFD2	R736Q
Q8NFD2	P749L
Q9H3S3	R47C
Q9H3S3	R43C
Q9H3S3	M11V
C9JDP6	L222P
P40261	V160L
Q9Y3B8	I219T
Q96DL1	I34V
Q9BRD0	M515V
Q9BRD0	R268H
Q9BRD0	R232H
Q6Q788	R204H
Q6Q788	R94Q
P06727	T367A
P06727	E170Q
P06727	N127K
P02647	R197P
P02647	D192E
P02647	D181G
Q9Y2K2	T1159A
Q9UPV0	G378S
Q9UPV0	S771G
Q9UPV0	S1374G
Q13651	Y157C
Q13651	G472D
Q9NRS4	A44V
Q9NRS4	I276V
Q8IWT1	N160K
O60939	V166I
O60939	S64F
O60487	M1I
Q9NQC8	T181M
P48444	R257H
O43280	A242T
O43280	R152Q
P26196	A351V
P26196	T64N
P32302	V66M
Q86UU0	G1493S
O43826	S263N
O43826	G83E
Q9H3H5	L366S
Q9H3H5	R301H
Q9H3H5	V248M
O14523	D45G
Q9BQA5	P460S
Q9H172	A334T
Q9H172	D415N
Q86UT6	A927G
O75604	V315M
O75604	G257S
Q9NZN5	K135R
Q9NZN5	Q1279P
O75845	R6C
O75845	R214H
Q8NH79	I153T
Q6GV28	V21I
Q8NGN1	V249I
Q8NGN1	V84I
Q8NGN3	Q172R
Q8NGN5	A4T
Q8NGN5	C119Y
Q8NGN5	C222Y
O00534	V52L
O00534	L553F
O00534	A618T
Q15617	M124V
Q9GZM6	V165M
Q96RD0	R24Q
Q8NGG6	V38M
Q96QZ0	R165W
Q96IQ7	M298V
Q96IQ7	A260V
Q96MS0	F498L
Q96MS0	A1304V
Q8WZ75	R712H
Q8WZ75	G662D
Q8WZ75	E509K
Q8WZ75	R96Q
Q14CZ8	P39S
Q0P6D6	F322L
Q8TED4	A34T
A2RU14	A35V
P46977	I84T
P46977	R405S
Q4KMG0	G1214S
Q4KMG0	C1111Y
Q4KMG0	A679E
Q96CM3	S301P
Q96CM3	I264V
Q96CM3	R236H
Q96CM3	D228N
Q96CU9	A132V
Q96CU9	Q192E
Q96CU9	V231D
Q96CU9	R252H
Q96CU9	Y325C
Q8IZU9	S596P
Q8IZU9	D347N
P48048	R311Q
P48048	R311W
P48048	R184W
P48048	A101V
P48048	K26E
P48544	R39C
P48544	T158R
A7KAX9	C29S
Q96B21	T33K
Q96B21	V232I
Q6P4R8	P817T
Q6P4R8	V343I
Q9UP79	S190G
Q8TE58	S857G
Q92543	V856I
Q92543	R794H
Q92543	G565S
Q9P121	S320N
Q7Z5L4	H40Q
P42695	P1306A
P42695	G174R
Q9UKU7	M1I
Q9UKU7	G96S
Q9UKU7	S135T
Q9UKU7	N186S
Q9UKU7	S282F
Q8NCI6	A325T
Q8NCI6	H627R
Q8IW92	R39W
Q8IW92	G404E
Q9UPP2	A285T
Q9NSD5	V76I
P29375	R1428L
P29375	M1L
Q6L9W6	E91K
Q6L9W6	R483Q
Q6L9W6	M836T
Q7Z3S7	A867V
Q7Z3S7	D780N
Q7Z3S7	M747I
Q7Z3S7	I432T
Q8IZD4	R211H
Q8IZD4	T142A
Q13936	D199N
Q13936	V257A
Q13936	V396I
Q13936	A491S
Q13936	V618G
Q13936	L655P
Q13936	G705E
Q13936	Q788E
Q13936	I804T
Q13936	T819I
Q13936	N955S
Q13936	T1188N
Q13936	R1377C
Q13936	A1521P
Q969R8	G267S
Q08050	R122Q
O75386	N342D
Q15561	A203T
P30279	V284E
Q9GZV9	R176W
Q9GZV9	Q54H
O75969	Y518C
O75969	L472P
O75969	A446V
Q9NY28	A20T
Q3KR16	M201T
Q3KR16	D637N
P37088	V514I
P37088	L31P
P36941	R265H
Q15021	A2G
Q15021	P3H
Q15021	V590G
P46087	L740P
P46087	L650P
Q14839	A1876T
Q14839	N1762S
Q14839	T1542M
Q14839	S1537F
Q14839	R1406H
Q14839	R1340C
Q14839	K1335Q
Q14839	I1218T
Q14839	R1183C
Q14839	R1177H
Q14839	R1177C
Q14839	D1147E
Q14839	P1115L
Q14839	N1113S
Q14839	I1096T
Q14839	V1006G
Q14839	S883F
Q14839	R829H
Q14839	N789S
Q14839	T747A
Q14839	T529M
Q14839	G355D
Q14839	T349I
Q14839	P251A
Q14839	E147D
Q14839	D62E
Q14839	T48S
Q14839	N26I
P18627	G279E
P18627	R283H
P18627	R291Q
P18627	I335V
P16520	E226Q
P45974	P79L
P09871	A11S
P09871	A11V
P09871	K420N
P09871	P428R
P00736	I345L
P00736	K235R
P00736	E181G
Q9NZP8	V355I
Q9NZP8	M311L
Q9NZP8	H265Y
P82980	R10C
Q9NR16	R1118H
Q9NR16	A1012S
Q9NR16	M981V
Q9NR16	T574I
Q9NR16	A96T
Q9NR23	R170Q
Q7Z5D8	E105K
Q8TDB8	T60M
P11169	V164I
P11169	G50A
Q9P0K8	N561S
Q86YD7	G436A
Q86YD7	G287R
Q8WXI8	T160M
Q8WXI8	F201S
Q9GZX7	G125E
P78364	Q430K
P78364	R911H
Q96E93	A129D
Q07108	R32H
Q92478	S120N
Q5QGZ9	Y261H
Q6UXN8	F99L
Q6UXN8	E202Q
Q8NC01	L276S
Q8NC01	A42T
Q8NC01	H32R
P78380	Q28R
P26717	S127N
P16989	T20A
Q9NYW3	M260I
Q9NYW2	F189L
Q9NYW1	C194S
Q9NYW0	I176V
Q9NYW0	A145P
Q04118	R60P
Q04118	S24I
P10163	P74R
P02812	Q371P
P41212	A40V
P41212	V166M
P41212	S323C
Q9BZR8	R56K
Q9H8J5	P235L
Q9H8J5	M188I
Q13224	Y1474C
Q13224	I1446N
Q13224	I1388V
Q13224	T1383M
Q13224	M1372V
Q13224	N1365H
Q13224	A1359S
Q13224	M1331L
Q13224	S1323N
Q13224	V1322L
Q13224	L1317P
Q13224	A1315T
Q13224	R1241Q
Q13224	F1214S
Q13224	R1158L
Q13224	H1145Y
Q13224	E1101V
Q13224	R1099H
Q13224	D1054N
Q13224	S1050G
Q13224	P1028S
Q13224	S1017A
Q13224	S1015T
Q13224	V966E
Q13224	T942M
Q13224	K906R
Q13224	R903H
Q13224	A889T
Q13224	M851T
Q13224	M824I
Q13224	A819S
Q13224	M818I
Q13224	M818K
Q13224	S811C
Q13224	E804K
Q13224	C801Y
Q13224	C746W
Q13224	M739T
Q13224	A733P
Q13224	Y731C
Q13224	A717V
Q13224	M706K
Q13224	T691R
Q13224	E657D
Q13224	I655V
Q13224	A644D
Q13224	L643P
Q13224	S617T
Q13224	N615S
Q13224	G611R
Q13224	M562R
Q13224	A549V
Q13224	G543E
Q13224	G543R
Q13224	S541R
Q13224	R540C
Q13224	V536I
Q13224	G499V
Q13224	H486Y
Q13224	G459E
Q13224	E413K
Q13224	V376M
Q13224	N333S
Q13224	S320T
Q13224	M307R
Q13224	D211N
Q13224	S208F
Q13224	M207V
Q13224	E200Q
Q13224	I171V
Q13224	M142T
Q13224	S63F
Q13224	A26T
Q6VMQ6	P81S
Q6VMQ6	L379P
Q6VMQ6	S945N
Q6P4A8	R521H
Q6P4A8	V59I
Q5U649	P203T
Q16827	A11S
Q16827	N370K
Q16827	M376I
Q16827	V593M
Q16827	D1074E
Q12929	T317M
A6NIM6	Y242H
A6NIM6	C77Y
Q9HAU0	R391H
Q9HAU0	A976T
Q6ZN18	E101D
Q14432	D282E
Q14432	H504Q
Q14432	C707R
Q14432	T851A
Q9Y6L6	P370S
Q8WU10	Q28K
Q8WU10	E203G
Q8WU10	H208L
P46063	K544M
P46063	I271V
P46063	N259S
P46063	Y61H
P46063	N59S
Q15842	G238R
P01116	K147M
P01116	N116H
P01116	A18V
P01116	K5Q
Q8N9Z9	V266I
Q8N9Z9	I150V
Q14571	A1983V
A6NFE2	N10D
A6NFE2	I250M
A6NFE2	A277V
Q86W92	M241I
Q86W92	N570S
P82673	G43R
P82673	N44S
P12272	L15R
P12272	M1L
Q7Z6B0	V322I
Q7RTY7	R133H
Q8IUR5	Q707R
Q8IUR5	R252C
O15397	R879K
A1L157	G138R
A1L157	R173Q
Q96M96	P187S
Q96M96	I161V
Q96M96	V222I
Q9Y2Z4	R427Q
Q9Y2Z4	G244A
Q9Y2Z4	F185L
Q5BKT4	I73V
Q9UBJ2	R582C
Q12860	R276Q
Q12860	I516V
Q12860	G716R
Q12860	R766L
Q6ZMN7	V810I
Q4G148	R435T
P59510	N1828K
P59510	M438T
P59510	H304N
P59510	T152M
Q9H0K6	D51N
Q6ZNG2	A58P
Q99590	E1044D
Q99590	N451S
Q969I6	R361Q
Q969I6	D308G
Q9H6T3	K622R
Q9H6T3	L115V
P11473	R391H
P11473	V339I
P11473	G304R
P11473	V26M
P08237	V335A
Q96N77	S231R
Q9BUQ8	K711E
Q9BUQ8	R638C
Q9BUQ8	R36W
P61204	K127E
P61204	D93N
P61204	D67V
P61204	T32N
P61204	L12V
O00744	G181D
O00744	L18Q
O00744	G16D
P04628	M1I
P04628	G206D
O94850	R559Q
O43323	L335P
Q12815	R356Q
Q12815	N703S
Q8N4W6	Q298R
Q9ULD8	V377I
Q9ULD8	R914G
Q9HCH0	R1094Q
Q9HCH0	A907T
Q9HCH0	P862S
Q9HCH0	T464A
P41181	C75G
P41181	V83I
P55064	G176R
P55064	V212M
P55064	G241V
P55064	R265H
Q13520	A16V
Q96GM5	R68Q
P21695	R187C
P21695	I284V
Q9P265	F1298C
Q86WS5	V302I
P49281	R500W
P49281	T337S
Q6P1Q0	R213H
Q6P1Q0	R223H
Q6P1Q0	V254M
Q9UNI1	R199H
P78385	G489S
P78385	Q239R
P78385	D219E
P78385	V174M
P78385	S28G
Q9NSB2	P541L
Q9NSB2	R538Q
O95678	G501S
P48668	G538A
P48668	I523V
P48668	I493V
P48668	R386H
P48668	S143N
P13647	G539D
P13647	G539S
P13647	V323M
P13647	I183S
P13647	N177Y
P13647	E168V
P13647	R29H
Q3SY84	A400T
Q3SY84	S349L
Q3SY84	A13T
Q14CN4	D366N
Q14CN4	V281I
Q14CN4	G194R
P35908	V634M
P35908	G540S
P35908	T69S
P35908	R61W
Q01546	G540S
P12035	G601D
P12035	G95S
Q5XKE5	G53S
Q8N1N4	T429P
Q8N1N4	R391Q
P24592	H4Y
O75908	G17R
O75908	R256C
Q14674	L357P
Q14674	T1864A
Q9NRG9	S263Y
Q9NRG9	R119Q
Q8TDD2	P189S
Q9P1Z2	A371T
P55160	I58V
P55160	D66H
P55160	H73Y
P55160	T730M
P55160	P939S
Q13522	A104T
P81605	V99I
Q9HD90	A196T
Q8NGE5	V301A
A6NF89	T240S
A6NF89	V122I
Q9NZP0	N300S
Q6UX53	P126H
P82979	T3A
Q53FV1	M35V
Q6Y2X3	R389Q
P51687	P519R
P62854	M1T
P62854	C74Y
Q9BSJ8	A29T
Q9BSJ8	V844I
Q8TAQ2	P1113A
Q8TAQ2	L1102V
Q8TAQ2	M1060V
Q8TAQ2	E788G
Q6ZMH5	R130H
Q6ZMH5	L140F
Q6ZMH5	G238E
Q6ZMH5	S374T
P52630	G526R
Q9UNS1	A1155T
Q9UNS1	R395Q
Q9UIF9	I1641V
Q9UIF9	N1470S
Q9UIF9	L1354P
Q9UIF9	M1171V
Q9UIF9	P103S
O14756	A6V
Q8NEX9	R150K
Q8NEX9	R72Q
Q8NEX9	L19V
O75452	M203V
O75452	A94T
O75452	T81I
Q9UBC5	S1026G
Q9UBC5	R628C
Q9UBC5	R262Q
P34897	N30K
P34897	S29L
Q96MF2	R173H
P55103	G24S
Q9BRR9	P171L
Q96DN6	P84L
Q96DN6	A875G
Q13561	A225T
Q00973	R505H
Q00973	R505C
Q00973	R417P
Q13438	P301L
P43897	Q258H
O60669	Q111E
Q8IXR9	I379L
Q9UHD2	D118N
Q9UHD2	T599M
Q9UHD2	K622R
Q9UHD2	R724C
P15586	S537N
P15586	D385E
Q8IXL7	M1R
Q9Y616	K521R
Q9Y3R0	V129A
Q9GZX6	P120S
Q8TC05	T426M
Q8TC05	Y183C
P61224	A59G
P57740	A362V
P57740	Y403H
P78371	R156H
Q5BKY1	R164Q
Q5BKY1	L145P
P23467	N1331S
P23467	I1002T
P23467	V582I
O60293	M1136T
Q8TC07	R83K
Q96PR1	V473D
P48060	N17S
Q13601	P4S
Q8TAM1	L308S
Q8TAM1	F245V
Q8TAM1	I190T
Q96AV8	A78V
Q8IVL0	V309M
Q8IVL0	P947T
P21579	G307D
P21579	S309F
P21579	D310N
P21579	V420A
Q9UMZ3	G1896A
P23409	A98S
Q9H6R3	S58G
Q8N6Q8	G142D
Q9H2J7	F378L
P0C672	M248T
P0C672	I93L
O75901	A382V
Q9UBM8	G444D
O15078	I1442M
O15078	D279V
O15078	M1I
Q6ZXV5	I132V
Q6ZXV5	V121M
P21583	N36H
P20020	V980L
O60938	M44V
P51884	F9L
Q15075	S797N
P78560	I35V
P78560	I44L
P78560	S192L
O60486	K549R
O60486	V602I
Q9Y592	R630Q
Q9Y592	D416E
Q9Y592	S476I
Q9Y592	R276W
Q9Y592	R209Q
Q9UI09	M1V
P13056	T233A
Q6ZV73	V551M
Q6ZV73	Q547P
Q6ZV73	G445S
Q9H0E7	R194Q
Q9HB63	T512I
Q9HB63	R430H
Q502W7	G452S
Q502W7	H69R
P09960	N488S
Q8NHV4	I134V
Q8NHV4	I545V
O14727	V69I
O14727	S98N
Q7Z6G8	T292A
Q8N2C3	K88E
Q8NDX2	P212T
Q8NDX2	E513K
Q96RI1	T302I
Q86XJ1	N440S
Q00872	R240G
Q00872	M316T
Q00872	L436S
Q00872	N886S
Q3T906	L1033P
Q3T906	R986P
Q3T906	I826V
Q3T906	A764T
Q3T906	R587Q
Q3T906	P176L
Q3T906	I149V
Q3T906	L20R
Q3T906	F3L
Q3T906	M1I
Q3T906	M1T
Q8WWQ8	R99Q
Q8WWQ8	R104H
Q8WWQ8	R259Q
Q8WWQ8	D622N
Q9Y5Z7	I433M
Q3SY69	R42C
Q8NEU8	D650N
O60285	T641A
O60285	T535A
O60285	M497L
Q07065	R394K
Q07065	V363A
Q8N4U5	D122E
Q9NW08	F429V
Q9NW08	R433C
Q9NW08	Q458P
Q9NW08	E647K
Q9NW08	R890H
Q49AM1	R21Q
Q15020	V660L
Q15020	N465S
Q9H1K1	K37R
Q4V9L6	A231V
Q4V9L6	V38M
Q14242	T104M
Q14242	R89H
Q8WYL5	P713L
Q8WYL5	P701L
Q8WYL5	N672S
Q8WYL5	N628D
Q8WYL5	A499T
P13051	F193L
Q8N1T3	V969I
Q7Z3V4	R41Q
Q7Z3V4	F96L
Q7Z3V4	S280P
Q7Z3V4	E581K
Q7Z3V4	A970S
Q96EY8	R194G
Q96EY8	R191P
Q96EY8	E112K
Q96EY8	S69N
Q03426	A21V
Q03426	P167Q
Q03426	R241C
Q03426	I298T
Q03426	G347A
Q8WYA0	D134G
Q8WYA0	N141S
Q8WYA0	Q238H
Q8WYA0	M1T
Q8WUB2	R154H
Q2MV58	M1L
Q2MV58	D88N
Q8NA47	F187Y
Q9UQQ2	M1V
Q9UQQ2	A38T
Q9UQQ2	I257T
Q9UQQ2	L476F
Q6JQN1	R11C
Q6JQN1	R453H
Q6JQN1	Q627L
Q8IW41	R137Q
Q14CX7	N781S
O14545	R497Q
Q9Y6K5	R732G
Q9Y6K5	A1018T
P29728	V432I
O95294	R328W
O95294	R316Q
O95294	G245R
Q8TDD1	L585P
Q9ULQ1	E718D
Q9ULQ1	A802T
Q9H2C1	S291G
Q9Y4C8	K745T
Q9Y4C8	N533S
Q9Y4C8	K64R
O15119	P481S
O15119	W113G
Q8N3Y1	A363T
P29475	R1203H
P29475	G7S
Q6VAB6	S904L
Q6VAB6	H565Y
Q6VAB6	D323E
Q6VAB6	T175R
P30086	R161G
Q8IWA6	K329R
Q8IWA6	R421H
B4DJY2	N108K
P49023	S109P
Q9Y6E7	R155Q
P12074	M24V
Q99571	I355V
Q9UJX4	P681L
Q8NHM5	R649Q
Q96D31	N67H
P32754	F133S
O00233	I50V
Q8N309	A358T
Q9C0J1	K116E
Q9C0J1	R290H
Q9C0J1	R332Q
Q96AX1	T170K
Q96AX1	R116C
Q96AX1	I92T
Q6NZY4	N538S
Q6NZY4	A593S
Q6NZY4	V510A
P49019	H259Y
P49019	V103M
O43583	P17S
O75146	I1060V
Q9NP78	V232M
Q9NP78	V230I
Q9NP78	R2Q
Q66PJ3	P50S
Q9BZ72	A1346T
Q9BZ72	N454T
Q969X0	N119D
Q96GX1	G205S
Q96GX1	A275S
Q96GX1	A336V
Q96GX1	I584T
Q96GX1	I584M
Q9Y487	H417Y
Q53HC0	G274S
Q9Y618	A2489T
Q9Y618	V2238M
Q9Y618	G1920S
Q8WTV0	G404R
Q8WTV0	V331I
Q8WTV0	S129L
Q14DG7	N46D
Q14DG7	D880E
Q14DG7	S988G
Q8N3T6	I153V
Q8N3T6	D1042E
Q8N697	I391V
Q8N697	V246F
Q14C87	H1096R
Q14C87	A1052T
Q14C87	R241K
Q14C87	K164R
O15034	R505Q
O15034	Q381R
O15034	G258S
O15034	A113V
Q6QNK2	V374M
Q6QNK2	I388L
Q12872	H885P
Q9ULZ9	V578L
Q9ULZ9	A580T
O75385	R546H
Q96L91	C20F
Q96L91	R857Q
Q8N8A6	E575Q
Q8N8A6	L461P
Q8N8A6	R248Q
Q9HCM7	R188Q
A6NCL2	V109I
Q9UBL9	A116T
Q9UBL9	S296L
Q9UBL9	I325T
Q9UBL9	T383M
Q9UBL9	A459V
Q96HS1	K191R
Q96HS1	L252V
Q08378	A925V
Q08378	G788S
Q96EP1	A460V
P17031	R131H
P51523	D96E
P51523	K152R
P51523	D232E
P51523	N322S
P21506	A553V
Q14587	L679F
E9PGG2	S230C
E9PGG2	R227H
E9PGG2	R104H
Q6XPS3	T213K
Q6XPS3	L178P
Q99549	A352T
Q9UJ78	S102P
O95452	G59E
O95452	H7Y
Q8IYU8	H404Q
Q8IYU8	R237H
Q8IYU8	T186A
Q8IYU8	V11L
P31371	L4S
P31371	P189R
Q13326	C290G
Q9NS68	A259T
Q99797	R476H
Q99797	L420P
Q99797	G297A
Q99797	S288R
B2RNN3	G35S
Q96N96	K17R
Q96N96	M495V
P0C862	T169M
Q9UKK3	V469I
Q9UKK3	R462H
Q9BXT8	R127H
Q9BXT8	F201L
Q9HC77	R645C
Q9HC77	A259V
Q9HC77	D225N
Q9HC77	P205L
Q9Y217	R540H
Q9Y217	E476K
Q9Y217	M237V
Q9NTI2	G26E
Q9NTI2	W281C
Q9NTI2	R586Q
Q9Y252	R252H
P49336	G30V
P49336	R71Q
P49336	T196S
Q6T310	G201S
Q8N448	P170L
P52945	G55D
P52945	P77S
P52945	R148G
P52945	K191Q
P52945	E258G
Q99626	E241G
P36888	R961H
P36888	V852I
P36888	I507V
P17948	I291V
P17948	S285R
Q9BW62	A387T
Q8N6G2	G52S
Q92598	I598V
Q6Y288	G57A
Q6Y288	K267E
Q6Y288	D349N
Q8WXD0	D281N
Q8WXD0	N315D
Q5TBA9	T1965A
Q9UEF7	H269Q
Q9UEF7	R387H
Q9Y3M8	H338N
O00287	G120V
O15198	V144L
Q9Y673	R97Q
Q96B26	P87H
P61960	M1V
Q5SZK8	H1089L
Q8TAV4	V39M
Q9Y693	A80T
Q9Y2V7	N113S
Q92665	R137Q
Q9Y619	Y228F
Q86V97	L489V
Q86V97	L327V
Q9UKA4	R603C
Q9UKA4	A965V
Q9UKA4	I1306V
Q9UKA4	N1392S
Q9Y5T4	V10A
Q15714	T493A
Q9UHK0	R423Q
Q8IXQ4	N337S
Q5W0A0	R652Q
Q9P2R7	R407W
Q9P2R7	D333G
Q9P2R7	D272H
Q9Y287	P30S
Q9Y287	R178G
Q9Y287	I251V
P06400	P6L
P06400	R46K
P06400	L220V
P06400	L400P
P06400	I425T
P06400	T630A
P06400	E672D
P06400	F760S
P06400	R830K
Q9NS75	Q9H
Q9NS75	I249V
Q9Y2H6	V248I
Q9H9S4	A319T
Q8NDN9	N497S
Q8NDN9	M141V
Q9BY08	Q36R
O00505	N219S
O00505	R167H
Q5TBB1	T263S
Q6P3R8	F643L
Q86VN1	L62P
Q8WWK9	R265Q
Q8WWK9	A327V
Q6UX06	Q475R
Q9NSV4	A1157V
Q9NSV4	M925L
Q9NSV4	S607G
Q9NSV4	R28H
Q9Y2L1	S587F
Q9Y2L1	K465R
Q9Y2L1	A401V
Q8WXW3	A111T
Q8WXW3	N263S
Q8WXW3	R299Q
O60343	A271G
O60343	P246A
Q8WWI1	V108I
Q8WWI1	A678T
O95171	A569T
Q9NV92	G29R
Q9NV92	I120V
Q9NV92	G168S
Q9H5Y7	M800V
Q9H5Y7	I257V
Q9H5Y7	I105T
Q9H5Y7	A50E
P78333	T95A
P78333	R347H
O95455	T102I
Q86V85	M296I
Q86YF9	D352E
Q86YF9	A167V
Q9NYU1	M406I
Q96P68	D307N
P46059	I525V
P46059	T281M
O95409	H166R
O95409	H323R
O95409	R325C
Q5T4D3	T454M
Q5T4D3	V409I
Q5T4D3	V105M
Q5T4D3	S28L
Q92915	M1T
P29144	I1087M
Q5VZV1	I260T
Q12908	F296L
Q12908	D154E
P49917	G428R
P49917	L23S
Q9Y6X6	T61A
Q9Y6X6	R635H
Q9Y6X6	P1251S
Q9Y4H2	S820N
Q9NX57	R140C
Q8IW45	N52K
Q8IW45	R144W
Q8IW45	R199W
Q9UK53	D286E
Q9NXR5	V238M
Q8N6K0	E47K
O15068	G474S
O15068	V899I
P00742	Q416L
P00742	I451L
P11279	G323S
Q5TC63	D288E
Q6UWJ1	M400V
Q14186	E398D
Q15835	A132V
Q14644	V519I
Q14644	V336I
Q9H1J1	G366S
A6NI47	R66C
A6NI47	W148S
Q6S5H5	M254I
Q6S5H5	P119A
Q8NH07	H7Q
Q8NGD0	R139H
Q8NGD1	D191N
Q8NGD2	T165M
Q8NGD4	V153I
Q8NGD5	N173S
Q8NH42	R232G
Q8NH43	L154I
Q8NH43	S267G
Q8NGC7	I292V
A6NCF5	R230Q
A6NCF5	R160Q
Q9NPF4	T287I
Q9NPF4	S232Y
Q9NPF4	G187V
P00491	S33P
Q8NH40	A122V
Q14507	E104K
Q93091	R27H
P12724	M19L
P12724	P47S
P12724	R148Q
Q9H7H0	G132E
Q9NP94	R254Q
Q9UN36	V131I
Q96KN7	P37H
Q96KN7	P674S
Q96KN7	T909A
Q96KN7	P1074S
Q9Y5B9	R847W
Q9Y5B9	R693Q
O94842	R518Q
O94842	M520V
Q9Y467	S987P
Q9Y467	E769D
Q9Y467	P756R
Q15070	L32P
Q15070	A112T
Q9UM01	M1I
Q9UM01	M1V
P50281	G100A
Q7Z4F1	R84H
Q7Z4F1	R600C
Q86U06	N259S
Q86U06	N47S
Q96IF1	G190A
A5LHX3	R23Q
Q15744	R12Q
Q9UHI5	R500Q
Q8IX15	T178M
Q9H293	E148K
P13533	E948G
Q9BTZ2	E244K
Q6PKH6	W12R
Q6PKH6	S125N
P54845	L235F
P54845	R207C
P54845	P51H
Q96EP0	A54V
Q96EP0	H144P
Q96EP0	G202S
Q96EP0	Q584H
Q96EP0	G996S
Q00978	R102H
Q00978	P342A
Q8TEX9	D575N
P22735	V741A
P22735	V719I
P22735	R607H
P22735	N572T
P22735	D510N
P22735	I480F
P22735	G392V
P22735	R389C
P22735	W378C
P22735	G344A
P22735	W342L
P22735	R323G
P22735	P318R
P22735	R315P
P22735	R307Q
P22735	L298P
P22735	R286L
P22735	G278E
P22735	G278A
P22735	V268F
P22735	R240C
P22735	R83W
P22735	G70S
P22735	R36H
P22735	T22M
Q8NFM4	S703F
Q9Y572	S320P
Q9Y572	G177R
Q9P2P1	T518A
Q9P2P1	V971I
P08311	G155R
P20718	I52V
P55316	D31N
P55316	H39Y
P55316	H44R
P55316	P58L
P55316	P63S
P55316	P69L
P55316	P74L
P55316	A81T
P55316	L102P
P55316	P110R
P55316	A121G
P55316	G123R
P55316	P134R
P55316	G148A
P55316	G153W
P55316	G169V
P55316	K181N
P55316	P182Q
P55316	N187Y
P55316	N187D
P55316	L189F
P55316	I190F
P55316	A193V
P55316	A193D
P55316	I194S
P55316	Q196P
P55316	R201P
P55316	L202F
P55316	I207F
P55316	Y208H
P55316	M212T
P55316	N227S
P55316	H231R
P55316	N232T
P55316	N236D
P55316	G250S
P55316	G250R
P55316	G252D
P55316	W255R
P55316	V264G
P55316	I266T
P55316	G268V
P55316	R274P
P55316	P335S
P55316	Q347P
P55316	S415G
P55316	P419S
P55316	T464A
P55316	G470V
Q15139	V712M
Q15139	P585L
Q15139	V543I
Q15139	E493K
Q13033	Y374C
Q9Y587	A129P
Q86XA9	L1722S
Q49SQ1	Q22H
Q8TB37	A73S
Q13023	D310N
Q13023	R412K
Q13023	F1550L
Q13023	N2127S
Q13023	G2162D
Q56P03	R239Q
Q9Y281	M1L
Q9NRL2	N962S
P61011	Y125F
P61011	S361A
P25963	Y289C
P25963	P170R
P25963	C135G
P25963	E51K
Q96T92	T205P
Q96T92	I216V
Q6GYQ0	D1080N
Q6GYQ0	I266V
P55771	G64V
P55771	Y143C
Q8TD10	T125A
P55317	T356S
Q15436	E599K
O14893	A4V
Q86SZ2	T75A
Q96PC5	E87D
Q96PC5	G188R
Q96PC5	A180G
Q5H9T9	R385Q
Q9NXS3	R150H
Q00688	I78V
Q8IYD8	I861R
Q6P0N0	G847D
Q96L50	I331V
Q9NVR5	N528H
Q9NVR5	L415V
Q9NVR5	R269G
Q9NVR5	G235R
Q9NVR5	S136G
P56282	V442A
P56282	H356Q
P56282	S12F
O60524	I949V
O60524	E773K
O60524	K457R
Q9H9P8	R277Q
Q9H9P8	Y123C
Q9H9P8	G60R
Q9Y4K4	F406L
Q9H4B6	A152V
Q7Z5M8	P12L
Q14112	D987N
Q14112	T938K
Q14112	E602D
Q14112	G190E
Q13258	M63V
Q13258	A97V
Q9P2K2	A574V
Q8NEL9	R815I
Q8NEL9	P205L
P12644	C373Y
P12644	T244I
O75717	H738Y
Q8WXH5	N192S
Q15398	R422Q
Q15398	Q373H
Q9NWN3	P16L
Q9NWN3	K31E
Q9NWN3	S418P
Q9NX78	A245T
Q9NX78	R293K
P32243	A245T
P32243	W85L
Q9H0R1	V125I
P29374	N236S
P29374	V1019I
Q6UXN7	R9G
P0C221	R756H
P0C221	Q485E
P0C221	K158E
Q16799	G349C
Q15475	R110L
Q15475	V106L
Q15475	V106M
Q32P41	A398T
Q32P41	V384I
Q32P41	K219R
Q17RD7	R229H
Q9H4E5	I213V
Q92731	A427V
Q92731	Q267H
Q92731	A252V
Q96LQ0	A48T
A1L390	V71M
A1L390	T531M
A1L390	G1069S
A1L390	R1072C
A1L390	R1099C
Q9BYC5	Q96R
Q9BYC5	T104K
Q9NQX3	G134R
Q68DK2	L451F
Q68DK2	E30Q
Q68DK2	M1I
O15315	R159H
O15315	S175R
O15315	K205R
Q8N428	A430V
A6NEE1	M467I
Q14973	V175I
Q14973	V160M
Q9H4F8	K107Q
Q9UKJ8	V73I
Q9UKJ8	V180I
Q9UKJ8	G681R
Q92623	L110P
Q96RV3	A458V
O43166	S1557N
Q8WV16	R26H
Q8WV16	R107Q
P49756	M601V
Q86WZ0	L1026F
O14678	A237T
O14678	D489E
O14678	T333M
Q9H8Y1	A493T
P61916	C99W
P61916	M1I
P61916	M1R
Q14767	R975H
Q14767	N932D
Q14767	A883S
Q14767	D835N
Q14767	S526N
P49750	A802T
P49750	N923D
P49750	V1623M
Q9Y6S9	M525V
Q9Y6S9	M396T
Q9Y6S9	R343Q
Q53FD0	R81Q
Q53FD0	V202M
Q53FD0	V347M
Q53FD0	I383T
Q8TD19	G755S
Q8TD19	R701W
Q8TD19	R311H
Q8TD19	E73D
P10600	W332C
P10600	N255S
O95718	R382H
Q9P1W3	T115A
Q9UKY4	S580P
Q9UKY4	P399S
O43708	G43R
Q6PL24	N108S
Q9P1V8	P96S
Q9P1V8	M126V
Q9P1V8	R307Q
Q6NXP6	V208I
Q6NXP6	I66T
O15270	V439I
O15270	A182V
Q92813	V63I
Q6ZU80	R437H
Q8WXE9	N829S
Q8WXE9	N658S
Q8IYL9	I194V
Q9H7Z3	I1024V
P0DP23	D96Y
Q15743	G314S
Q6IN85	T382I
Q9H7T0	R366H
Q9H7T0	I209V
Q9UBX5	A402V
Q8NFF2	V288M
Q8NFF2	V417M
Q8NFF2	K552Q
Q8TB24	I52V
Q8TB24	R79Q
Q8TB24	C346R
Q8TBA6	G219S
Q13572	V395M
Q13572	G380S
Q13572	G363S
Q8N806	L296F
Q9P203	G1088S
Q9P203	P1070S
Q96DC9	T173M
Q9GZR7	Y383H
Q9GZR7	M251V
Q96BM0	V14A
P40305	A62T
Q9UK55	T386A
Q86U17	R120Q
P29622	V176M
P29622	F151L
P01011	H24Y
P01011	S136N
P01011	M204V
Q96JQ2	S921L
Q96JQ2	N501S
Q6ZMZ3	H374R
Q6ZMZ3	R324Q
Q86SX6	L5P
P30411	I288V
P46663	R282Q
P51003	V37L
P51003	K514R
Q86TU7	T589A
Q86TU7	S512G
Q96JK4	V725A
Q9Y6A2	A494T
Q6QHC5	A95T
Q6Q0C1	R46Q
Q6Q0C1	R83Q
Q6Q0C1	R135L
Q6Q0C1	A295T
Q64LD2	G100R
P80370	V58M
P80370	G69E
A6NKG5	R1328Q
A6NKG5	R1281H
P55073	S7P
Q13362	H133R
Q9UQ07	A169T
O15040	S529G
Q17RC7	V297M
Q17RC7	A376S
Q17RC7	H545R
Q17RC7	A555T
Q17RC7	R593W
Q03169	N406S
Q9UL15	I28V
O43542	Q152K
Q9BQ24	A181T
Q96KQ4	T87A
Q8NDG6	S1330L
Q86U10	P7S
Q86U10	E105K
Q86U10	E288K
Q9ULI4	L934V
Q9ULI4	S1104G
Q9ULI4	S1137L
O15304	R23K
P31749	D323G
B2RXF5	A134T
Q9Y4F5	M1V
Q9Y4F5	S809P
Q9UNW8	P16L
Q9Y219	V808I
Q9Y219	G281C
C9J3V5	A140V
Q13330	N294S
A8MZA4	V486M
A8MZA4	R319W
A8MZA4	A253V
A8MZA4	L27V
Q13064	P152L
Q13064	N325S
Q99608	N19S
Q9NZP6	M239T
Q9NZP6	R1131K
O60312	A1390S
O60312	D759N
P31644	Q74K
P31644	Y244H
P31644	V291L
P31644	T301M
P31644	S402A
Q04671	V833M
Q04671	G775S
Q04671	N741K
Q04671	R720H
Q04671	H697Y
Q04671	V677A
Q04671	K625R
Q04671	L622P
Q04671	F593S
Q04671	E550K
Q04671	G507R
Q04671	S494F
Q04671	I473N
Q04671	V443D
Q04671	L460V
Q04671	T450M
Q04671	V443A
Q04671	D441N
Q04671	G393V
Q04671	G359D
Q04671	A355E
Q04671	T335M
Q04671	R324C
Q04671	M318I
Q04671	T299M
Q04671	R266Q
Q04671	I250V
Q04671	P241L
Q04671	V230L
Q04671	P211A
Q04671	Q200E
Q04671	R167H
Q04671	T122I
Q04671	E96A
Q04671	R36H
Q04671	P15L
Q04671	A14T
Q494W8	S399L
Q9Y2M0	M2T
Q9Y2M0	R145H
Q9Y2M0	V164I
Q9Y2M0	R296C
Q9Y2M0	G371S
Q9NXD2	M391V
Q8TE49	S753G
P36544	V395M
Q9H079	N81S
Q9UHW9	A809T
Q9UHW9	A74P
Q9UHW9	T8I
Q86Y26	R667H
A8MQT2	H505Y
A8MQT2	D493N
Q6IQ21	S546F
Q7L8W6	M161V
O95267	S683N
O95267	I681T
O95267	C80Y
O95267	Q71H
O95267	R48Q
Q8NA03	H379R
Q8NA03	R347Q
Q8NA03	N217S
Q00722	T503A
A7MBM2	Q103P
A7MBM2	L1361S
Q8NCH0	R20W
Q8NCH0	R345G
Q8IZ73	R340Q
Q8NG31	P2317L
Q06609	P56S
Q06609	G179S
Q06609	T197I
Q06609	S233L
Q96TC7	S337G
Q9NVM6	M278V
Q9NVM6	V204L
Q9NVM6	D155N
Q9NVM6	E117A
Q9NVM6	D65N
Q96K21	N139S
Q96K21	R392Q
O43278	T271M
O43278	G302D
O43278	V468I
Q9P253	C522R
Q9P253	R675Q
Q9ULG1	V1323M
O43482	C12Y
Q9BXS6	R230Q
Q9Y375	H309D
Q9Y375	P247A
Q9BWH6	R1112Q
Q9BWH6	T1093M
Q9BWH6	T272A
Q8IWI9	M501V
Q9H223	T405M
Q3MJ16	R290H
Q68DD2	R438Q
Q8TET4	D129G
Q9H2Y7	I1500V
Q9H2Y7	L1312P
Q9H2Y7	N488D
Q9NVX0	F83S
Q8IWY9	A1016T
Q8IWY9	S733N
Q6IQ55	E1004K
Q6IQ55	Q351K
Q6IQ55	R151H
Q6IQ55	F80Y
Q0P6H9	V403A
Q0P6H9	I527L
P16452	V278L
P16452	A176E
P16452	T108I
O43548	F670L
O43548	V631I
O43548	Q473H
O43548	T392M
O60294	R107G
Q8IWY8	P124L
P78559	S933G
P78559	R2445C
Q6PFW1	L1365P
Q7RTU9	L490P
Q96P56	E439K
Q96P56	S407T
Q9HB65	R339Q
Q9H967	I316V
Q9H967	V332A
Q7Z6J6	S351N
C9JE40	L426F
C9JE40	R237Q
C9JE40	M88V
Q86WT6	T261M
Q8NHR7	S145N
Q00796	V282I
Q00796	V322F
Q00796	L348I
Q1HG44	W76C
Q1HG44	S229I
Q1HG43	A269V
P50440	R189H
P50440	C87R
Q9BVQ7	R252Q
Q9BVQ7	C696F
Q9UL45	L82P
Q8NFY4	I508V
Q8NFY4	M600V
Q71RS6	A10P
Q71RS6	A115E
Q9P2K5	A36P
Q13621	R439Q
Q13621	L560P
Q13621	D699N
O94986	S1359R
O94986	L1238V
O94986	E1120K
O94986	R1034W
O94986	Q32P
Q6S5L8	C193Y
Q93073	N1088S
Q93073	M297I
Q96M60	G17R
Q8TF62	P371H
O14975	M236V
P19113	Q233E
P40818	T351M
P40818	R763W
P40818	N764K
Q96QT4	N1593S
Q8TCT8	T475S
Q8TCT8	D427E
Q8TCT8	N126D
Q8TCT8	G34E
Q8TCT8	Q4H
Q9UPM8	I466F
Q9UPM8	R794G
Q6ZMI3	L158V
Q6ZMI3	L498F
Q6ZMI3	A521T
Q9NZR1	R108H
Q16659	N418S
O14775	W387S
Q9NQX4	S1353L
Q9NQX4	R1006Q
Q9NQX4	A188T
Q9Y4I1	H881R
Q9Y4I1	E362D
Q3MJ13	T747S
Q92521	R52H
Q92521	E166G
Q92521	L324S
Q92521	F327L
Q92521	P460L
Q2VWP7	I142V
P46934	N889S
P46934	R454Q
P46934	N436S
P46934	M416T
P46934	T43A
Q6N043	I106V
Q99081	P188S
Q99081	I316V
Q99081	N448S
Q99081	A222V
Q99081	C604R
O94788	A151S
O43315	R53H
P11150	A145T
P11150	H185R
P11150	L413P
O95067	V387I
Q12965	R994C
Q12965	N984S
Q12982	I32V
Q659A1	R44C
P09493	E62K
P09493	D219V
P09493	T201S
O43570	V15L
Q96L94	N118S
P23284	G105R
Q15650	S292G
Q15650	W435C
Q15650	H463N
Q9H611	R616Q
Q9H611	S354F
Q8TD55	P290L
Q495B1	A284T
Q96DP5	V159A
Q96DP5	M1T
Q96DP5	M1L
Q9NYN1	I227V
F5GYI3	P224Q
Q8IVU1	R711H
Q8IVU1	R431Q
Q8TDY8	M413T
O60721	P304L
O60721	P409L
P62491	H112R
P62491	S192R
A6BM72	R561H
A6BM72	V435I
Q6UWM7	T350M
Q86VS3	G38R
Q86VS3	I130V
Q86VS3	R185K
Q86VS3	R242K
O75925	A445V
Q9NWW5	P299H
Q9NWW5	Y295C
Q9NWW5	D256E
Q9NWW5	K99N
Q9UKX5	V166I
Q02241	T51I
Q02241	V411M
Q02241	N545S
Q02241	E752G
Q02241	V761M
Q6ZMP0	G94S
Q6ZMP0	D395N
Q6ZMP0	N567K
Q6ZMP0	S648T
Q9Y5X4	D316N
B2RTY4	S1971L
B2RTY4	R1713G
B2RTY4	N1631I
B2RTY4	D1245G
B2RTY4	Y1111H
A6NGA9	T58M
A6NDN3	A626T
Q96RK4	A74T
Q96RK4	A379V
Q92859	N168S
Q92859	K971R
Q7Z4M0	S32L
Q7Z4M0	C49S
Q7Z4M0	N58S
Q8IYX1	R124H
Q9NYA3	V652D
Q6UXK2	D671E
O14498	A209T
Q9BX79	H265L
P05108	R451W
P05108	N446D
P05108	A269V
O75326	E473D
O75326	R461H
O75326	P442S
O75326	S357G
Q96S82	A200T
Q8IVW6	V227I
P05177	D187N
Q9HAT1	A3V
Q9HAT1	R405H
Q9HAT1	Q462R
Q6PHR2	R450H
P34949	I347T
Q5XKK7	T181A
P20674	I74M
Q8TAC9	V163I
Q96CD2	V123I
Q6ZRI6	T185S
A6NDK9	G63C
A6NDK9	R382Q
P0CG33	H168R
P0CG33	C177S
P0CG33	T518M
P0CG33	A542V
P0CG33	V556I
Q9NTJ4	R289Q
Q96ST3	D1060G
Q96ST3	L793P
Q96ST3	K784R
Q96ST3	I672L
Q96ST3	T629A
Q96ST3	R616C
Q96ST3	P270A
Q8WV41	V59I
Q6UVK1	R1967Q
Q8IXM7	T203M
Q8NEZ5	R96H
Q2M3C6	R465Q
Q9BY12	I1213V
Q9BY12	M1V
O43586	R340W
O43586	I353T
Q9H792	H208R
Q96FE5	R284C
Q9UPU7	P100L
A6NKC9	T171M
A2RU49	V52I
A2RU49	L137I
P30532	T359M
P30532	R401C
P32297	I451T
P32297	T420M
P32297	S388F
P30926	R497H
Q8WUJ3	R395Q
Q14696	R156H
Q6P656	V132A
Q6P656	M292L
Q14005	A7T
Q14005	T304M
Q14005	G659S
Q14005	I665V
Q7Z2Z2	A991T
Q7Z2Z2	L496F
Q7Z2Z2	K265N
Q7Z2Z2	E102D
Q7Z2Z2	R60G
Q658L1	V355I
P08708	M1V
A1L4K1	I562T
Q8TF30	R508H
Q01954	R677H
Q01954	H654R
P82987	N211S
P82987	I918V
P82987	Q1251R
P82987	R1567H
Q7Z7L9	G64S
Q6P4I2	D334G
Q6P4I2	W233R
Q92610	R856K
Q92610	A1190V
Q92610	A1232V
Q92610	P1238L
Q92610	T1262A
Q96L96	T81M
O60658	R163H
Q9H0H3	M266V
Q96MI9	V208M
Q96MI9	V470I
Q96MI9	R595Q
Q9H2W6	M221V
Q9H2W6	I137V
P82912	A7V
Q8WTP8	H311Q
Q96S86	Y61H
Q08431	E168K
P12271	R151W
P12271	M1L
Q9NVI1	L544P
Q9NVI1	H574R
Q9NVI1	A816G
Q9UBD6	N442K
Q9UBD6	G383R
Q9UBD6	I316V
Q7Z2Z1	R665Q
Q7Z2Z1	R832H
Q2M1P5	S1322P
Q2M1P5	S1252P
Q2M1P5	S617G
Q2M1P5	R237L
O60240	G483A
O60240	G442S
O75192	I231V
P15144	S61L
P15144	A53T
P48735	M397V
Q9NPR2	V176I
Q9NPR2	V553I
Q99828	A82T
Q99828	R50W
Q99828	Q40P
Q6NX45	G128D
Q6NX45	A385T
P46940	I312V
P46940	R438Q
P07332	R266Q
P49641	N669S
P49641	A1070V
Q3ZCQ3	S65G
O14647	N18S
O14647	Q63H
O14647	I379V
O14647	C415F
O14647	R621P
O14647	S638C
O14647	K730R
O14647	R846G
O14647	I884V
O14647	Q896E
O14647	R900L
O14647	Q906H
O14647	V939G
O14647	N953S
O14647	R1052T
O14647	R1074W
O14647	Y1143D
O14647	D1164G
O14647	G1174D
O14647	C1181F
O14647	W1261C
O14647	D1266Y
O14647	G1272E
O14647	R1313G
O14647	V1346L
O14647	K1356R
O14647	G1510R
O14647	K1576R
O14647	P1614T
O14647	S1688N
O14647	F1731C
O14647	P1791A
O14647	V1825G
Q96B86	P441L
Q96B86	V448I
P08069	A257V
P08069	S501L
P08069	N747S
O15061	T644S
Q02078	P356Q
Q5XG99	A96T
Q8IU89	N305K
Q8IU89	H294R
Q8IU89	V237L
Q8IU89	R229H
Q8IU89	W15R
Q8NG48	K121Q
Q8NG48	I69V
Q86X52	R705Q
Q86X52	Q653E
Q86X52	R588T
Q86X52	A68V
Q8NGB9	V107A
P09105	K16R
Q9H0X4	A349G
Q9H0X4	I374V
Q9H0X4	D394N
O94810	A280T
O94810	V265M
O94810	D201N
Q99819	D65E
Q99819	S173R
Q13087	V283L
Q13087	R303H
O15169	M454V
O15169	A40V
O00746	V80I
O75154	K597R
O75808	A92T
O75808	D125E
O75808	T303M
O75808	A449T
P0CG20	R106Q
P0CG20	A113T
P0CG20	G128R
P0CG20	P297L
Q9BRB3	G449R
Q9BRB3	A521T
Q9BRB3	P525S
Q9BRB3	P541S
Q9BRB3	S731L
Q96S21	G250S
Q96NZ8	A3T
Q8IXI1	R69Q
Q8IXI1	R242Q
Q8IXI1	R320H
Q8IXI1	A454T
Q9UNE7	P57L
Q9UNE7	A67T
Q96S15	G406S
Q96S15	T402M
Q8N461	A90V
A2IDD5	G406R
A2IDD5	R198G
A2IDD5	A45T
A2IDD5	R10G
Q13421	A17T
Q13421	R282Q
Q13421	R413Q
Q13421	A443T
Q13421	L621P
Q9UJJ7	S246P
Q8WVB6	P49R
Q8WVB6	R58G
Q8WVB6	P270L
Q8WVB6	R942W
P57073	P251L
P57073	A310S
P57073	A428S
P35346	A14T
P35346	V121I
Q9NRR2	R212Q
Q9NRR2	K183E
Q9NRR2	R28Q
P20231	V133I
P20231	E126Q
P20231	A13V
Q15661	M183V
O94812	G251S
O94812	N809D
O94812	V1125I
Q9UJK0	R276H
A6NI56	G204S
A6NI56	A125V
A6NI56	P54L
P51798	R791H
P51798	V778F
P51798	R775H
P51798	R707G
P51798	G677A
P51798	D668N
P51798	M584I
P51798	R561W
P51798	G521A
P51798	G443R
P51798	V423I
P51798	I375M
P51798	N359K
P51798	E313K
P51798	S266F
P51798	P249L
P51798	G248W
P51798	A185T
P51798	P75L
P51798	R50C
P51798	R15P
Q96A99	V274I
Q96RY5	A479V
Q96RY5	R536Q
P82930	E188K
P82930	L109F
Q9Y5Y2	Q244R
P35858	E472A
P35858	G424A
Q16775	A87T
Q9NZV6	V20I
Q92901	A338G
O96000	R48Q
O96000	A142T
O96000	K165R
Q2KHN1	V186M
Q12788	V350I
Q12788	R705Q
O43761	A73V
Q86UK7	A480T
Q8WXD9	G1316S
Q8WXD9	V1236M
Q6PL45	R187K
Q6PL45	R139Q
Q6PL45	R88Q
Q6PL45	T65M
Q66K89	A134T
P41002	S734L
Q9ULP9	A39P
Q9ULP9	G236S
Q9ULP9	F251V
Q9ULP9	I396N
Q9ULP9	A500G
P27449	L135P
P27449	G142C
P27449	A149T
Q9UQ35	S346F
Q9UQ35	R373Q
Q9UQ35	R1098Q
Q9UQ35	S2259T
Q9UQ35	G2354S
Q8NF86	R277H
Q8NF86	R44Q
Q9Y6M0	T79S
Q9Y6M0	R129H
Q9Y6M0	V141L
Q96CP2	G137S
Q4VC44	E38K
Q4VC44	R269Q
Q4VC44	V348M
Q4VC44	R375H
Q4VC44	R387Q
Q99640	C301Y
P56747	R145Q
P56747	A87T
Q86W42	S249F
O43749	V78I
O43749	A134T
O15553	T120I
O15553	L13V
O14978	H259Q
Q96N20	V97I
Q96N20	A111T
O95371	D2E
Q96LX8	V291I
Q9H7X0	V213I
Q96AJ1	A107V
Q96AJ1	V196F
Q96AJ1	E323D
Q96AJ1	K335N
Q96AJ1	T338P
Q7RTR2	G731S
Q7RTR2	T725A
Q8IY92	K1828R
Q8IY92	L1384P
Q8IY92	N1130D
Q8IY92	S403N
Q8IY92	P106S
O60503	T813A
Q9BZE0	S471R
Q96EY1	S23L
Q96EY1	S82F
Q9HBL8	R103H
P30519	Q132R
A6NNT2	V271I
A6NNT2	P354L
A6NNT2	G658S
Q6ZW76	R629H
Q6ZW76	R286Q
O60304	M209T
O60304	V39L
O60437	R1345Q
O60437	R955Q
O60437	K914R
O60437	R595Q
Q9UK23	V423I
Q9UK23	P355A
Q96G04	R270Q
Q96G04	R264Q
Q9NWB1	P24S
P80404	L478F
Q96B77	T167S
Q5U623	V151I
Q5U623	S187N
Q5U623	T240I
P54851	V133M
P54851	I51V
Q96M29	T439M
Q96M29	R400W
A6NH52	E206K
Q2KHT3	S978N
Q9NNZ6	K87E
Q9NNZ6	H86Q
P04554	T98R
Q99732	P135A
Q99732	T78S
Q6PKC3	A881T
Q6PKC3	V335I
Q6PKC3	R153Q
Q8IWR0	A254T
O76021	V126I
Q92889	V34M
Q92889	E239K
Q92889	L591V
Q9ULH7	T227A
O15496	V116I
Q15155	Q5R
Q9UND3	R223H
Q6P996	F405L
Q6P996	P772Q
Q9Y4F3	T629M
P35749	I256V
P35749	V69I
P35749	V59I
P35749	R34K
P33527	V1107I
P33527	R1301C
O95255	R1398Q
O95255	R1357P
O95255	G1354S
O95255	H1332Q
O95255	R1314L
O95255	G1296D
O95255	T1242M
O95255	D1053E
O95255	A950V
O95255	R765L
O95255	R600H
O95255	I456M
O95255	T454I
O95255	V424I
O95255	R419W
O95255	G277S
P69849	L2R
Q86Y38	E854A
Q86Y38	L814F
Q86Y38	R694H
Q86Y38	A223G
Q5JPE7	L9P
Q96Q15	I1099V
Q7Z402	C527W
Q99807	P17L
Q6UXY8	S141R
Q6UXY8	G563R
Q6UXY8	M620V
Q1ED39	P253L
Q1ED39	N209S
Q1ED39	T87M
Q1ED39	P43S
Q1ED39	H6Q
Q8N0W5	R110H
P55259	V432M
P55259	V376M
Q8N807	S535L
Q8N807	V399I
Q8N807	F323L
Q8N807	V222I
Q08AH3	V500I
Q68CK6	N199K
Q08AH1	R424K
Q8TD57	Q2028E
Q8TD57	S1958A
Q8TD57	T620M
Q8TD57	I532T
Q8TD57	G143S
Q05996	S743L
Q05996	V436I
Q05996	E431K
Q8N8V4	G324S
Q14894	E274Q
Q92617	K181E
Q7RTW8	K292R
Q7RTW8	T324P
A6NCI4	H910R
O00418	S423P
Q9NVU0	R538W
Q01850	Q22R
P51170	S134F
P51170	R440Q
P51168	V363M
P51168	R397H
P51168	I492V
P51168	P617L
P83436	A606D
P83436	D349G
P83436	M1V
Q5JPH6	N365S
Q5JPH6	L307S
Q5JPH6	A98V
Q7Z6E9	E293D
Q7Z6E9	R879H
Q7Z6E9	H908N
Q7Z6E9	R1182H
Q68EM7	N594S
Q9UIC8	R313Q
Q63HK3	A149V
Q63HK3	V23M
Q8N371	Y398H
Q8WV22	I94V
P24394	F229L
P24394	R273H
P24394	I278V
Q12789	R2013K
Q12789	A1148S
Q13286	V167D
Q13286	R8P
Q0VD83	Q150R
Q0VD83	G204R
Q0VD83	G316R
Q8NEV9	R99H
P50226	R245Q
P50226	Y149H
Q9NRF2	P263T
Q9NRF2	S410F
Q9H5N1	R425Q
Q9H5N1	V309I
P15391	P102R
P15391	A364G
Q8NCF5	G128E
Q9H2V7	G147R
O43561	V7F
P16150	T153M
P16150	G394A
Q7Z6L0	G305E
Q7Z6L0	I334N
Q9BTK6	T10I
Q9BTK6	S92G
Q7L5L3	V149L
Q7L5L3	R168H
P31146	R12L
P31146	T412A
Q9H773	R111H
Q99611	V353I
P20701	R414Q
P20701	V467I
P20701	I569V
Q9H5H4	N187S
P15735	R279C
P15735	R309W
O75150	R205Q
Q16619	A41S
Q9BRQ5	D87N
Q9H2F3	R179H
P61266	S239F
Q12846	Q60R
Q12846	V118I
O15015	N702S
O15015	T1362A
O15015	A1404E
O15015	S1448G
Q9H7Z6	G39S
Q9H7Z6	H92R
Q9H7Z6	K175T
Q5K4E3	M11I
Q6ZMU5	Q339L
P20702	H312Y
P20702	A755V
Q8N446	G305C
Q8N446	G124S
Q96C12	E30G
Q96C12	P347S
Q96C12	A702E
P31639	R136H
P31639	R368W
Q8NEM2	R345Q
Q96QK1	N708H
Q9Y5N6	R22K
Q9Y5N6	A24V
Q93100	I367T
Q93100	S795N
Q93100	K808R
Q93100	G892R
Q96J65	R1123K
Q86WA8	V798I
O75113	I468V
O75113	L255F
Q7Z4Q2	P198S
P51828	R145Q
P51828	V610I
P51828	T618M
P51828	A708V
Q9NPI1	V504I
Q7Z614	A121E
Q9NQC7	R172C
Q9NQC7	N335S
Q9NQC7	R172S
Q68CZ1	G1105R
Q68CZ1	R937H
Q68CZ1	H841R
Q68CZ1	R77S
Q68CZ1	D16N
Q9C0B1	D332G
P78411	P235L
P78411	P255T
P78412	N319S
P08253	E177K
Q7L5N7	R116H
Q7L5N7	L309V
P23975	V282I
Q6NT32	A455T
Q6NT32	K298E
Q9UKV5	G552S
Q9BXC9	Y317S
Q9BXC9	L128S
Q9BXC9	Q73E
Q9BXC9	T27P
P80294	A14T
Q8N1F7	I71V
Q8N1F7	A470V
Q8N1F7	T791A
Q15011	A99T
P11597	A15V
P11597	I188V
P11597	S456G
Q86WI3	S385L
Q86WI3	M435V
Q86WI3	M1840V
Q9Y342	A121T
P78423	G119R
P78423	A195T
O75208	R29Q
Q8IZF4	V479I
Q8IZF4	R509H
Q86Y34	P17L
Q86Y34	D60N
Q86Y34	R167Q
Q86Y34	R180H
Q9BQ65	R168C
Q8TBK2	G46R
P00505	R350W
P00505	K364E
P00505	A16G
P55287	Y568H
P55287	A555V
P55287	I456F
P33151	V277L
P33151	A313T
Q8TAZ6	I140M
O75309	R511G
O75309	M420V
O75309	P277L
Q6UWW8	E30K
Q6UWW8	R179H
Q6UWW8	A535V
Q6UWW8	F539L
Q5XG92	G44E
Q5XG92	P72L
Q5XG92	F175L
Q5XG92	N351S
Q15628	V112L
Q96CD0	V123I
Q9ULV5	K23N
Q9ULV5	R426P
Q86VI1	F159L
Q96BJ8	A2T
Q9Y613	R907W
Q58EX7	V43I
Q58EX7	P302S
Q58EX7	R680Q
Q58EX7	R802Q
Q8WTX9	P386L
P80365	A42T
P80365	V239M
P80365	V273M
Q2TAA8	Y143H
Q96BT3	G274S
Q96BT3	Y255H
Q96BT3	S8R
Q496H8	R122Q
P11801	G64S
Q9H4A9	R157H
Q12968	I785V
Q12968	T837A
Q96CW6	T205M
Q9NVM4	T75M
Q9NVM4	R274Q
Q9NVM4	Q309H
Q9NVM4	C366Y
Q9NY59	G253S
P22223	K401Q
P22223	N523S
P12830	M1L
P12830	M1K
P12830	K268E
P12830	G278R
P12830	T406S
P12830	E265D
P12830	L872P
Q9C0B7	P915L
Q969X6	R636H
Q96MW5	G528D
O94916	P1146S
O94916	A1426S
P15559	D245E
P15559	R139Q
P15559	F121L
A5D8T8	A174V
A5D8T8	R185G
Q8NCN5	V375L
Q8NCF0	G41R
Q8NCF0	R70Q
Q16842	G91S
Q08AM6	S252Y
Q8IYT2	R600Q
Q8IYT2	K439R
Q8NCG5	Q39E
Q8NCG5	R42H
Q8NCG5	R149Q
P17735	G25V
Q96A59	P41T
Q6ZVD8	H1285R
Q6ZVD8	F506S
Q6ZVD8	I204V
P0C7T5	V444M
P0C7T5	S599G
P00738	D70N
P00738	K71E
P00739	F34C
P00739	L48S
P00739	F49V
P00739	P100A
P00739	D250N
Q8TBY8	T792M
Q8TBY8	M47V
Q15911	H679Q
Q15911	P511S
Q6UXF7	R450W
Q6UXF7	R133Q
Q8NB16	E418K
Q8NB16	G316D
Q8NB16	P189S
Q8NB16	K40Q
Q7L5A8	S268F
Q7L5A8	D245N
Q7L5A8	L225P
Q7L5A8	V208L
Q7L5A8	H157Q
Q7L5A8	G64W
Q7L5A8	F39L
Q7L5A8	A4S
Q7L5A8	M1V
Q6PJI9	R738Q
Q86WU2	H208Y
Q6GPI1	R236G
P17538	S3F
P17538	S189F
P17538	R193K
P56945	H598Y
Q9GZX3	A336T
Q9GZS9	G373S
Q9GZS9	R349L
Q9GZS9	A108P
Q9GZS9	R50Q
Q9BUB4	L319F
A8MT33	G213R
P0C024	R169H
O75444	C305F
O75444	R299C
O75444	G217S
O75444	G214A
O75444	G145S
O75444	P103H
O75444	T62M
Q8N8U2	S73G
Q96H22	R60C
O43313	A24V
O43313	G66R
O43313	N241S
O43313	I380V
Q7Z442	T434A
Q7Z442	Q67H
P55290	G80S
O95822	H321Y
O95822	V429M
O95822	I444L
Q7Z6G3	A210V
Q8NEP3	R36P
Q8NCV1	S5A
O75185	V580A
Q14687	E1107D
Q14687	V1129I
Q12946	A60V
Q12946	S64L
Q12946	R86P
Q12946	P299T
Q12946	S333L
Q12946	H357L
Q12946	G360S
Q99958	D202N
Q99958	S232N
Q99958	L372F
Q99958	C498R
Q12952	S165G
Q5XUX0	D334N
Q8TBB5	A476V
Q8TBB5	A473E
Q8TBB5	G242S
Q8TBB5	A376P
Q8TBB5	K49R
P35218	G60R
Q8IX07	R22G
Q8IX07	G83S
Q8IX07	V467A
Q86VM9	P58L
Q86VM9	P642L
Q9P0M4	T2M
Q9P0M4	H35R
P13498	P189R
P13498	R90G
P53602	A357V
P53602	A9V
P07741	A62V
Q4G176	R523Q
A6NKX4	P297L
Q96MU6	A101T
Q96MU6	M496T
P26373	V157I
P26373	R190L
Q9UBL6	V359I
Q9UBL6	G621D
P16444	R110Q
Q9HD42	T11M
Q96N06	P64S
Q15131	R236K
Q8IUW3	R335H
Q9Y2B5	R626Q
Q9Y2B5	R289K
Q8WWL2	H239R
Q8WWL2	R485Q
Q8WWL2	A632T
Q9BQ70	R165H
Q9BQ70	S478A
Q9BQ70	M623V
Q9BQ70	E670D
Q01726	F134S
Q6ZN54	A2V
Q6ZN54	V99I
Q6ZN54	P101S
Q9H9R9	P19L
O95995	R347Q
Q5VIR6	T810M
P57678	D929N
P57678	E593V
P57678	Q450E
P57678	T390M
P57678	S342N
Q9HC38	L147P
Q12979	V71I
Q7RTU4	G129E
Q9BT40	S309G
Q9BT40	D255N
Q14162	P768S
Q14162	N755S
Q14162	R630Q
Q14162	P60L
Q96NA2	A379T
Q6P2Q9	R2310S
Q6P2Q9	D2265H
Q6P2Q9	R1402C
Q6P2Q9	P13L
Q562E7	L767F
Q562E7	P1540H
Q562E7	G1804V
P08697	R84Q
P08697	R271H
P08697	G462A
P08697	G466R
Q8IYR2	G624R
Q8IYR2	A598T
Q8IYR2	R562Q
P27694	D292G
Q86US8	A187V
Q86US8	V155A
Q9GZT4	L37V
Q2NL82	A652V
Q86W50	R506H
Q86W50	G497S
Q684P5	A37V
P58170	V117M
P34982	H88Q
P34982	G9V
P47890	I9V
P30953	D11E
P30953	M2T
P47887	A155V
P47887	A143T
Q8NHS9	V75M
Q8NHS9	N49S
Q8NET8	V577F
Q8NET8	R416W
Q8NER1	N331K
Q8NER1	A103T
Q8NER1	I82V
Q9UHJ6	G88R
Q9UHJ6	L22V
O60931	M1L
O60931	I10T
O60931	T27N
O60931	T251A
O60931	S270F
P38570	V839I
P38570	R807H
P38570	D434N
P38570	R93Q
Q53F19	P383S
Q8N5S9	V272I
P51575	R180Q
Q93084	I865V
Q8WUJ1	G30S
Q9P2R3	A498V
Q6ZMD2	I32S
Q6ZMD2	V91I
Q6ZMD2	R134Q
Q6ZMD2	M197T
Q6ZMD2	L286F
Q6P531	A355T
Q6P531	D156N
Q6P531	R116Q
Q6P531	G96S
Q2TAL5	K245N
Q8IZL8	A2T
Q9H091	R265Q
A6NH11	E257Q
P28072	R74H
O14939	V370I
O14939	I399V
Q8N4C8	D836E
Q8N4C8	P879T
Q04844	A488T
Q04844	V468L
P07737	E117D
O43896	P14L
O43896	C26R
O43896	I149F
O43896	Q434H
O43896	G824R
Q9NWF4	M1I
P35125	R607W
P35125	V797I
P35125	E1349K
P35125	T1391M
Q96JF6	S536R
Q96JF6	I350L
Q96JF6	S97R
Q658N2	P238L
Q9NZN9	G110R
Q9NZN9	K14E
Q9NZN9	M1T
Q9BZ71	M726R
Q9BZ71	P303R
Q9BZ71	A240T
Q9BZ71	V62M
Q86YT5	T460N
Q6GPH4	D4A
Q6GPH4	R287W
P07307	N37D
P78352	T611I
P78352	R586Q
P78352	D186V
P78352	G177V
P78352	T57I
O14641	V419I
P14672	R282H
Q96JN8	G1080S
Q96JN8	N35S
Q13470	G48S
Q8NFZ4	R172H
Q8NFZ4	R642W
Q8NFZ4	G754R
Q8NFZ4	A755V
Q8N4L4	R114H
Q8N4L4	R120H
Q8N4L4	E215Q
Q8N9M5	R62Q
P11230	L285P
Q9P1Z0	A980T
Q9P1Z0	G749S
Q9P1Z0	G492A
Q9P1Z0	T266A
Q9P1Z0	G206R
P24928	L236V
P24928	V260M
P24928	R460Q
O60248	L184P
Q9BUR4	V245M
Q9BUR4	T505M
Q9P225	T437M
Q9P225	A1036T
Q9P225	A2659V
Q9P225	S3826L
Q8N137	G13R
Q8N137	T230I
Q8N137	R352Q
O15296	A228T
O75342	C410F
O75342	L269F
O75342	V212F
O75342	R19Q
O15534	R1112Q
O15534	A912T
Q96GS4	E103D
Q2NKJ3	R561C
Q2NKJ3	Q316R
O15067	E37K
O15067	N1175S
O94989	R597H
Q6ZNG9	Y414C
Q6ZNG9	H380Y
P61254	N43S
A6NCQ9	L179P
P35580	G648D
Q8IWD5	S554L
Q8IWD5	I339T
Q8IWD5	P214T
Q8IWD5	G114S
Q8WYR1	G485S
Q70EL4	T911A
O95838	C533S
Q9UKX3	A1530V
Q9UKX3	A1411V
P11055	V1874M
P11055	S1240L
P11055	I1116T
P11055	F834S
P11055	G769D
P11055	K571R
P11055	P542T
P11055	R109H
Q6QAJ8	T71M
Q8IZQ8	Q647H
Q9BQ52	R166Q
Q9BQ52	P142L
Q9BQ52	T57I
Q01453	S79F
Q01453	T23K
Q01453	H12Y
O95361	R85S
O95361	S48L
Q19AV6	R64H
Q9Y2B2	F146L
Q9Y2B2	A219T
Q7Z7K6	A28P
Q9Y5S1	V427A
Q9Y5S1	H617R
Q9HBT7	N350S
Q9HBT7	R279Q
Q9HBT7	D252N
Q9P2J8	H286R
A2RUR9	V294I
A2RUR9	R925H
A2RUR9	I1023N
Q6WCQ1	A576V
Q6WCQ1	V798I
Q8N2A8	S231F
Q8NFG4	E434Q
Q8NFG4	K342N
Q8NFG4	A252S
Q8NFG4	I180L
Q8NFG4	E146V
Q9NPB1	S120N
Q9NWA0	Q22P
P36956	V529M
P36956	T226M
P36956	P111L
Q6ZVM7	D476N
Q9H069	R310H
Q9UKN7	R482Q
Q9UKN7	A551T
Q9UKN7	S672P
Q9UKN7	R699C
Q9UKN7	A720V
Q9UKN7	A753T
Q9UKN7	P772R
Q9UKN7	G785V
Q9UKN7	P808S
Q9UKN7	A902V
Q9UKN7	P910Q
Q9UKN7	R1080H
Q9UKN7	D1304N
Q9UKN7	S1319C
Q9UKN7	G1418R
Q9UKN7	G1441V
Q9UKN7	S1481P
Q9UKN7	A1573T
Q9UKN7	A1573V
Q9UKN7	L1582P
Q9UKN7	V1620I
Q9UKN7	R1735W
Q9UKN7	C1788G
Q9UKN7	R1835L
Q9UKN7	R1923C
Q9UKN7	R1923H
Q9UKN7	R1937G
Q9UKN7	R1937H
Q9UKN7	R1993W
Q9UKN7	W2148R
Q9UKN7	R2187H
Q9UKN7	R2204H
Q9UKN7	G2423S
Q9UKN7	Q2716R
Q9UKN7	R2775L
Q9UKN7	R2775H
Q9UKN7	S2820R
Q9UKN7	R2932K
Q9UKN7	R2942C
Q9UKN7	F2943S
Q9UKN7	C3148Y
Q9UKN7	R3272C
Q13045	C1265R
Q13045	R1240C
Q96C03	R343Q
Q96C03	R384H
Q96C03	E395A
P34896	T439I
Q6DKI2	L118F
A0PJK1	R465Q
Q9UPM9	D177H
Q9UPM9	R160H
Q9UPM9	R114Q
Q9ULX5	A222T
Q96FL8	I297V
Q96FL8	T506M
P51648	V116I
P51648	R177Q
P51648	T184A
P51648	S212R
P51648	I224V
P51648	D245A
P51648	Y279H
P51648	R311C
P51648	N350H
P51648	S365P
Q86VL8	A584V
Q8IYT8	S522L
Q5M775	I304T
Q5M775	R831H
A8MXV6	G187R
P46734	M223I
O00182	E313D
P35228	R1089W
P35228	C776F
P35228	M656T
Q8N511	L15S
Q8N511	V122I
P04004	L98P
Q96NT5	G338S
Q96NT5	V91L
Q13183	V31I
O15353	A555V
Q96S52	R185C
Q96R06	N1107S
Q96R06	M1104V
Q96R06	R538H
Q96R06	R148H
Q8NCQ7	A118V
Q8NCQ7	N97S
Q8NCQ7	A21V
Q86SG6	L129F
Q8WU58	E550D
Q96QT6	A887G
Q53EL9	S906G
Q53EL9	R849Q
Q53EL9	R293Q
Q9P0Z9	R170H
Q9P0Z9	G293R
P05813	R58H
P05813	I116V
Q6UXT9	T421M
Q76I76	G1229S
A4FU69	P44S
A4FU69	R385Q
A4FU69	A831T
A4FU69	H1128Q
O75976	D6E
O75976	N879S
Q15022	L660P
Q96QE4	V348L
Q96QE4	D388A
Q96QE4	P449L
Q96QE4	R616Q
Q96QE4	E750D
O94832	Q989E
Q96NB3	N207D
P49916	A215T
Q8TC99	M126V
Q9NVX2	M450T
Q8IWX7	T56M
Q8IWX7	N326S
Q8IWX7	R715Q
Q8IWX7	R721Q
Q8IWX7	C784Y
Q08AF3	R326K
Q8IYM2	T361M
Q8IYM2	R269K
Q8IYM2	M254K
Q68D06	P717L
Q68D06	V630I
Q68D06	S235F
Q68D06	I198L
P0C7P3	R528H
P0C7P3	S142R
P0C7P3	I16V
O00623	P285S
Q92804	R388H
Q92804	Y455C
P13501	A5V
P55774	D72N
Q15649	V62I
Q96H55	R759Q
Q96H55	P323L
Q96H55	P10L
Q9H3C7	T391A
Q6IN84	C120S
Q6IN84	F168L
Q13085	M1211V
Q13085	D880H
Q13085	R266H
Q9UMZ2	I702V
Q9UMZ2	T599A
Q9UMZ2	P593A
P35680	A502E
P35680	M160T
P35680	N146T
P35680	D77E
P35680	L74W
P35680	E32K
Q6IPX1	A507T
Q9BRJ2	S72L
Q9C0H9	V645I
P55198	T531N
A6NH57	R35Q
P84098	A179V
P84098	I185F
Q9NYV4	S569P
Q9NYV4	S1096P
Q9NYV4	S1226N
Q9NYV4	P1475T
Q15784	E130K
Q15784	G62A
Q15784	V58A
Q14849	T246M
P11086	R245H
Q96FM1	E270K
Q96FM1	V175A
Q96FM1	M135T
Q96FM1	P105Q
Q96FM1	G3D
P04626	A270S
P04626	P1102S
Q14451	T33A
Q14451	R100C
Q9UKT9	I433V
Q8TAX9	R147Q
O43242	P28L
P10827	T273N
P10827	G291S
P20393	G399S
Q9UHV5	I613V
P11388	V928I
P11388	G449S
Q8IZW8	S241L
Q8IZW8	A156T
Q969G3	W104R
Q969G3	G101S
Q969G3	K92Q
Q2M2I5	T405M
Q7Z3Z0	R267H
Q7Z3Z0	G66A
Q7Z3Y9	D291N
Q7Z3Y9	S127F
Q7Z3Y9	R15Q
Q7Z3Y8	T8A
Q7Z3Y7	R392H
Q7Z3Y7	T343A
Q7Z3Y7	S304T
Q7Z3Y7	A268D
Q7Z3Y7	V56A
Q99456	N206S
Q9C075	R283S
Q6A163	R412C
Q6A163	K281R
Q6A162	G36S
Q9BYR6	G8S
Q9BYR8	R7C
Q9BYS1	S102G
Q8IUG1	T132S
Q8IUG1	S38R
Q07627	I116V
Q07627	S84T
Q9BYQ9	V178M
Q9BYQ9	K76R
Q9BYQ6	R68S
Q9BYQ5	R177Q
Q9BYR2	R153Q
Q9BYR3	N3S
Q9BYR5	T74S
Q9BYQ3	W19C
Q9BYQ3	N124S
Q9BYQ2	R53H
Q9BYP9	T79P
A8MUX0	A157T
A8MUX0	S66N
Q14525	L99V
O76014	E128D
Q92764	G433S
Q92764	A322T
O76013	P424L
O76013	S236N
O76013	R32H
P19012	Q447K
P35527	G545E
P35527	L419V
P35527	Y345D
P35527	V171G
P35527	Y167S
P35527	L160P
P35527	A141S
P01350	P72L
P54257	R209C
P14923	T739A
Q92791	V328I
Q96AY3	Q60P
Q969T7	N131S
P09543	E267D
Q96C10	R334H
Q9UQ05	G190S
Q8N2G8	A510E
P51692	K632N
P42229	A187G
P42229	Q188P
Q9UH92	Q139R
P23258	I141L
P23258	T242I
P23258	T274N
P23258	E342K
Q7Z736	R775H
P46092	S329G
P78357	G349V
P78357	D733G
O60895	T57M
Q9Y2R0	E89K
Q8N815	G3R
Q8N815	R104T
Q14457	T259M
O75106	A8V
O75106	R273W
Q16853	T381M
Q96C34	T505M
P80217	G34R
P80217	V271I
Q99536	N350S
Q13368	R543Q
Q6UXG3	A169V
Q6UXG3	P183A
Q6UXG3	A306D
P01298	S77L
Q9BUM1	G113R
Q9BUM1	R140C
Q9UQL6	D593E
Q9UQL6	D590E
Q96NS5	R30Q
Q71RG4	R225C
Q9BZJ4	G359S
Q9BZJ4	T267M
P28799	M1V
P28799	A211T
Q9UKJ3	A448V
Q14332	P180S
Q14332	K206Q
Q14332	R457Q
Q14332	R559G
A2RUB1	K596Q
Q8NFT6	C32Y
Q8NFT6	V191M
Q8NFT6	Y545H
O75078	G34R
Q15029	N969S
Q15029	R938H
Q15029	T678M
Q15029	I576V
Q15029	V550D
Q15029	G494D
Q15029	G455S
Q15029	R394Q
Q15029	V384I
Q15029	K379N
Q15029	P376R
Q15029	N286S
Q15029	T112M
Q15029	V97A
Q8NC06	R221W
O95466	P18S
O95466	P1021L
Q99558	Q631E
Q99558	D554Y
Q6ZUM4	A698T
Q9Y4G2	M699V
Q9Y4G2	N576S
Q9Y4G2	A354V
P10636	P59L
Q8IY85	R666H
A7MCY6	S217P
Q96FV2	G400S
Q96FV2	T394A
Q9BU68	R100Q
Q96JB5	V277A
Q9P299	G22A
Q92826	A236S
Q8N841	R475Q
Q13137	M304T
Q13137	E318K
Q8NHY0	V84A
Q8NHY0	R121H
Q9P2A4	V337I
Q9P2A4	V349I
Q86UU9	R70Q
O60479	N179K
O60479	Q178H
O60479	Y88C
P26006	E915Q
P26006	R943G
P26006	E981D
Q9H1B5	A150T
Q9H1B5	E220D
Q96AY2	A284V
Q96AG4	K96R
Q9HA92	P207L
Q9H201	R278Q
Q8TB22	R324C
Q8TB22	I529V
O15438	A1035V
O15438	M1105V
Q8TEU8	R7H
O60271	R467K
O60271	T287A
O75674	A391T
Q9Y6N1	F35C
Q9Y6N1	G8A
Q6ZWJ1	I25V
Q13253	L14P
Q13253	P24S
Q13253	P170L
Q13253	S185C
P52429	G281E
Q14258	I457V
Q14258	A189V
P38432	V442M
P38432	V145I
P38432	N139S
Q9HB40	E355K
Q92667	A90V
Q92667	R270S
Q92667	P415S
Q9Y3D9	R149W
Q9Y3D9	P59H
Q07955	L84R
Q07955	A70T
Q07955	G40V
Q15615	R309K
P58180	V135I
P58180	F212L
P58180	V252I
P58180	R305W
P11678	G110R
P05164	A394V
O95153	R889Q
O95153	E787K
Q9NYA4	L826P
Q9NYA4	V775I
O43502	E36G
Q96HE9	I91V
Q00610	I675V
Q00610	R1039C
Q00610	A1269P
Q00610	D1580G
Q00610	N1590S
Q96GC9	T177A
Q6AI08	R1041Q
Q6AI08	N1002S
Q6AI08	A753V
Q8NFA0	I1004V
Q13207	P387L
P57082	M1I
P57082	A24V
P57082	K91E
P57082	G106S
P57082	Y127N
P57082	Y127S
P57082	V218M
P57082	R250W
P57082	D329Y
P57082	P414L
P57082	R483Q
P57082	T521S
Q9H0H0	N157S
Q86UE8	T140M
Q86UE8	R363W
Q86UE8	R345W
Q86UE8	G630A
Q86UE8	Q703R
Q86UE8	N767D
Q99759	I441M
Q92925	T201M
Q92925	M178L
Q92925	A24V
P0DML3	D135N
P0DML3	R6Q
P01242	S168T
P01242	N166K
P01242	Y129F
P01242	R120S
P01242	L118F
Q14406	R117W
Q14406	R6Q
P35499	S670Y
P35499	H541Q
P35499	H478Q
P35499	R222Q
P13598	V106I
O75460	G557E
Q8IWB9	R532Q
Q8IWB9	A86T
Q96GE4	I11V
Q96GE4	M439V
Q8N8E3	A78V
P42694	V1774A
P42694	I1483T
Q96EG1	V199M
Q96EG1	V256M
Q96EG1	L279V
Q96EG1	Q400R
Q96EG1	A419T
P10644	F293I
P10644	R333H
O94911	S392L
O94911	L60P
Q8IUA7	S1577N
Q8IUA7	Q908P
Q8IUA7	V839M
Q8N139	V1459I
Q8N139	A1387V
Q8N139	R1227Q
Q8N139	V1176E
Q8WWZ4	V1386F
Q8WWZ4	T320A
P63252	T142I
P63252	N216Y
P63252	R260H
Q8N1S5	V31I
Q8WTW3	H192P
Q9H3Q1	V335L
Q9H3Q1	P254L
Q9H3Q1	G235E
Q9H3Q1	S133G
Q58EX2	I1462V
Q58EX2	T526N
Q9BSA4	A118V
Q9BSA4	D126E
Q9GZS0	P330L
Q9GZS0	V422I
Q9GZS0	M499I
Q2TAC6	T738M
Q2TAC6	R791Q
Q7Z601	A178T
Q7Z601	A269T
Q9UGN4	R285Q
Q08708	R118Q
Q96AX2	V77M
Q96AX2	H197R
Q8NE00	R101Q
Q8NE00	V247I
P22570	P403L
P22570	D368N
P22570	V111A
Q495M9	G328V
Q7RTS6	V162I
Q7RTS5	V34M
Q7RTS5	E55K
Q7RTS5	V116I
Q7RTS5	P341L
Q7RTS5	A463T
O15375	A430T
Q9H6L4	E51Q
Q9H6L4	V100I
Q8TCD5	V149I
Q9BW27	V16M
Q9BW27	P126S
Q9NZ52	A479T
Q9NZ52	A479V
Q9NZ52	L387F
Q9Y2R9	T143S
Q9Y2R9	R198Q
Q9Y2R9	A230T
Q9HC21	V162M
Q9HC21	V83I
Q7Z6J9	P407L
Q7Z6J9	R438W
Q6P1M3	D320N
Q6P1M3	N476S
Q6P1M3	R978H
O94762	A847T
O94762	R577Q
O94762	A571T
Q70J99	H754P
Q70J99	G753V
Q70J99	S358G
Q70J99	V183I
Q70J99	P38R
Q969T9	Y170H
Q969T9	R125Q
Q969T9	P54R
Q969T9	N33S
Q96LD4	R269Q
Q6PJ69	P511L
Q6PJ69	V427I
Q6PJ69	R214Q
Q6PJ69	A209V
Q96DV4	A285T
O43603	A324V
O43603	R353C
Q401N2	R105Q
Q9UPT5	S377T
Q9UPT5	D325N
Q8IYN6	R138C
Q16613	T187A
Q6PJF5	I761F
Q6PJF5	H585R
Q6PJF5	A361V
Q6PJF5	P275L
Q3V5L5	A654T
Q9HCJ0	N528S
Q7Z403	G787R
Q7Z403	K253N
Q7Z403	S200F
Q7Z403	R104C
Q7Z403	W68R
Q8IU68	R223Q
Q8IU68	K272E
Q8IU68	S656N
Q8IU68	H686P
O15392	R133C
A6NFC5	G67S
A6NFC5	F190L
O14543	F136L
Q9P275	A995T
Q9P275	E789G
Q9P275	F545L
Q9P275	G438A
Q08380	A273T
Q08380	D102N
Q8WVQ1	M165V
Q8WVQ1	A82V
Q8NFI3	V160I
Q8NFI3	V467I
A6NFN3	P4T
Q6UWV6	F319L
Q6UWV6	P420L
Q6UWV6	V451M
Q14781	G246S
Q14781	V257M
Q14781	A375T
Q14781	A452V
Q14781	P483L
Q4G0X9	V56I
Q4G0X9	T112M
Q4G0X9	M354I
Q4G0X9	D414N
Q4G0X9	R1113H
Q9BXL6	Q249P
Q9BXL6	R275H
Q9BXL6	R311Q
Q9BXL6	S453C
Q9BXL6	A477V
Q86WA9	V163I
Q86WA9	V410I
Q86WA9	A545T
Q96FZ7	R31K
Q9UQB8	A480T
Q9UQB8	R547C
Q9UPN4	A982V
Q9HBR0	A939V
Q9HBR0	S905G
Q9HBR0	R873H
Q9HBR0	P631L
O14926	V171M
O14926	G276R
Q0VG06	R749Q
Q0VG06	A409V
Q0VG06	G109S
Q9H1Z9	R200C
P18545	V47G
Q6PK04	G123R
O14964	M428V
Q9UBX3	V131M
P47871	R412L
C9JLW8	P56S
Q86WC6	T126A
Q86WC6	A96T
Q99447	M48T
Q9NRC8	R372Q
P32322	D186Y
P32322	R129Q
P32322	L108V
A6NDP7	A66V
Q6P988	G4E
Q9BZE9	T146M
Q9BZE9	R152Q
Q9BZE9	A198T
Q96CN5	R252Q
Q96CN5	A494V
Q96CN5	V537A
Q7Z4W1	E105D
Q9Y644	P328L
P49327	A1901T
P49327	T898M
P49327	G882D
Q2TAC2	P806R
Q2TAC2	A690T
Q2TAC2	R525Q
Q2TAC2	V488M
O15427	V13I
O15427	V369I
P09564	N215S
P09564	P4A
Q8WVN6	A246T
Q8WVN6	A107T
Q6PK18	V128I
Q6PK18	R124Q
Q6PK18	R76H
Q9BQA9	I157V
Q9BQA9	N62D
Q9BQA9	V52I
Q9BQA9	L35F
Q9UHQ1	R156H
Q9UHQ1	R185H
Q01167	P504Q
Q641Q3	P17A
Q641Q3	G162S
Q641Q3	R228H
Q641Q3	R253H
O14777	T410A
A6NHR9	W596G
A6NHR9	D670Y
A6NHR9	R1012K
Q9BXX0	R574H
Q9BXX0	R834G
P52179	E520D
P52179	E81A
P52179	A77S
Q9Y2J2	I936V
Q6UB98	K679R
Q6UB98	N1396S
Q6UB98	S1450G
Q6UB98	D1566E
Q15311	A605V
Q15311	G624S
Q8TF05	I60V
Q86VQ3	V169M
P38405	V146M
P38405	V354A
Q53F39	R284Q
Q8TEP8	N380S
Q8TEP8	V832I
Q8TEP8	A897T
Q8TEP8	R956C
Q8TEP8	T1547M
Q96ND0	V163I
P33032	A196T
Q01718	P273S
Q01718	S256F
Q01718	G226R
Q01718	V49M
Q01718	N13D
Q9BXX2	N19S
Q9BXX2	V411E
Q86YT6	I479V
Q86YT6	N784S
Q99708	A825V
Q9H3N8	T76M
Q96K83	V1133A
Q15532	M198I
Q8TAA3	I82V
Q719H9	V248I
Q02487	H604N
Q02413	I14F
Q02413	I211T
Q02413	K537R
Q02413	L539V
P32926	M2T
Q9Y2L5	I1264V
Q96EQ8	S59F
Q96EQ8	R165Q
Q16820	R622Q
Q5BJE1	T708A
Q5BJE1	E680K
Q5BJE1	T450M
Q5BJE1	G40D
Q9Y4J8	R31Q
Q9Y4J8	T504M
Q9Y4J8	A310S
Q9Y4J8	A380V
Q15555	R173Q
Q86W11	L108V
Q13433	S181G
Q13433	R110H
Q6IA86	A270T
Q96EN8	S22R
Q96EN8	R144H
Q96EN8	S530L
Q96EN8	A561T
Q96EN8	R801H
Q86T90	A351T
Q9BZC1	A373T
Q9BZC1	A292T
Q9BZC1	A280T
Q9H939	N86S
P25705	L124V
P25705	A38T
Q8IVV2	R733C
Q8IYT4	A134V
Q8IYT4	T156S
Q8IYT4	L290V
Q8IYT4	E391D
Q8IYT4	M477V
Q15796	Y406C
Q15796	S353R
Q15796	R329G
Q15796	T303R
O43310	A267T
P42765	V378I
Q96M91	E65G
Q96M91	R24I
Q96BD8	R208H
P23368	S372N
Q9UNA4	Y623H
Q9UNA4	A655V
P59095	P150A
O00194	D153E
P15884	P493A
P15884	P485L
P15884	E551D
P15884	V613I
P15884	L477P
P15884	L477V
P15884	R574C
P15884	R572L
P15884	N548D
P15884	G366S
P15884	P348A
P15884	I422T
P15884	M411V
P15884	R364L
P15884	S153N
P15884	Q123H
P15884	T138A
P15884	C121G
P15884	S108L
P15884	T104A
P15884	H3R
P15884	H2L
O95948	G44S
P22830	A155P
P22830	G55S
P22830	Q54R
O43520	E377D
O43520	D247H
O43520	V154I
Q9UDY8	P168T
Q9HCE3	T704A
P49257	R10Q
Q6UXH8	T243A
P32245	S180P
P32245	D90N
P32245	L86F
O95427	R583Q
Q9Y6Q6	K49N
Q9Y6Q6	C127Y
Q9Y6Q6	M566V
Q9C0B9	A25S
Q9C0B9	P59R
Q9C0B9	N1154S
O60346	V1382I
Q06136	V126L
Q96P63	N86S
P48594	I27T
P29508	R374K
O75635	N61D
O75635	R212W
O75635	T268I
P05120	V376I
P48595	S245N
P50452	L85W
P50452	P102S
P50452	Y179H
P50452	E189K
P50452	I289T
Q96JJ7	I367V
Q68D86	S361L
Q68D86	R464Q
Q15762	D211N
Q15762	E31K
O14544	G58S
Q8TDF5	A171V
Q8NCQ5	A125T
Q8NCQ5	A51T
Q9BVV7	T191M
Q96KP4	R369H
Q9C0G0	N579H
Q9C0G0	I1219V
Q9C0G0	T1914A
Q9C0G0	G2118R
Q6ZSZ6	L621P
Q92618	N788S
Q92618	G640S
Q9UL36	S430P
Q9UL36	N1029S
Q9UL36	G1488S
O43861	I104V
O43861	R379Q
Q9Y5B0	A5D
Q9Y5B0	A106V
Q9Y5B0	L145P
Q9Y5B0	A754T
Q9UJ96	S449G
Q8N0V3	A91V
Q8N0V3	G278R
Q8NGA8	T281I
Q8N344	V281A
Q9P2T0	R6Q
Q8TF44	G208S
P98077	V209I
Q3SX64	A192T
P51124	M147V
O00411	R1113H
O00411	Q877R
O00411	P367A
O00411	R256Q
O95633	G252D
Q6UWY2	P185L
Q8IVT2	M36V
Q8IVT2	R177Q
Q8IVT2	F606L
Q8IVT2	S644L
P24158	S131N
P00746	E69K
P00746	R192H
Q9Y2X0	S861P
Q9Y2X0	A425T
Q969F8	P196H
Q99856	P205S
O60391	H117Y
O60391	R216Q
O60391	R989H
O60391	P1039R
Q4ZIN3	M150V
Q92619	P435L
P36969	E185K
Q9Y2G9	R554H
Q15831	G196R
Q15831	Q305P
Q15831	H306Y
Q15831	S334G
Q15831	M392I
Q15831	G408R
Q8N350	T6A
P30049	M38V
P30049	Q57R
P30049	M124V
O75251	D102N
Q6UW60	N629S
Q6UW60	E474K
Q6UW60	R330H
Q6ZMM2	R114H
Q6ZMM2	P80L
O14957	A29T
O14957	T3S
O60423	A1108V
O60423	S811F
Q8N1G1	G470S
Q8N1G1	S421G
Q8N1G1	T340M
Q8N1G1	G196S
Q969E2	I56V
Q969E2	I138V
Q969E2	V160M
Q8TEK3	G594S
Q8TEK3	A1266T
Q8TCT7	S60G
Q8TCT7	L246H
P52888	R333H
Q86TJ5	G308S
Q8NEP9	R155H
Q9HAH1	R356H
Q9H808	G137E
Q9H808	S348T
Q9H808	G352R
Q9H808	V550I
Q9H808	V557I
P29992	L170M
P29992	Q209E
P29992	Q209R
P29992	V340M
O75264	G120R
Q9UM11	R23C
P21731	S283Y
P21731	A142T
P21731	F66L
Q8WUQ7	A106T
O96018	A375T
O96018	V270I
O96018	G45S
Q96IS3	S4R
Q9UPR6	G917E
Q9UPR6	E767Q
Q9UPR6	H527Q
Q9UPR6	A335T
Q9UPR6	R117H
P13639	G95S
O95365	G141R
P36507	L255P
P36507	G132V
P36507	R112Q
P36507	R112W
P36507	A56D
Q8TF21	A182T
Q8TF21	L422F
Q8TF21	T582M
Q8TF21	E615A
Q8TF21	G656R
Q14213	S14G
Q14213	R73Q
Q14213	T85A
Q96IW2	P209S
Q96BF3	N105S
Q96BF3	R86Q
Q96BF3	R54Q
Q9UGK3	P31S
Q8N594	G465S
Q99961	V332I
Q13111	A70T
Q13111	E107K
Q13111	I792V
Q13111	G944S
Q96Q06	A873V
Q96Q06	T524S
Q96Q06	A477V
Q00G26	A310P
Q00G26	P271L
P02750	E277K
Q8IUC6	P619Q
Q8IUC6	R606Q
Q8IUC6	E438K
Q8IUC6	A78T
O94953	T351S
O94953	S1051L
O94953	A1055V
Q13332	V462I
Q8WWF5	A234V
Q14151	M682L
Q7Z5J1	R304P
Q86XM0	R164H
Q86XM0	S414L
Q86XM0	G682S
Q86XM0	K757R
Q8IZ63	G219S
Q8IZ63	A105V
Q96G46	A267T
P51993	G353S
P51993	E345Q
Q11128	K244Q
Q11128	A209V
Q11128	V89M
Q2NL98	H38R
P48378	A148T
Q5FVE4	G3E
Q5FVE4	M645T
Q16740	I100T
Q16740	E221K
O60542	Q113R
O60542	A83T
P35269	S7G
Q8N5S1	M57V
Q9BV35	R432W
Q8IV53	R789Q
Q8IV53	A574T
P41273	V26L
P01024	D1457E
P01024	T1188I
P01024	T162R
P01024	R161W
Q9NPR9	A38T
Q15642	A294V
P15498	A299T
P15498	E475K
Q14246	S139G
Q14246	S156N
Q8N988	S302L
Q8N988	I332V
Q8N988	M388R
P06213	M1078I
P06213	E238K
Q6ZSZ5	R508P
Q6ZSZ5	Q1040K
Q9NW07	G126D
Q9NW07	P440S
Q9GZU1	L209F
Q9GZU1	A416V
Q9P1Y5	G1245S
Q15833	N62S
Q15833	G566D
P06734	G115R
Q9H2X3	R141Q
Q9H6K5	K56R
Q6NSJ5	A208V
Q13487	P182S
Q13487	S193L
Q13487	E258D
Q13487	P293S
O43615	V375I
Q9NPF0	T149M
Q9NPF0	R125H
Q6NY19	Q540L
Q96QH2	V88F
Q96IQ9	H201N
Q9H324	L16R
Q9H324	S447L
Q9H324	P215S
Q9H324	S82L
Q9H324	T23M
Q8TC94	R35Q
Q8NG97	V113I
Q8WWY6	S84L
Q8NGA1	A133T
Q96PQ6	V403L
Q96RA2	H259Y
Q32M78	S142Y
Q32M78	P61L
Q8N587	P271H
Q8N587	R8H
P25940	A1714V
P25940	A1096V
P25940	P132S
P25940	G74S
Q8NI99	R322Q
O95136	R307W
O95136	R301W
P05362	R458Q
Q9UMF0	P624S
P32942	F451L
P29597	H993Y
P29597	P871S
P29597	R568W
P29597	V387L
P27815	A872T
Q9H228	P332L
Q86TL0	L179P
Q8IWA5	K144Q
Q8IWA5	R170Q
Q8IWA5	V645I
Q9BXR0	R191Q
P50570	F372S
P50570	M377I
P50570	D614N
P50570	N641S
Q9BWQ6	N289K
Q9BWQ6	L279F
Q9BWQ6	R185Q
Q96HP0	T746A
Q96HP0	V714M
Q96HP0	K147N
Q96HP0	I13T
Q9UKR8	I27V
P0C7I6	C250R
Q96GM1	V105I
Q3MIN7	R691G
Q3MIN7	V619I
Q3MIN7	P121L
P14314	W13S
P14314	T38A
P14314	D270G
P14314	M490V
Q96CK0	C396Y
Q96CK0	V296M
Q9BQ95	R62Q
P13686	C238R
Q8IYI8	N172Y
Q8IYI8	R412Q
Q8NDP4	P163L
Q8NDP4	L173F
Q8NDP4	S291I
Q08AG5	I211V
Q08AG5	R622H
P52737	R59Q
Q8TA94	A3T
Q9H7R0	T539S
Q96GE5	L156F
Q9Y2A4	V425I
Q9Y2A4	S106N
Q9ULM2	L59F
Q3KP31	R484Q
O00754	R750G
O00754	R591H
O00754	R229L
O00754	S103L
O00754	P69A
O00754	L39P
Q9BRX9	I166V
O14787	S683T
O14787	D156Y
Q8NFU1	R356Q
Q96ED9	R224Q
O75792	R286Q
O75792	Y287H
Q9BSG5	R32H
O00115	V206I
Q9Y285	R271H
Q8N907	R154H
Q8N907	M178V
Q9NXH9	T628I
Q9NXH9	C348R
O60499	V112I
O00555	A2443V
O00555	P2421L
O00555	P2421A
O00555	R2332Q
O00555	M2256V
O00555	R2247G
O00555	G2236S
O00555	D2196E
O00555	R2155Q
O00555	H2152Y
O00555	S2078G
O00555	D2077N
O00555	R2072G
O00555	T2044A
O00555	Q1988H
O00555	R1977C
O00555	V1808I
O00555	V1806A
O00555	P1769L
O00555	Q1731H
O00555	I1708L
O00555	I1707T
O00555	R1678S
O00555	R1660C
O00555	D1643Y
O00555	V1591A
O00555	G1517R
O00555	T1512A
O00555	A1507T
O00555	F1505S
O00555	P1498R
O00555	A1430V
O00555	R1348P
O00555	R1348W
O00555	R1345L
O00555	L1344P
O00555	V1282I
O00555	M1217T
O00555	P1177H
O00555	P1116L
O00555	T1012M
O00555	A1011T
O00555	R987G
O00555	R984W
O00555	H955Q
O00555	A920V
O00555	E907G
O00555	S901W
O00555	G876S
O00555	H865L
O00555	E842K
O00555	M815V
O00555	V713M
O00555	G700E
O00555	I624F
O00555	L617S
O00555	R588C
O00555	T423A
O00555	F363S
O00555	C272Y
O00555	E246K
O00555	S218P
O00555	P202L
O00555	G180C
O00555	G162V
O00555	E101K
O00555	Y62N
O00555	Y62H
O00555	M52V
P22670	G407S
P22670	G389S
P22670	G198S
Q6UWB1	G6A
Q6UWB1	L97F
A6NDB9	V247A
P48960	G131S
P48960	D503N
P48960	S528N
Q6ZS10	E74D
Q9BY15	N211S
Q96JL9	R128W
Q96JL9	T141M
Q96JL9	D169G
Q96JL9	A197T
O76100	V247I
Q6ZW31	G54R
Q6ZW31	T696A
A1L0T0	V545I
A1L0T0	V402M
Q9UM47	M2280V
Q9UM47	R2150H
Q9UM47	R2145Q
Q9UM47	R2080W
Q9UM47	R2078Q
Q9UM47	P2033S
Q9UM47	P2033A
Q9UM47	R2009Q
Q9UM47	R1981H
Q9UM47	A1980T
Q9UM47	K1960R
Q9UM47	A1947V
Q9UM47	R1837H
Q9UM47	A1775T
Q9UM47	D1774N
Q9UM47	L1647V
Q9UM47	K1473N
Q9UM47	C1315W
Q9UM47	R1309C
Q9UM47	G1301S
Q9UM47	G1268R
Q9UM47	C1232W
Q9UM47	R1210C
Q9UM47	R1201H
Q9UM47	C1191R
Q9UM47	C1137R
Q9UM47	R1100H
Q9UM47	G1097R
Q9UM47	G1058C
Q9UM47	C1004Y
Q9UM47	E990Q
Q9UM47	C988Y
Q9UM47	C939R
Q9UM47	C933F
Q9UM47	H920R
Q9UM47	G918C
Q9UM47	R785C
Q9UM47	P774R
Q9UM47	P761L
Q9UM47	R680C
Q9UM47	I658T
Q9UM47	C617R
Q9UM47	C597W
Q9UM47	R592H
Q9UM47	C579Y
Q9UM47	C568R
Q9UM47	C559Y
Q9UM47	R558H
Q9UM47	P551S
Q9UM47	C549S
Q9UM47	T540M
Q9UM47	C522W
Q9UM47	C511W
Q9UM47	N489S
Q9UM47	G481C
Q9UM47	C435Y
Q9UM47	C435R
Q9UM47	C428R
Q9UM47	S414C
Q9UM47	C402S
Q9UM47	C395Y
Q9UM47	C379Y
Q9UM47	C323Y
Q9UM47	C318W
Q9UM47	C311Y
Q9UM47	L295R
Q9UM47	V237M
Q9UM47	C233W
Q9UM47	C222R
Q9UM47	T211I
Q9UM47	C201S
Q9UM47	G179V
Q9UM47	C168S
Q9UM47	C162F
Q9UM47	C162R
Q9UM47	D160G
Q9UM47	R133L
Q9UM47	R133H
Q9UM47	C108S
Q9UM47	C106S
Q9UM47	C82R
Q9UM47	R75W
Q9UM47	C67S
Q9UM47	C65Y
Q9UM47	C65G
Q9UM47	A64D
Q9UM47	R61W
Q9UM47	C43Y
O43823	A674T
O43823	T610M
O43823	R355K
O43823	G257S
O43823	G114S
Q86YV0	V757I
Q86YV0	V162M
Q96PD5	S556R
Q96PD5	R135H
Q6NT55	A23V
Q6NT55	A194V
Q6NT55	Y245C
Q6NT55	E511Q
Q6NT55	L520P
Q9HCS2	S85P
Q9HCS2	F98L
Q9HCS2	R254Q
O60404	S192N
Q8NGA6	L27F
Q9Y4A9	T206M
Q9Y4A9	V19A
Q9HBI6	V25A
Q9HBI6	P2L
Q8NGA5	C148W
Q96L12	P254L
Q8IWX8	A102T
O95402	R211H
O95402	P172S
Q149M9	V120I
O75182	P263L
Q96RI0	V25I
Q96RI0	T60I
Q13459	S1049L
Q13459	T1473A
Q13459	A2151T
Q9H607	G85R
Q9H607	Q210H
Q8N6Y0	L698P
Q8N6Y0	M73T
Q8N6Y0	A43V
Q8NAG6	R354W
Q969Y2	R174P
Q969Y2	E210K
Q96EY5	T117M
Q96CM4	S82P
Q8NBJ5	G33V
Q8NBJ5	P127L
Q8NBJ5	R155G
Q8NBJ5	R226Q
Q9UPW8	F556L
Q66K74	P162L
Q66K74	N550S
Q66K74	N870S
Q66K74	R872G
Q66K74	R1030Q
Q9Y2A9	R137Q
P51460	V18M
P52333	I1003V
P52333	A919P
P52333	L875H
P52333	P791H
P52333	D784N
P52333	R775H
P52333	R403C
P52333	A261V
P52333	R222H
P52333	C193Y
P52333	V146G
Q92911	R611H
Q92952	R53Q
P42701	A574T
P42701	R486Q
P42701	V462L
P42701	R212Q
P42701	R173W
O60307	T196M
O60307	P815A
O60307	A1047T
O60307	R1200H
P13284	S242C
Q9H0B3	M916V
Q9H0B3	I749V
Q99988	V17M
Q99988	F125L
P55199	G426S
P55199	V358M
O75462	M1V
Q92900	S724F
Q86VD7	P131A
Q86VD7	A265T
O14593	I94V
O14594	A792P
O14594	P835L
Q8IWZ8	A121T
Q9Y6X3	S248R
Q9P0J0	L25W
Q8IUL8	R374W
Q8IUL8	G889E
Q9P107	G724S
Q9P107	G483R
Q9P107	G14S
Q9HD20	I1055V
Q8IZC7	E311K
P17017	R367Q
P35789	R30K
Q03938	H39N
Q96H40	T463M
O75373	R83Q
Q96N38	Y98H
Q96N38	K100E
Q8TF32	C214F
Q86V71	R106C
Q8IYN0	A130V
Q8IYN0	P114A
Q8IYN0	Q27H
Q8IYN0	S23N
P17038	R244H
Q8N7Q3	R504P
Q8N7Q3	T241S
A6NN14	R197Q
A6NN14	R532T
A6NK75	M510I
A6NK75	T429S
A8MXY4	M863I
A8MXY4	E673G
A8MXY4	Q612K
A8MXY4	Q451K
A8MXY4	I240F
Q96N22	R166G
O75437	R641Q
P47985	S51C
O95707	R41H
O95707	I177F
P24864	H263Y
O15090	V994M
Q63HK5	I345L
Q63HK5	A53T
Q8TCN5	S903G
Q6ZPD9	S336N
Q6ZPD9	V695M
Q96NW4	G991R
Q6ZS82	Q156R
Q6ZS82	A213S
A8MXV4	T112A
A8MXV4	D169A
Q587J7	N154S
P82251	G202R
Q8IUC4	A455T
Q8IUC4	R301Q
Q8IUC4	S67P
Q9BRR8	S259G
O75074	G672S
Q9NS82	V453I
P49715	A152P
P12955	V181L
P12955	G51R
P12955	M1R
Q9H2A9	A91V
P06744	H39R
P06744	R180P
P06744	A337T
P06744	A533S
P06744	K550E
Q9BRP1	Q295R
A6NIX2	F159L
Q9NR11	V47I
Q96NL3	G398S
Q96NL3	T202M
Q3KQV3	V244M
Q3KQV3	P197L
Q96CP6	T241S
Q14802	V47I
Q8N135	A186T
Q8N135	T62M
Q8N135	V48I
Q96DB9	R45Q
Q96DB9	R171Q
Q17R55	K285R
Q17R55	R166C
Q86X29	G354R
Q86X29	D457Y
P20916	T368M
P20273	Q152R
P20273	S190L
P20273	S625Y
P20273	M783T
O14843	V152I
Q6E0U4	G284S
Q6E0U4	H111R
Q6UWP8	A476V
Q6UWP8	S341G
Q6UWP8	G330E
P20648	T496P
O94927	R144Q
O94927	R259Q
O00321	R208G
Q9Y2Y4	R291Q
Q9Y2Y4	G434R
Q9H665	R342Q
Q9H665	G94S
Q6UWL6	R575Q
Q8NI38	R77H
Q8N205	L247I
Q8N205	V271A
Q8N184	T172M
A8MQ14	C225Y
A8MQ14	R162Q
Q52M93	A769T
Q52M93	T427A
Q8NB42	I172V
Q6ZN11	G69C
Q6ZN11	P74L
Q8NDQ6	R112H
Q8NDQ6	D277G
Q9Y2G7	E116G
Q96SK3	C144R
Q96SK3	Y3C
Q6ZRH7	M80L
Q6ZRH7	G1122R
P48556	L58F
Q86UU5	Q163P
Q17RN3	W9R
Q17RN3	Q16R
Q17RN3	R226C
Q17RN3	V289I
Q6ZSI9	N567S
Q6ZSI9	H469R
Q6ZSI9	R437C
Q6ZSI9	T334A
Q6ZSI9	G22R
Q6ZS11	T311I
Q6ZS11	E61K
Q15653	D159N
Q15653	R168H
I3L3R5	R209H
I3L3R5	R208G
I3L3R5	T68S
Q96EF6	I52V
Q8IZJ0	V120G
Q9P244	V59A
Q3ZCQ8	G56A
Q3ZCQ8	S9L
Q3ZCQ8	D121V
Q3ZCQ8	R317Q
Q3ZCQ8	P348S
Q9NYJ7	A81T
Q9NYJ7	P206S
Q05315	N65K
A8MZ59	A131V
Q9Y463	P609L
Q9Y463	P578S
Q9Y463	G429S
Q86UE3	R432H
Q9Y6R6	R717Q
O75290	R75W
Q02779	C143R
Q8IV08	G452E
Q8NE63	V583I
Q8NE63	G409S
Q8NE63	K399E
Q9BXM0	V1461I
Q9UHV2	A149P
Q9UJW9	R43H
Q8N2S1	P780S
Q8N2S1	E1081K
Q8N2S1	V1254M
Q8N2S1	L1344F
Q9Y6R0	A493T
Q96D53	R308W
Q96D53	R288H
Q96D53	A266T
Q96D53	R91C
P20853	D419E
P20853	I160L
Q16696	H164R
Q16696	E322D
Q96F63	R141Q
P01137	R156C
P01137	R152Q
Q9BPU9	R75Q
Q9NQT4	R178Q
Q7Z7M8	R244Q
A6NGS2	R63Q
Q3KPI0	T21I
O75871	P30L
Q14002	V165A
P06731	A566T
P06731	R581H
P40199	P103S
P40198	I84V
P09086	A83T
Q8TF50	F556L
P50548	P351L
P50548	P262L
P50548	L172F
P50548	G53R
A6NJB7	R119Q
Q7Z7M0	H1113Y
Q7Z7M0	K1758E
Q7Z7M0	R1783H
Q7Z7M0	P2711L
Q16557	K47E
Q9UQ74	T168S
Q9UQ74	G127R
Q9UQ74	T63A
Q00889	S143L
Q00889	Q87E
Q00889	E47K
Q13046	Q363E
Q13046	R313W
P11465	E11Q
Q00888	A225V
Q00887	R114Q
Q00887	R12H
Q8N6Q3	A121T
Q9BY14	P230S
O95274	M272T
Q6NSJ2	P85A
O95571	S203F
O95571	R163L
O95571	T136S
O95571	M1K
Q03405	P8L
Q6NXR0	A380T
Q6NXR0	G426R
Q9H0W8	T83A
O15554	R390Q
O15554	T64M
Q6UWN5	I139V
Q494X3	S320N
Q9UK13	H214R
Q12901	Q274H
Q9UK12	T362I
Q9UK11	R327G
Q2VY69	K458E
Q9UK10	R34Q
Q9UK10	V143I
Q9UK10	R312Q
Q9UK10	T697M
Q9NYT6	N2S
Q9NYT6	Q64R
Q9NYT6	N506S
A6NK53	G373D
Q9UJU3	R106C
Q9UJW7	G799D
Q9UJW7	M534T
Q9UJW7	G497S
Q9UJW7	P348L
P15151	H180R
P15151	R300H
Q2WEN9	V219M
Q2WEN9	A286T
Q2WEN9	T319M
Q2WEN9	M320T
Q9ULV8	V39M
Q9ULV8	M148V
P50895	R357H
P50895	V423I
P50895	V571M
P50895	G625R
P02649	R165P
P02649	G183A
Q01201	A166T
Q01201	D417N
Q01201	V524M
Q8WUU4	G225S
O75864	T588I
O75865	T56M
Q6QNY0	E68D
Q6QNY0	R164C
P18074	E745Q
P18074	A725T
O75298	R425W
O75298	R406P
O75298	R223L
O75298	T154M
Q9H6K4	M8V
Q9H6K4	M1V
Q6PJ61	P154A
Q8N196	A660E
Q8N196	A660T
Q8N196	L528V
Q8N196	P513L
Q8N196	Q483H
Q09013	R311Q
P55318	S87G
Q8IU81	T262A
Q9UNW9	N292T
Q9UNW9	T124M
O75594	S66T
Q9Y2N7	T383A
Q9Y2N7	D558N
Q9Y2N7	P564S
P0DP25	D130E
P43119	M107T
Q9NRY4	R1284W
Q9NRY4	D1340N
Q9NRY4	A1414T
Q9NRY4	P1433A
Q99742	G7S
Q9UPT8	S319G
Q9Y3X0	V66M
Q9P296	R19L
Q9P296	R66Q
Q9P296	G138R
Q14147	A651T
Q14147	R719Q
Q14147	A854T
Q14147	T991M
Q14147	T1112A
Q99687	G17S
Q9Y664	G425R
Q9Y664	R288P
Q9NZM4	Q569H
Q9NZM4	A1456V
Q9UP65	A18V
Q2M2I3	R318C
Q2M2I3	R316H
Q2M2I3	P141S
Q07020	D10E
Q8WTR8	Q424R
Q8WTR8	R204Q
Q5U651	R879L
Q8IYV9	V77A
P19526	A66T
O15382	I383F
O15382	K374E
Q9H4M7	A754S
Q9H4M7	T216A
O75807	Q598R
O00295	R174S
Q9UQ10	R167W
P01229	R109H
P01229	V99M
Q6NT52	L70V
Q6NT52	Q107R
Q6NT52	Q107H
P0DN87	V68A
O75145	R39C
O75145	R415W
O75145	W546C
P23327	G493S
P23327	R298Q
P23327	D66N
Q9GZN6	M697I
Q9GZN6	V357I
Q8IZ83	H96L
P49771	T2I
O14669	P34S
O14669	R133H
P10301	A205T
Q9H7N4	R114H
Q8TCG5	L130V
Q8TCG5	A407V
Q8TCG5	R514L
Q8TCG5	A656G
Q8TCG5	D802N
Q8WTR7	R344Q
Q8WTR7	R408C
Q8WTR7	G740S
Q6UXV1	P183L
Q6UXV1	V172M
Q14003	R703W
Q14003	Y701S
Q14003	G626R
Q14003	N573K
Q14003	V340M
P28340	P7S
P28340	E1067K
Q01892	A67T
O75388	S310C
Q9BZG2	V246M
P06870	E255K
P07288	R45H
P07288	R201H
P20151	R169K
Q9Y337	R164H
Q92876	S83F
O43240	R220Q
O43240	R161H
Q9UBX7	T18A
Q9UKR0	R152W
Q9UKR0	N131S
Q9UKR3	R113Q
P20138	S178P
P20138	A329T
Q8N7X8	G91R
Q8N7X8	A181T
Q8N7X8	R187Q
Q86VR7	P106L
P38117	R164W
Q16617	A97T
I3L1E1	L30F
Q96LC7	T616K
Q96LC7	C377R
Q9NYZ4	V239I
Q96PQ1	A402V
O43699	D443N
Q9Y473	R53Q
Q9Y473	A65S
P21462	N185D
P21462	I147F
Q9BSK1	Q175R
Q9BSK1	N146S
Q9BSK1	R123H
Q6PF04	E180K
Q6PF04	G181C
Q6PF04	N403S
Q8N883	N105S
O94892	S100G
Q08AN1	R764Q
Q08AN1	E25D
Q6PDB4	R66W
Q76KX8	S117P
Q96N58	R69C
Q8N4W9	T129M
Q8N4W9	P232Q
Q8N4W9	R523W
Q9NV72	R35C
Q9NV72	V135I
Q9NV72	I142R
Q9NV72	R253H
P51522	A477V
P51522	G439S
Q8N823	E271K
Q6ZNG1	V715L
Q6ZNG1	P144L
Q6ZNG1	Y27H
Q6ZNG1	Q25E
Q6ZNG1	Y24H
A2RRD8	N495S
Q96SE7	G789R
Q96SE7	R673Q
Q86XU0	T576I
Q86XU0	Y573C
Q86XU0	I221V
Q6ZN06	R179I
A6NFQ7	G100S
P59046	I499V
P59046	G468V
P59046	Q171R
P59046	R146G
Q8WXS5	A73S
Q9BXT2	R127H
Q8IYS5	V160A
Q8IYS5	L73P
O95167	V25I
Q96BZ8	G139A
Q7Z404	A587V
Q7Z404	R249H
Q96N66	G202R
Q9BSV6	P164S
Q9BSV6	E266G
O75022	V508I
Q6PI73	S287R
Q8N423	E412D
Q8N423	S408T
A6NI73	R66W
P59901	S283G
Q9H313	L301F
Q6NZY7	Q131K
Q6ISS4	P41L
Q6ISS4	G126D
O75019	P84S
O75019	S298Y
Q8N743	A303V
P43628	S144N
P43628	N285D
Q99706	Q149R
Q99706	I154M
P43629	R41Q
P43629	S239N
P43630	L103P
P43630	F154L
P43630	W247R
P43630	I252M
P43630	S442F
O76036	N111D
O76036	E215G
Q8WX94	V565M
Q8WX94	W123R
Q9HCN6	V232I
Q9HCN6	E215K
Q9HCN6	R211Q
Q9BZL4	P477R
P13805	R206Q
Q8N9W5	L483P
Q8N661	A107T
Q9UPN7	G731R
A6NC51	V20I
P20809	P28S
P20809	T18R
Q8WZ59	V109L
Q8WZ59	V109M
A6NL88	T272P
A1L4H1	P908S
A1L4H1	I1164T
A1L4H1	P1330S
P0C263	R198H
Q96C55	Q143E
Q8NCA9	G290A
P26368	R149W
P26368	R150C
P26368	V153M
P26368	V249D
Q9Y6I3	A270P
Q7RTR0	M495V
Q7RTR0	V320A
A6NLU0	P281S
P59045	I778T
P59045	E715K
P59045	H710R
Q96MN2	I71V
Q96MN2	R805H
Q86W25	S547F
Q86W25	F519L
Q86W25	L125P
Q86W28	R787Q
Q9UBC7	R29Q
A6NJL1	S294R
A6NJL1	L281S
A6NJL1	G19R
Q9BUG6	R479Q
Q9BUG6	T450S
Q9BUG6	S295G
Q9BUG6	A291T
Q96ND8	V49I
Q5HYK9	A312V
Q6ECI4	M195I
Q9Y2P0	A68T
Q9HBJ7	D598E
Q9HBJ7	D744E
Q96PE6	F239L
O43296	F140L
Q9UQB9	T22A
Q14592	N412S
Q14592	N511K
Q08ER8	A520T
Q9HCX3	T52S
Q9HCX3	G226S
Q9HCX3	R270K
Q9HCX3	N534S
Q8IVP9	R37H
Q8IVP9	L248F
Q8NEK5	N103S
Q8NEK5	F212L
Q8NEK5	N284S
O43361	R741H
Q68DY9	F71S
Q9BWM5	P89S
Q9BWM5	M21T
Q3SY52	R371Q
P52741	T48M
Q13106	K411R
Q9NXT0	R176K
Q9H707	F339L
E7ETH6	K23N
Q96SQ5	V5A
Q96SQ5	R173C
Q9Y2P7	V179A
Q9Y2P7	P64S
Q9Y2P7	L47F
Q8NBB4	N332S
Q8NBB4	A404V
Q8TBC5	G445S
Q86UD4	S33I
Q6AW86	L69P
Q6AW86	R436H
Q6AW86	G461A
Q9Y2P5	V664I
Q96K62	A297T
Q9Y6R7	S1473A
Q8N687	R16Q
Q8N687	E131K
Q7Z7B8	H71Q
Q7Z7B7	W41S
Q9NUD7	H143N
Q96RU7	R316Q
Q96BZ9	T320M
Q96BZ9	Y239C
Q9BQ89	A13T
Q9Y264	V465I
Q9Y264	L264V
Q9Y264	T110M
Q92530	N47S
Q5JXA9	S141L
O00241	V270I
Q9P1W8	N79S
Q08188	R110W
Q08188	D184G
Q08188	R608Q
P14678	R25W
Q8TDI7	E90K
O00567	D226E
Q96SM3	S289L
Q96SM3	R129Q
Q96SM3	H45R
Q9NUB4	R12L
O43555	L18P
O43555	T88M
O43555	E109A
Q9BYN8	T12P
P01185	R122H
P01185	H121Y
P01185	C116Y
P01185	P43A
Q96HY6	R306Q
Q96HY6	V203I
Q96HY6	R164L
Q96HY6	R145W
Q96HY6	R46W
Q9BY32	A17S
Q8NBS3	Y729C
Q8NBS3	S473W
Q8NBS3	G401R
Q8NBS3	S261L
Q8NBS3	M1V
Q9GZZ7	Q264H
Q9GZZ7	P139Q
Q9GZZ7	A8V
Q9BZ11	R734Q
Q9BZ11	Q292R
Q9BZZ2	I1437T
Q9BZZ2	A1288P
Q9BZZ2	A510V
Q9BZZ2	G197S
Q9BZZ2	D48N
Q96MM6	D638E
P30305	M119V
P30305	G174S
Q7Z434	R14H
Q96A57	I62M
Q96A57	M1T
Q8NFJ6	E231K
Q8WUT4	T92A
Q9BQL6	N588D
Q9BQL6	Q531R
Q9BQL6	I300V
Q9BQL6	A232E
Q9BQL6	E213K
P12643	R396H
Q9UJM8	V318I
Q15147	G339R
Q15147	V469A
Q9UJQ1	T198M
Q9NPJ1	T392M
Q5VYV7	N74S
Q9H501	I835V
Q9H501	V382I
Q9H501	R348H
Q5TEU4	P14A
Q5TEU4	M261R
A1Z1Q3	I153V
A1Z1Q3	N237S
Q96L93	E871D
Q12934	L72P
Q9P2E9	S1108L
Q9BQP7	I234V
Q9BQP7	N268I
Q9BRP0	K26E
Q9H1D9	P278S
Q15437	H585Y
Q8WYP3	G300D
Q8WYP3	M616V
Q8WYP3	R676Q
Q8NHU2	R283Q
Q8NHU2	V360I
Q8NHU2	S415P
Q2PPJ7	R953K
Q2PPJ7	N876S
O95096	G122A
O95096	A42T
O95096	N36K
O95096	P32L
P15863	A11V
P15863	L33P
P15863	P394Q
P15863	P404A
P15863	P453S
P07204	P508L
P07204	T506N
P07204	G430S
P07204	D98N
Q9H116	K11T
Q9H116	T75S
Q9H116	D267N
Q9H116	R339H
Q5W186	P154L
P01034	T142A
P01034	A72S
Q9NUB1	A672T
Q9NUB1	V358I
Q9NUB1	V126I
O75354	R264Q
Q8N2K0	P334T
Q14691	E35G
Q9Y2I6	S1013G
Q9Y2I6	E684K
Q9Y2I6	P152L
Q9Y2I6	N104S
Q8TBE9	R161K
Q30KQ5	T42I
Q8N688	I47V
Q8N688	K57R
Q9ULW0	A108T
Q9ULW0	D333A
Q9ULW0	I431V
O43638	R187Q
P08631	R472H
Q92544	G471S
Q9UPG8	V310M
Q9H488	M24L
Q9H488	R122Q
Q9H488	T279M
Q9UBC3	V544A
Q9UBC3	R823G
Q8N4F0	E251K
Q8NFQ5	R123Q
Q8NFQ5	V203I
Q8NFQ5	A212T
Q8NFQ5	A242T
P59827	D325N
Q96DR5	K52E
Q96DR5	F100L
Q96DR5	I216V
Q96DR5	R221H
Q9NP55	V26L
Q8TDL5	A467G
Q13424	T372M
Q13424	E69D
Q13424	G11A
O43439	I251V
Q96P71	R317C
P23526	C421R
Q96J02	T129A
Q96J02	R194Q
Q96J02	M486V
Q9H490	V344M
Q9H490	G333E
Q9H490	N103S
Q9UJ14	V426I
Q9NR19	R81Q
P48637	A291T
Q9BQN1	N652S
Q9BQN1	S553N
Q9BQN1	R535W
Q9BQN1	R62Q
P43026	P101S
Q9Y697	S451N
Q9Y697	K146R
Q9Y697	R140Q
P57086	A30G
Q96M20	Y8H
Q96M20	V412M
Q96M20	M443V
Q96M20	R518Q
Q9H4G0	R394W
Q9H4G0	N512S
Q9H4G0	L594P
A0PJX2	T50A
A0PJX2	R96Q
Q9Y3Z3	L323P
P28749	V891F
Q8WYA6	N475S
O43156	S838L
O43156	R477H
Q5JYT7	S1142A
Q5JYT7	A1015T
Q5JYT7	E744K
P18428	L461P
Q86X10	N876S
Q86X10	P914S
Q9H598	V263M
Q9H598	L269P
Q9H598	F322C
Q9H9F9	N548D
Q9H5Z1	I67V
Q9Y5Q3	S304A
Q9Y5Q3	A302V
Q9Y5Q3	Q181L
Q9Y5Q3	P68L
Q9Y5Q3	P63S
P19174	N547S
Q9BQK8	K330N
Q9NT22	Q364R
Q8TD26	K1741R
Q8TD26	I1735V
Q8TD26	N1727S
Q8TD26	A1205G
Q8TD26	A151V
Q9Y468	I286V
Q9Y468	L800P
Q9Y366	D251N
Q9BR39	V239L
Q8N6M3	P239L
Q8N6M3	M32I
Q8N6M3	M1L
Q9H3Y0	P33L
Q13043	N253S
Q13043	G379R
Q96KK3	R47Q
P19957	E63G
P19957	R82Q
P04279	K134Q
P04279	Q278E
P04279	A450T
Q02383	F49S
Q02383	T559I
Q969N2	T532M
Q8IUA0	R241H
Q8NEX5	M34L
Q8NEX6	Y66H
O14734	A51T
O14734	T30S
P10619	D194N
P55058	R328W
P55058	K294R
P55058	R133Q
P55058	H16R
P14780	R51C
P14780	E274D
Q9H2X9	P232L
Q9H2X9	P1010L
Q9UJ99	A782V
Q9HCZ1	V526I
Q9BR26	T281A
Q8WWT9	V462M
Q8WWT9	G303A
Q8WWT9	R40C
Q96S44	K65Q
O95528	M1V
O95528	V176L
Q9ULU4	A1103T
Q9ULU4	Q624R
Q9Y6Q9	R36W
Q9Y6Q9	N159S
Q9Y6Q9	S937C
Q8IWU5	V7M
O95793	T39A
Q9P2E3	R1639Q
Q9P2E3	R1261Q
Q9P2E3	D903V
Q9P2E3	I367V
Q9Y508	R200Q
P18031	V211I
Q96MK2	R165Q
Q8TDM0	D35N
O60762	H124R
O95396	C316Y
O95396	R325P
O95396	S337C
O95396	K376N
Q9UJQ4	S697G
Q9UJQ4	G340S
Q9UJQ4	T71M
O75363	L566S
O75363	T316A
O75363	A167T
P41968	R220S
Q9NQ75	I6V
Q9NQ75	I221T
Q9NQ75	T356M
Q5JX71	K149N
P18075	M315I
P35558	S12L
P35558	V15F
Q9H171	A332T
Q9H171	A226T
Q969W9	H263P
O95292	D162E
Q8NCL9	R241H
Q8NCL9	R32H
O95467	M1I
O95467	R244L
Q9UBR2	Q22R
Q9BX26	E771A
Q9BX26	I54M
Q9NTX9	P33L
Q9NTX9	T41S
Q8IXH8	V447A
Q8IXH8	G778S
O00268	P682Q
O00268	S136A
O00268	A134V
Q9BX40	G124S
Q9H4K7	S149G
Q9H4K7	R360Q
Q9H1P3	I200V
Q9H1P3	E428G
Q8NC74	M510V
Q8NC74	L61V
Q9BWX5	R383S
Q9BWX5	E365K
Q9BWX5	A356G
Q9BWX5	T326A
Q9BWX5	V227I
Q9NZT2	R244Q
Q9NZT2	R507Q
Q9UL49	G489E
Q9BTC0	R995K
Q9BTC0	F628L
Q9BTC0	A242V
Q9BYT1	P4T
Q9BYT1	L169V
Q9BYT1	R234Q
Q8N6T3	V391A
Q9P218	R247H
Q9P218	R402Q
Q9P218	A572T
Q9P218	V890I
Q9P218	A955V
Q05639	G447S
Q05639	V435A
Q05639	P420R
Q05639	D362Y
Q05639	S316L
Q05639	V315M
Q05639	V289A
Q05639	G213V
Q05639	S175N
Q05639	G131R
Q05639	G126R
Q05639	V16A
Q05639	H15N
Q05639	I10F
Q9H3Y6	V346I
Q9H3Y6	M173T
Q8N5A5	N393S
Q8N5A5	L430P
Q8N5A5	A484T
Q9NR83	R82P
Q9NR83	R292Q
O43399	S104N
Q9H3Z4	L116R
Q9H3Z4	T185I
Q96KM6	P862L
O94906	R936C
P35713	A350T
P35713	L331F
P48146	V123I
Q01538	V225I
Q01538	R359Q
Q86YR6	E138K
Q86YR6	V427M
Q6XZB0	H154D
Q6XZB0	N123S
P57052	K188E
P48723	R347H
P78310	R261H
O15394	A241T
P57087	H7Q
P05067	T663P
P05067	I716M
P05067	I716F
P05067	D617N
P05067	Q354R
P05067	A15V
Q9UHI8	S481L
Q9Y5N5	S54A
O94822	I1296V
O94822	M632V
P56750	T79A
P56748	F46L
Q3LI83	V112I
Q3LI81	G191A
Q3LI81	R156C
Q3LI81	G83R
A1A580	H13R
A1A580	C7S
Q8IUC0	R108C
Q8IUC0	T150S
Q3LI76	R87H
Q8IUB9	L21P
Q3LHN2	T49S
Q3SYF9	S26G
Q3LI60	G9R
Q3LI58	R68Q
Q3LI58	C18Y
Q3LI54	Y13C
Q13009	R1527Q
O43426	S970T
O43426	S349G
O43426	D334G
Q9Y5B6	S158N
Q9Y5B6	P61L
P17181	V14L
P17181	N172K
P17181	N243T
P17181	N465Y
P38484	M1L
P22102	M449T
P22102	R393Q
Q15811	K1367R
Q9Y6J6	I114T
P15382	I115V
P15382	E89K
P15382	M1L
Q96NY7	G104S
Q01196	M209V
Q01196	D171A
Q01196	G143R
Q01196	K83N
Q01196	V5I
Q01196	R2C
Q9NVD3	H240R
Q9NVD3	R123Q
Q14149	M426I
Q14149	A665T
Q13112	M392V
Q13112	T531M
Q14190	G487S
P57054	V42I
P57054	P3S
P53804	S376N
P53804	Q628E
P53804	N1243D
O95456	I231V
Q9NSI6	S1860F
Q9NSI6	A1810V
Q9NSI6	R1718G
Q9NSI6	R925Q
Q9NSI5	A154T
Q9Y5Z0	A326T
Q9Y5Z0	I418V
P20592	V534M
P20592	I668L
P57078	R241H
Q9Y426	I447V
Q9ULJ3	T1012A
Q9ULJ3	G642S
P57075	S23L
P57075	I539V
Q8WYR4	G126V
Q8WYR4	G126S
Q8WYR4	M1L
P57057	V248I
P57057	N280S
P57057	I423V
O76083	F300L
P57059	S534F
P57059	Q313H
P57059	A294T
P57059	R279Q
O75031	L186P
O75031	C128R
Q14684	K29R
Q14684	D716N
O00764	M1V
O00764	M74V
P56182	A259T
P56182	E401K
P56182	A447V
P48553	M612V
P48553	E722D
P48553	R915H
P48553	G983S
Q15269	H824Q
Q9UJW3	R322H
P17858	R151Q
P17858	D454N
O43822	R212K
O43822	D176E
O43822	R172W
O43822	A167T
O43822	R117H
O94759	A1013V
O94759	M1289V
O94759	V1447I
Q9BY71	E60K
Q9BY71	G254S
P53801	R140Q
P78563	V697M
Q9Y2G5	T3A
P41440	V511L
P41440	A469V
P41440	R460Q
P41440	I417T
P41440	G178S
P12110	Y96C
P12110	S113N
P12110	A157T
P12110	G262C
P12110	G262V
P12110	G268R
P12110	G268S
P12110	A269T
P12110	G274D
P12110	G280V
P12110	G286R
P12110	G292S
P12110	G292D
P12110	G295V
P12110	G295E
P12110	G298V
P12110	P299H
P12110	K318N
P12110	G328R
P12110	G352D
P12110	P353L
P12110	R417H
P12110	T431I
P12110	S434G
P12110	V459I
P12110	E553K
P12110	E565K
P12110	P584A
P12110	D621H
P12110	S623F
P12110	P652S
P12110	D682N
P12110	G700D
P12110	R719Q
P12110	D740N
P12110	K766T
P12110	I834V
P12110	A860V
P12110	Q888R
P12110	S943F
P12110	H958Q
P12110	S978C
P12110	I1015T
O95954	E400K
O95954	G336V
Q9H0A9	A273V
Q14689	K284Q
Q14689	T338A
Q14689	T921M
Q14689	H1482Q
P55345	M244T
P55345	R259H
Q6S545	V251I
Q96SF2	I224M
Q2WGN9	K537E
Q2WGN9	C389G
Q2WGN9	P370L
Q96F46	L273F
Q96F46	M857V
Q9BXW7	V319I
P36543	Y184C
Q9BXK5	T407M
P55957	T129A
Q7RTP6	G1064R
Q7Z412	R31W
Q7Z412	P117T
Q14129	P220L
O15499	A51T
P53007	S193L
P53675	R1165H
P53675	A126T
P54198	M539V
Q9NQ50	T111S
O75419	P89S
O43435	G109S
O43435	R192C
O43435	V243M
O43435	R305Q
Q9NNW7	C500F
O00192	R196Q
Q6ICL3	L173F
Q6ICL3	G248S
Q6ICL3	D211H
Q8WYQ5	S367N
Q8WYQ5	A759V
Q8IZ69	R403Q
Q9ULC8	A601T
Q9ULC8	V707M
Q9BZR6	R78H
Q96GP6	G781D
Q96GP6	E734D
Q96GP6	E602K
Q96GP6	S554L
Q96GP6	M1I
Q96RN5	I397V
P42356	P1992S
P42356	P1883S
P42356	I339V
P42356	M270I
O95721	D40Y
O15547	F47I
O15547	R398Q
O43246	R536Q
O43246	T447A
O43246	A373V
A6NNM3	E1091D
A6NNM3	V1378I
Q8IYX3	A124V
Q8IYX3	R544H
Q8IYX3	G570S
P28482	Y316H
P28482	I255V
P49593	Q281E
P49593	A260V
P49593	T47M
P49593	T19I
P49593	S14T
P11274	A666S
P15814	T148I
P15814	R85L
P15814	G75S
Q8IZJ4	Y46H
Q8IZJ4	G251R
Q8WYQ3	Q95P
Q8WYQ3	A92P
Q8WYQ3	T90P
Q8WYQ3	M45K
P24347	V253I
Q12824	A180P
Q12824	R366G
Q9UGT4	N305S
Q9UGT4	A785T
Q9UGT4	G813S
Q9UBR1	S257L
P19440	L5F
P19440	R517K
P19440	I547V
Q7Z3Z3	T673I
Q7Z3Z3	R589H
Q7Z3Z3	V271I
Q2NKQ1	T473A
Q9BY89	A155T
Q9BY89	T681M
Q9BY89	M1153I
Q9BY89	R1307K
P26998	I131R
P26998	G156E
P43320	P58L
P43320	S143P
P43320	P157L
P43320	R188C
Q9BYH1	Y469H
Q9NQG7	T598M
Q9NQG7	C547S
Q9NQG7	P393S
Q9NQG7	D89V
Q9NQG7	V64I
Q9UH36	K19R
P53673	S93P
Q96AY4	G1289S
O96017	L512P
O96017	A264T
O96017	S24G
O96017	P21S
Q8IWD4	E40D
Q9ULT6	A635V
Q9ULT6	R878Q
Q99501	V323I
Q10567	A603T
Q10567	A446T
Q10567	M1T
P35240	R8S
P35240	K284N
P35240	L356P
P35240	G502D
Q9H1I8	N342S
P13725	A172T
P13725	T162M
P13725	T86A
P13725	R36H
Q9BXI6	T34A
Q9Y6U7	R283Q
Q9UDX3	S329R
Q9UDX3	R215K
B5MCN3	V239M
Q99999	H350Q
Q969R2	S251T
Q9Y6X9	D1011N
Q9Y6X9	V873L
Q9Y6X9	S711L
Q9Y6X9	E708D
Q9Y6X9	I647T
Q9Y6X9	T424A
Q9Y6X9	R132H
Q9Y6X9	S106L
Q9Y6X9	S87P
Q9NZ20	R358H
Q9NZ20	M333V
Q9NZ20	R320H
Q9NZ20	R286W
Q9NRA8	E33K
Q5THK1	V1136I
Q5THK1	R1098Q
Q5THK1	S804C
Q5THK1	A197T
O75140	G188W
O75140	A530V
O75140	H539D
O75140	S655F
O75140	P731L
P13866	R499P
O14994	A403V
O14994	V146M
Q2M1V0	N145S
P09601	E29D
P09601	P193S
P09601	K226E
P09601	P266L
Q9BWW8	E38K
Q9BWW8	T84I
Q9BWW8	R132H
Q9BWW9	T65A
Q9BWW9	E132K
Q9BWW9	K402E
O95236	R324H
Q9BQE5	Q180E
Q9BQE5	T131S
O14791	G96R
O14791	A240V
O14791	N264K
O14791	R284H
O14791	V353E
P35579	D1948H
P35579	A1811T
P35579	A1711T
P35579	A1692V
P35579	E1601A
P35579	E1599D
P35579	R1571Q
P35579	R1528W
P35579	V1516M
P35579	T1504M
P35579	D1447Y
P35579	D1424V
P35579	R1417W
P35579	L1282V
P35579	T1208M
P35579	R1162S
P35579	I1106T
P35579	W828R
P35579	A817S
P35579	N710T
P35579	R702G
P35579	I241V
P35579	N93D
P35579	M86K
P35579	S39R
Q8IWF2	R608H
Q15080	A256T
Q15080	P265S
Q15080	R308Q
O43247	R211Q
O43247	V194I
O43247	F12L
Q8IU80	C516Y
P32745	V45I
P15153	Q61K
Q9UJY5	D26N
Q9UJY5	R340H
Q9UJY5	N511S
Q9UGY1	T141M
Q8N3F8	T416A
Q8N3F8	V657A
O95907	V387L
Q6UXY1	G306S
Q9Y519	G382S
Q9UH99	D258G
O95502	S128N
P31941	R69C
Q9NRW3	H64P
Q6NTF7	R124Q
O95931	I230V
P39023	A398T
Q09327	A155T
Q9P0X4	A583T
Q9P0X4	R1898C
Q8IYW4	R406Q
Q8IYW4	R406W
Q8IYW4	H195R
O75791	T192P
Q8NEG4	D299N
P30566	M26I
P30566	R196L
P30566	D268H
P30566	R452G
Q96HU1	G388S
O43808	V211I
Q9NQH7	R254L
Q6NUI6	A59T
Q6NUI6	R5Q
P46060	V563M
P46060	E364D
Q99798	S87L
Q99798	N350S
P12956	E91K
P12956	M348I
P12956	I387T
Q5TIA1	Y632C
Q5TIA1	A825T
Q5TIA1	R1183Q
Q5TIA1	D1258Y
Q12772	I873V
Q12772	I905V
Q96RJ3	A52T
Q6ICG8	R25Q
Q6ICG8	G268A
Q6ICG8	P269L
P17050	L280I
P10635	S168A
Q8NET5	P254L
Q8NET5	R192Q
Q8NET5	I61V
Q9BY77	G206S
Q9BY77	A158V
P00387	R92W
Q9NPC4	R165H
Q9NPC4	V34I
Q9NP61	A252V
Q13323	L12F
Q13323	P25L
Q13323	D99G
Q8IVS2	R212Q
Q8IVS2	R79G
Q14166	R553Q
Q14166	S434N
Q14166	T160A
Q7Z6Z6	P402L
Q9NST1	C101Y
Q9NST1	V173I
Q9UKX7	A106V
Q8NDV3	R1235H
Q8NDV3	F1055L
Q8NDV3	R106H
P23142	G156R
P23142	T566I
P23142	Q568R
P23142	N631D
Q6NVV7	T19A
Q5R3I4	R321Q
Q9NYZ3	N289S
O75648	F82V
O75648	L11P
O75648	K146R
O75648	V343I
O75648	C222S
Q6IC98	V40I
Q8TCT0	G475E
Q8TCT0	V384I
Q8TCT0	V262I
O95696	G838S
Q9BV10	I349M
Q86V86	V300A
Q15049	P294L
Q15049	S266R
Q15049	T123I
Q15049	P92L
Q9BXT6	R162C
Q9BXT6	Y260C
Q9BXT6	S365N
Q9BXT6	A582T
Q9H4I3	D33E
Q9H4I3	V261I
Q9H4I3	V325I
Q9H4I3	A354V
Q969S8	K80E
Q969S8	R39Q
O15031	G833E
O15031	A399T
Q8NEG7	A198V
O75170	G847S
O75170	G849S
O95248	V1679M
O95248	R1451G
O95248	R764L
O95248	L308V
Q7Z4H4	R64Q
Q9BU23	A637T
Q9BU23	V498A
Q9BU23	V424M
Q9BU23	R391Q
Q9BU23	A86T
Q6IBW4	G109R
P19971	L270P
P19971	V208A
P19971	A201D
P19971	E106Q
P19971	A2V
P15289	G303R
P15289	A121D
Q9BYB0	M276T
Q9BYB0	R536G
Q9BYB0	P1163S
Q9BYB0	G1225E
O15266	R173H
O15266	A224T
P51689	L298V
P54793	Q542R
Q8N0W4	G182S
Q8N0W4	N64S
Q8N0W4	K35N
Q9H321	P26L
Q9H321	E109Q
Q9H321	L224P
Q9H321	E229Q
P23352	Q608L
P23352	R33P
O60907	S179P
H7C241	M114V
O15344	S538T
O15344	H35Q
P53701	N16D
P53701	W213S
P53701	V255I
Q8N5Y2	I174V
Q8N5Y2	P327L
Q8N5Y2	G330A
Q8N5Y2	S365N
Q8N5Y2	A379V
Q14CM0	V310I
Q14CM0	T583I
Q14CM0	G691V
Q14CM0	A748G
Q14CM0	V1256M
Q9NYK1	T127I
Q9NYK1	R920K
Q9NYK1	A1032T
Q13491	A74T
Q9NWZ8	V46M
Q9HBJ8	E175G
Q15696	T51A
P56377	V38I
Q9NRF8	K344N
Q96A49	P30R
Q8NFH8	A592V
Q9Y5P3	V347L
Q8NDZ0	G757S
Q8NDZ0	R671Q
Q8NDZ0	V361M
Q9UQR0	E259K
O15537	C59G
O15537	W50C
O14829	R401H
Q8IZP9	M690T
Q8IZP9	V545I
Q8IZP9	N291S
Q8WXI2	Q681R
Q8WXI2	E880K
P52788	A36V
P52788	V225A
P52788	M233V
P52788	P349T
Q96NR3	M1T
Q96NR3	N68S
Q96NR3	R164Q
Q96NR3	V267I
Q96NR3	E473K
Q9Y305	A429V
P41091	L274V
Q15120	D175N
Q15120	R332H
Q15120	G349R
Q96QS3	A539T
Q96QS3	A534P
Q96QS3	G449S
Q96QS3	R384C
Q96QS3	R379S
Q96QS3	R371Q
Q96QS3	R332G
Q96QS3	R332C
Q96QS3	R257P
Q96QS3	G197D
Q96QS3	P60R
Q96QS3	A46D
Q96QS3	R42P
Q96QS3	Y5F
Q96QS3	M1R
Q8N7X4	V102I
Q8N7X4	R345Q
P0C7V8	D444E
A6NGE4	R187C
A6NGE4	T126A
A6NGE4	I39T
O15479	C40S
O15479	T177S
Q9BXU8	D14H
Q8NA70	R4Q
Q8NA70	V110A
Q8NA70	R169Q
Q5HY64	T18K
Q5HY64	T127A
Q5HY64	G831D
Q5HY64	S833P
P51811	T340N
Q8TDW5	R160C
Q8TDW5	P245S
Q8TDW5	S363G
O75787	L106I
O75787	R133K
O75787	D210Y
O14936	F890V
O14936	I857V
O14936	V719M
O14936	Q574R
O14936	S475I
O14936	R430C
O14936	I398F
O14936	T361I
O14936	A166D
O14936	F163L
O14936	C146Y
P21397	V189L
P21397	N212S
P21397	A483E
Q5JST6	E506K
Q9H596	M107V
Q96T83	E542K
Q96T83	I443V
Q9NX14	S139F
Q9NX14	S96P
P51814	S22L
P17600	P554S
P17600	R420Q
P17600	K318N
P27918	P289S
P27918	Q131E
P27918	G41S
P27918	V30M
P51508	N361S
O60225	G106R
O60225	R75Q
Q16384	R90H
Q9H237	V57M
Q9H237	M114R
Q9H237	R124P
Q9H237	R228H
Q9H237	L261P
Q9H237	E275K
Q9H237	L347P
Q9H237	M432L
Q9H237	I455V
P42768	L35P
P42768	V51F
P42768	W64R
P42768	L101P
P42768	Y107H
P42768	G125R
P42768	F128L
P42768	F128S
P42768	A134V
P42768	R157H
P42768	T164P
P42768	P192L
P42768	A198V
P42768	D224G
P42768	S242C
P42768	P314L
P42768	G334D
A6NK44	R36H
A6NK44	M64V
Q9UBN7	D662E
Q9UBN7	I1177V
O60828	P78Q
O60828	S131P
Q96HB5	M199T
Q96HB5	V352A
Q04941	V113I
O60826	V143I
O60826	V196M
O60826	M355T
Q6ZSY5	R760W
P0CL81	M23V
Q6NT46	M26V
A6NNY8	F313V
Q5JQC9	V598M
Q5JQC9	A267V
Q8WWL7	V126M
Q8WWL7	I166T
Q8WWL7	S267N
Q8WWL7	I1272V
O95972	M177L
Q9Y5V3	V103M
Q7RTT5	S132P
Q9H2G4	R399G
Q8N443	G108R
Q8N443	M264V
Q99714	L227F
Q99714	A95T
Q99714	A78V
Q969E8	G48D
Q9NVN8	E13K
Q9NVN8	V323I
Q6UXX5	V414I
Q6UXX5	R43H
Q9UNF1	P113L
Q9UNF1	G185A
Q9UNF1	A577T
Q9UNF1	G588S
Q12816	T840S
Q12816	N1026S
Q12816	G1250S
Q9UBZ4	R375H
Q9UBZ4	M422V
P22557	H524R
P22557	R452S
P22557	R150H
Q7Z2X7	F63V
Q6PJQ5	G52R
Q9UHD9	Q109H
Q9UHD9	G120A
Q9UHD9	N348S
Q9UHD9	M392V
Q9UHD9	Q584H
Q6GMR7	S421N
P98168	S756N
P98168	A751T
P98168	T732A
P98168	L248P
P98168	D126G
O43307	S509G
O43307	Q490R
O43307	D382E
O43307	C133Y
Q96EF0	R541H
Q5HYM0	R88H
Q5HYM0	P629S
Q9Y4W2	V372I
Q9Y4W2	H255Y
Q9Y4W2	T236M
Q9BQS7	R547K
Q9HAV5	G275R
Q9HAV5	V192M
Q9HAV5	R92Q
Q9HAV5	R20Q
P98172	A88T
P98172	K113N
P98172	M158R
P98172	A277V
Q8NG27	R343H
Q58HT5	A50V
O95239	R631H
Q9HCC8	R75H
Q9HCC8	R108Q
Q92796	G31S
Q92796	P221L
Q8IYF3	W871C
Q8IYF3	V763A
Q8IYF3	V157I
Q8WY07	R282H
P31785	P350S
P31785	S326N
P31785	T286M
P31785	C278R
P31785	V267I
P31785	K252E
P31785	S248N
P31785	S238N
P31785	W237C
P31785	G232V
P31785	S225R
P31785	F221S
P31785	T220M
P31785	Y219H
P31785	H206Q
P31785	Q200H
P31785	C182S
P31785	L146P
P31785	M145K
P31785	R136Q
P31785	L132H
P31785	I122N
P31785	Q116H
P31785	G114S
P31785	G114C
P31785	I111M
Q9NZ94	N138S
Q9NZ94	V232I
Q9NZ94	L604R
Q15233	A404T
O15294	P188L
O15294	T454M
O15294	I523V
O15294	I535V
O15294	C590F
P49682	T100A
Q99966	A88T
Q9BY41	I369V
Q9BY41	R361Q
Q9BY41	R353Q
Q9BY41	T319I
Q9BY41	L288F
Q9BY41	N256I
Q9BY41	H201Y
Q9BY41	R164L
Q9BY41	N156S
Q9BY41	H71Y
Q9BY41	I56V
Q9BY41	R37Q
Q9BY41	P4L
P46020	M789V
P46020	D437N
Q9ULW6	E218D
Q9NVW2	G448D
Q9NVW2	T196I
Q9NVW2	W122C
Q9NVW2	V92L
O75027	P718T
O75027	D653Y
O75027	P575S
O75027	I320V
O75027	V32F
Q96BW1	S58C
Q96MV8	S90C
Q9HCI5	E339G
Q9H0U3	N209S
Q9H0U3	R159Q
Q9H0U3	M14V
Q9H0U3	S11C
P49335	Q229R
P49335	N328S
Q7Z353	R445Q
Q6UXV4	V168I
Q9Y462	K357R
Q8N123	S33P
Q8N123	R175Q
Q9BZA7	R653H
O60879	V612I
O60687	V389M
Q9Y5S8	R534Q
Q9Y5S8	T453A
Q6PP77	T413A
Q92674	R611H
Q5H9L4	Y43C
Q9UH62	L261F
Q5H9K5	R278W
Q9H3H9	I134V
Q9H4D5	T70A
Q9H4D5	T9M
Q9NWD9	R52L
Q8WXH6	T217A
Q8WXH6	S216I
Q8N693	A301V
Q8N693	T55A
Q7Z2Y5	I1040T
Q9H1M0	T158M
P60891	E43K
P60891	R84W
P60891	D128V
P60891	I290V
O14654	C667R
O14654	G642A
O14654	T149I
O60488	A659T
O60488	I526V
Q9BU40	C290Y
Q9BU40	C145G
O75914	S171L
O75914	S224Y
O75914	N251S
Q86WI0	R164Q
Q4VCS5	S962A
Q9P127	R73Q
Q9P127	R233H
P13797	I243V
P13797	I296V
P13797	N372S
P13797	A421V
P13797	T578A
Q5H943	A37S
P49459	M10L
P49459	Q110E
O15226	A53V
Q9BZI7	S412L
Q9BZI7	R388W
Q9BZI7	R361C
Q9BZI7	R373C
Q9BZI7	K330R
O15541	E245D
O15541	E125Q
O15541	S95R
Q86UN6	R170C
Q8N5F7	M321V
Q8N5F7	S265N
P13473	V388L
P13473	A395V
P13473	V310L
P13473	T71S
P13473	M1T
Q13620	M693V
Q13620	A362T
Q13620	T18A
Q96EU7	A20D
P0C2W7	V289A
Q8NI27	E940K
Q8NI27	R930C
Q8NI27	Y899H
Q8NI27	C615Y
Q8NI27	W12R
O60880	M1V
O60880	M1T
O60880	H8P
O60880	Y54N
Q9Y397	P344S
Q9Y397	L252V
Q5H9F3	R21H
Q5H9F3	G158R
Q5H9F3	A377D
Q5H9F3	H1144Y
Q8ND82	A531T
Q6ZRI8	P523L
Q96MM7	P578L
Q96MM7	P191R
O75487	R258Q
O75487	V216L
P51654	G556R
P51654	A416V
P51654	E390D
P51654	S386I
P51654	E379G
Q8IWS0	I92V
Q8IWS0	Y322S
Q9HBJ0	A16V
P51815	E301K
P51815	A8V
Q5HYN5	R32S
Q9NXZ1	I81V
Q9NXZ1	R229L
Q9NXZ1	A328T
Q13642	C150G
Q13642	C153S
Q13642	A301V
Q13642	P302L
Q13642	P323Q
Q8IWC1	M776I
P32247	E354D
Q99990	R126Q
Q99990	G208S
Q15052	E767D
Q96P66	P432S
Q96P66	S296G
Q96P66	T293I
O60481	P76L
O60481	I247V
O60481	C360Y
O60481	V448I
P41225	G316S
Q8TD91	R43Q
Q8TD91	L91P
Q8TD91	P108L
Q8TD91	T217R
O60732	S273T
O60732	I353L
O60732	M412V
Q5MJ08	N30H
Q06787	I170L
Q06787	P289L
Q06787	N341S
Q06787	T607M
Q8N0W7	R205C
P22304	R110G
P22304	Y108D
P22304	Q80R
P22304	A79G
P22304	A77D
P22304	S71I
P22304	D45G
P22304	N31S
P22304	G14D
P22304	L10F
P22304	R5W
P22304	M1T
P43364	R6H
Q8TCZ2	N173S
Q13585	I91T
Q3ZAQ7	T26A
Q9BZD7	V210M
Q969F0	R43Q
Q969F0	R161K
Q969F0	V168L
Q16280	E120K
P43358	T238S
P34903	I20F
Q9UN88	G415S
P43360	F239L
P41208	S158N
O15231	A254V
Q9UL41	V444I
P21810	K86R
P21810	K111N
P21810	R138Q
P21810	K147N
Q8N1B3	V168F
Q8N1B3	G10W
Q6P2M8	R289Q
Q6P2M8	A38S
P51572	A236T
P33897	V20E
P33897	K31R
P33897	S58C
P33897	S58F
P33897	R74L
P33897	R89W
P33897	H97R
P33897	S98W
P33897	A119S
P33897	L142V
P33897	A144T
P33897	V147I
P33897	I151V
P33897	R152G
P33897	R163G
P33897	R163L
P33897	L173P
P33897	L211R
P33897	A223V
P33897	R234H
P33897	R236C
P33897	G239S
P33897	T254A
P33897	S262W
P33897	G266A
P33897	H283Y
P33897	H283R
P33897	V287M
P33897	R308H
P33897	N318I
P33897	K336E
P33897	G343V
P33897	S358P
P33897	V365M
P33897	E374K
P33897	E376Q
P33897	S404L
P33897	R418P
P33897	H420P
P33897	C432Y
P33897	I450V
P33897	I450M
P33897	R456C
P33897	R456P
P33897	R456H
P33897	R464Q
P33897	E477K
P33897	I481V
P33897	I481T
P33897	P484S
P33897	G486R
P33897	I495N
P33897	G507S
P33897	G507D
P33897	P508L
P33897	G510S
P33897	G510D
P33897	G512V
P33897	P525L
P33897	L531P
P33897	P534T
P33897	Q537H
P33897	M566T
P33897	Q567R
P33897	G594R
P33897	G608A
P33897	M618T
P33897	L628P
P33897	D629V
P33897	C631R
P33897	H667R
Q9ULL4	M409T
Q9ULL4	Y421H
Q9ULL4	A668T
Q9ULL4	R712Q
Q9ULL4	R1537H
Q76G19	A751T
P30518	R38Q
P30518	R65W
P30518	H80Y
P30518	L97P
P30518	R137G
P30518	A223T
P30518	A305V
P30518	P322T
P30518	P322L
P98171	T288M
Q14656	W5S
Q14656	G16S
P04000	V171M
P04001	Y116S
P04001	V320I
P0DN77	M153L
P51854	S125G
P50402	M1R
P50402	E11D
P50402	R157W
P50402	F240L
P50402	E250K
P27635	G161D
P27635	R210W
P27635	R210Q
P49184	V229I
P31150	Q164P
Q14320	E254K
P51805	R350Q
P51805	R423H
P51805	A498T
P51805	R1088Q
Q14657	R47G
P09131	A182T
P09131	G127S
Q9Y6K9	F312L
O75638	A114T
O60832	N63K
O60832	H68Q
O15247	R145H
Q05066	S71Y
Q05066	A66P
