ID	Variation
Q9NVI7	P359S
Q9NVI7	L454R
Q9NVI7	D522H
Q9NVI7	R576W
Q9NVI7	G626R
O60683	H290Q
O60683	T274A
O60683	V229L
O60683	M145I
O60683	L111P
O60683	M1T
O60683	M1V
O75161	D1413N
O75161	L1372P
O75161	T1225M
O75161	R1192W
O75161	P1160L
O75161	F991S
O75161	S972G
O75161	R959Q
O75161	V938M
O75161	R906C
O75161	H894R
O75161	R848W
O75161	R820W
O75161	V765I
O75161	D656N
O75161	E618K
O75161	Q569E
O75161	A544G
O75161	P541L
O75161	P497R
O75161	R22H
O75161	T315M
O75161	A171T
O75161	T29M
O94827	G943R
O94827	G893R
O94827	Q865R
O94827	R861C
O94827	R859H
O94827	G810S
O94827	E722K
O94827	P630H
O94827	R506H
O94827	M480L
O94827	M440V
O94827	A414T
O94827	P258L
O94827	T238S
O94827	G231S
O94827	M161T
O94827	K96N
O94827	I87T
Q99497	E163K
Q99497	M26I
Q99497	A39S
Q99497	A56T
Q99497	E64D
Q99497	R98Q
Q99497	D149A
Q99497	L166P
Q9P2R6	L1517Q
Q9P2R6	P1510T
Q9P2R6	P1484L
Q9P2R6	H1464R
Q9P2R6	Q1440R
Q9P2R6	H1435Q
Q9P2R6	H1435R
Q9P2R6	H1435L
Q9P2R6	H1435Y
Q9P2R6	S1434P
Q9P2R6	H1431Q
Q9P2R6	H1429R
Q9P2R6	P1262R
Q9P2R6	L1256P
Q9P2R6	G1156R
Q9P2R6	P1049L
Q9P2R6	P1030S
Q9P2R6	P1022A
Q9P2R6	M925V
Q9P2R6	P768L
Q9P2R6	N425S
Q9P2R6	G373S
Q9P2R6	S348C
Q9P2R6	T72M
Q9Y5Z9	K20N
Q9Y5Z9	S75F
Q9Y5Z9	G77D
Q9Y5Z9	L100V
Q9Y5Z9	N102S
Q9Y5Z9	D112G
Q9Y5Z9	R119G
Q9Y5Z9	Y151C
Q9Y5Z9	S171P
Q9Y5Z9	T175I
Q9Y5Z9	G177R
Q9Y5Z9	G177E
Q9Y5Z9	G186R
Q9Y5Z9	N232S
Q9Y5Z9	D236E
P42898	T653M
P42898	N644K
P42898	L628P
P42898	Y611C
P42898	S603C
P42898	R594Q
P42898	V575G
P42898	R519C
P42898	Y506D
P42898	E470V
P42898	E470Q
P42898	G422R
P42898	W421S
P42898	R377H
P42898	K372E
P42898	P348S
P42898	R345C
P42898	W339G
P42898	M338T
P42898	G337R
P42898	N324S
P42898	L323P
P42898	F257V
P42898	G255V
P42898	I225L
P42898	P202T
P42898	H201P
P42898	G196D
P42898	A195V
P42898	R183Q
P42898	D159G
P42898	R157Q
P42898	I153M
P42898	Q147P
P42898	C130R
P42898	H127Y
P42898	A113T
P42898	R82W
P42898	R79S
P42898	R68G
P42898	W59S
P42898	R52Q
P42898	R46Q
P42898	R46W
P42898	M1V
Q02809	A84T
Q02809	A99T
Q02809	A120S
Q02809	E170V
Q02809	K185N
Q02809	L188F
Q02809	T268A
Q02809	S302Y
Q02809	V381M
Q02809	R499W
Q02809	W612C
Q02809	G678R
Q02809	P692L
Q5THJ4	K177N
Q5THJ4	A225T
Q5THJ4	V238I
Q5THJ4	L1058V
Q5THJ4	I1170S
Q5THJ4	G1190D
Q5THJ4	E1611K
Q5THJ4	S1778R
Q5THJ4	R2432C
Q5THJ4	K3474M
Q5THJ4	N3521S
Q5THJ4	N3858S
Q5THJ4	A4139V
Q5THJ4	G4152D
Q5THJ4	A4248E
Q5THJ4	P4339A
Q99895	R37Q
Q99895	K172E
Q99895	R246C
P51801	F4L
P51801	R27L
Q5T4S7	P4610T
Q5T4S7	I2653V
Q5T4S7	N2344S
Q5T4S7	G2109S
Q5T4S7	N1369H
Q5T4S7	T1272I
Q5T4S7	G894V
Q5T4S7	S893N
Q5T4S7	M844V
Q5T4S7	T822S
Q5T4S7	A177S
P39656	R315Q
P39656	A276V
P39656	Q232H
P42892	R738C
P42892	R627W
P42892	S462N
P42892	N397S
P42892	F356C
P42892	T341I
P42892	E173K
P02747	S7T
P02747	S7Y
P02747	G34R
P02747	G164S
P02747	V98I
P29323	V263I
P29323	A279S
P29323	R369Q
P29323	E477K
P29323	I618N
P29323	V650A
P29323	D678N
P29323	R745C
P29323	G786R
P04066	L410R
P04066	T383I
P04066	R376Q
P04066	N365D
P04066	G345E
P04066	G332E
P04066	Q286R
P04066	V260I
P04066	G231R
P04066	G23R
P04066	P10R
P04066	A3P
P04066	R2W
Q8TE85	V160A
Q8TE85	V261I
Q8TE85	A267G
Q8TE85	R298H
Q8TE85	R391C
Q8TE85	T454M
Q8TE85	P455A
Q8TE85	P480H
Q8TE85	N484S
Q5SW96	S202P
Q5SW96	R238Q
Q5SW96	S288L
Q9NZV5	M1V
Q9NZV5	M1T
Q9NZV5	M1R
Q9NZV5	T137A
Q9NZV5	C142Y
Q9NZV5	A184P
Q9NZV5	A160P
Q9NZV5	A195T
Q9NZV5	R268C
Q9NZV5	G273E
Q9NZV5	R291Q
Q9NZV5	G315S
Q9NZV5	S388G
Q9NZV5	W453S
Q9NZV5	W453C
Q9NZV5	R466Q
Q9NZV5	R469W
Q9NZV5	R469Q
Q9NZV5	N502K
Q9NZV5	V549M
Q9NZV5	R582Q
Q9NUD9	R19C
Q9NUD9	P34L
Q9NUD9	C156Y
Q9NUD9	S158N
Q9NUD9	R203C
Q9NUD9	Q256K
Q9NUD9	A341V
Q9NUD9	A341E
Q9NUD9	H385P
Q9NUD9	A418D
Q8NAX2	F251L
Q8NAX2	K189R
Q8NAX2	R145W
Q9HCS5	M1V
Q9HCS5	M1T
Q9HCS5	M1R
O60241	T1503M
O60241	R1465W
O60241	P853L
O60241	M742L
O60241	T31A
Q9NX46	D34N
Q9NX46	T79P
Q9NX46	L162P
Q9NX46	S177L
P25067	Q455K
P25067	L450W
O94854	A501T
Q53GD3	P189R
Q53GD3	M1I
Q53GD3	M1T
Q53GD3	M1V
O75844	M3T
O75844	P248L
O75844	N265S
O75844	W340R
P56696	L47P
P56696	S50N
P56696	P59L
P56696	V230E
P56696	H234R
P56696	D262V
P56696	D266Y
P56696	Y270H
P56696	L274H
P56696	W275R
P56696	W275S
P56696	W275C
P56696	W276S
P56696	L281S
P56696	G285C
P56696	G285S
P56696	G287S
P56696	G287R
P56696	P291S
P56696	P291L
P56696	G296S
P56696	G321S
P56696	R411C
P56696	M442T
P56696	H455Q
P56696	D606E
P56696	S680F
Q8N6F1	R200Q
Q8N6F1	G179S
Q8N6F1	L177R
Q8N6F1	G130C
Q8N6F1	V93M
Q8N6F1	L90R
Q8N6F1	L90P
Q8N6F1	Q57E
Q8N6F1	G20D
Q8N6F1	L13F
P48067	G436S
P48067	A647V
P48067	S407G
P48067	A246T
P48067	G231S
P48067	G170E
P48067	H77Q
Q9NR50	I346T
Q9NR50	S342L
Q9NR50	R225Q
Q9NR50	L168P
Q9NR50	G147R
Q9NR50	R91H
Q9NR50	I75T
Q9NR50	V30A
Q9NR50	L27Q
Q96GM8	T25A
Q96GM8	P35L
Q96GM8	R73S
Q96GM8	A103T
Q96GM8	F148Y
Q96GM8	V173G
Q96GM8	L180Q
Q96GM8	E220K
Q96GM8	F239S
Q96GM8	P313A
Q96GM8	H319Y
Q96GM8	H319Q
Q96GM8	S496F
Q7L5A8	P129T
Q15468	S1171F
Q15468	D1143N
Q15468	H984R
Q15468	N865T
Q15468	L798W
Q15468	S673G
Q15468	S409T
Q15468	H391R
Q15468	F299I
Q15468	V143A
Q15468	A86V
Q96BR5	S149I
Q96BR5	Y137C
Q96BR5	R48Q
Q96BR5	D6G
P23786	P50H
P23786	R63I
P23786	A67G
P23786	C84Y
P23786	A101V
P23786	Y120C
P23786	A136S
P23786	R151Q
P23786	E174K
P23786	Y205C
P23786	D213G
P23786	P227L
P23786	R241G
P23786	D255G
P23786	R296P
P23786	D329Y
P23786	G345R
P23786	F352C
P23786	V368I
P23786	F383Y
P23786	V412L
P23786	F448L
P23786	R503C
P23786	P504L
P23786	H555Q
P23786	S588C
P23786	V605L
P23786	Y628S
P23786	R631C
P23786	M647V
P23786	M647I
P23786	F648S
Q8WZ55	M1L
Q8WZ55	M1I
Q8WZ55	R8W
Q8WZ55	R8L
Q8WZ55	G10S
Q8WZ55	V43I
Q8WZ55	G47R
Q8WZ55	G142E
Q8WZ55	D317E
P09758	I297V
P09758	D216E
P09758	L186P
P09758	D173A
P09758	E147D
P09758	C119S
P09758	M1R
Q12857	M1T
Q12857	C103S
Q12857	D118H
Q12857	K125E
Q12857	P494S
P36871	N38Y
P36871	I88V
P36871	T115A
P36871	G121R
P36871	R221C
P36871	D263Y
P36871	Y420H
P36871	V501I
P36871	L516P
P23458	N833S
P23458	L783F
P23458	S703I
P23458	I62V
O15457	I494V
O15457	S754L
P22694	S54L
P22694	H88N
P22694	H88R
P22694	G235R
O95999	G213E
O95999	T163M
O95999	R58G
Q12882	D974V
Q12882	Q972R
Q12882	P86L
Q12882	M1I
P11182	H452R
P11182	T395I
P11182	G345R
P11182	K313N
P11182	R301C
P11182	F276C
P11182	S242P
P11182	I239V
P11182	R169Q
P11182	D104G
P11182	I98M
P11182	W84C
P11182	C26R
P11182	R21H
P11182	N13D
Q9UNH5	R312G
Q9UNH5	R312Q
Q9UNH5	Q320P
Q9UNH5	R345Q
Q9UNH5	I364V
Q9UNH5	Q535R
Q9UNH5	G571R
Q9UNH5	A329G
P12107	P1773T
P12107	P1536A
P12107	S1535P
P12107	G1483V
P12107	G1516V
P12107	G1513D
P12107	I1490V
P12107	P1347H
P12107	P1325H
P12107	P1323L
P12107	P1241L
P12107	G1216D
P12107	G1063R
P12107	G1000S
P12107	G1003D
P12107	G988V
P12107	G943E
P12107	F860I
P12107	G790D
P12107	G796R
P12107	P710L
P12107	P710S
P12107	K744R
P12107	G586V
P12107	G562D
P12107	Q522K
P12107	Q521R
P12107	E513Q
P12107	I302V
P12107	N201S
P12107	F47I
P12107	D46E
P12107	A44T
P81274	F46L
P81274	R127Q
P81274	K233E
P81274	T457M
P81274	T544M
P19087	E207V
P19087	G202E
P19087	V124M
P19087	G117R
P19087	L107I
P19087	R86W
P19087	S47G
O95076	P250A
O95076	N203S
O95076	R196W
O95076	R183W
O95076	L168V
Q9H1V8	I142V
Q9H1V8	V233M
Q9H1V8	R674H
Q9H1V8	K679R
Q9H816	R283C
Q9H816	D462N
Q9H816	N510Y
P23109	T108I
P23109	R71H
P01222	T14A
P01222	G49R
P01222	R75G
P01222	V99A
Q9UGM6	L360P
Q9UGM6	V178L
Q9UGM6	H151R
Q9UGM6	G50D
Q9UGM6	G45V
A0A096LNW5	R91L
A0A096LNW5	R72H
A0A096LNW5	A3S
P48165	L7M
P48165	R23T
P48165	W25R
P48165	A40V
P48165	V44E
P48165	W45L
P48165	W45S
P48165	G46R
P48165	D47H
P48165	D47N
P48165	E48K
P48165	D51Y
P48165	D51N
P48165	D51E
P48165	P59L
P48165	Y66H
P48165	Y66C
P48165	Y66S
P48165	P88A
P48165	P88S
P48165	G94R
P48165	G94E
P48165	G119E
P48165	E162K
P48165	P189L
P48165	R198Q
P48165	P199S
P48165	E201G
P48165	N220D
P48165	I247M
P48165	S276F
P48165	H277Y
P48165	N298S
P48165	E343K
P48165	K349E
P48165	E368Q
P48165	G369W
P48165	P386L
Q9NRW7	I82M
Q9NRW7	T224N
Q9NRW7	E238K
Q9NRW7	P468L
Q9NRW7	Y519C
Q8N1G0	G116R
Q8N1G0	S242I
Q8N1G0	L657F
Q8N1G0	Q819H
Q8N1G0	R1115Q
P23490	S91C
P23490	G207C
P23490	S285F
P23490	G292S
Q8WXI9	A490V
Q8WXI9	Q482H
Q8WXI9	C420R
Q8WXI9	R414Q
Q8WXI9	A410G
Q8WXI9	N385S
Q8WXI9	P226A
Q8WXI9	L180P
Q8WXI9	S139G
P17787	T26M
P17787	H35Q
P17787	H71Q
P17787	R91H
P17787	I205V
P17787	L282H
P17787	V287M
P17787	V287L
P17787	V308A
P17787	M331V
P17787	R364Q
P17787	S386C
P17787	A394T
P17787	G412S
P17787	I458V
P17787	R460G
P17787	L461F
P17787	F478L
Q9BUK6	Q98R
Q9BUK6	L108F
Q9BUK6	D236H
Q9BUK6	R345C
Q9BUK6	F376L
Q9BUK6	I421V
Q9BUK6	C443R
Q9H3S1	M39K
Q9H3S1	F350C
Q9H3S1	R510Q
Q9H3S1	R557Q
Q9H3S1	A676V
Q9H3S1	P682S
Q9H3S1	R713Q
Q9H3S1	R723C
Q8NCW5	A94D
Q8NCW5	G189S
Q8NCW5	D218V
Q8NCW5	A266T
P04629	M1L
P04629	G18E
P04629	L22Q
P04629	R85S
P04629	R85H
P04629	G169R
P04629	S204L
P04629	V211E
P04629	L183P
P04629	R220Q
P04629	G226S
P04629	T237M
P04629	E275A
P04629	R347P
P04629	P397L
P04629	V398A
P04629	R444Q
P04629	G517E
P04629	M566T
P04629	G577R
P04629	M587V
P04629	E590K
P04629	H604Y
P04629	G577V
P04629	G623C
P04629	R649W
P04629	R654C
P04629	D668Y
P04629	P695L
P04629	V715M
P04629	G724S
P04629	T734M
P04629	A758T
P04629	P768L
P04629	R771H
P04629	R744P
P02549	I2265T
P02549	K2187E
P02549	E2139D
P02549	R2016C
P02549	A1998P
P02549	N1836S
P02549	H1755D
P02549	K1693Q
P02549	C1568R
P02549	R1493W
P02549	R1330I
P02549	S1163A
P02549	R1158W
P02549	A970D
P02549	A957V
P02549	T853R
P02549	E840D
P02549	I809V
P02549	R701H
P02549	S261P
P02549	L260P
P02549	D152N
P02549	G46V
P02549	R45S
P02549	R41W
P02549	R28H
P02549	R28L
P02549	R28C
P02549	R28S
Q16570	G42D
Q16570	R89C
P50993	Y9N
P50993	G21S
P50993	G114S
P50993	T263M
P50993	I286T
P50993	I293M
P50993	G301R
P50993	C341F
P50993	T345A
P50993	T364M
P50993	G366S
P50993	T376M
P50993	T378N
P50993	R383H
P50993	V430I
P50993	N472S
P50993	V501M
P50993	E524Q
P50993	R548C
P50993	R548H
P50993	K579E
P50993	R593L
P50993	R593Q
P50993	R604Q
P50993	A606T
P50993	A606E
P50993	G615R
P50993	V628M
P50993	I630L
P50993	A643G
P50993	R689Q
P50993	G715R
P50993	N717K
P50993	D718N
P50993	M731T
P50993	G758A
P50993	L764P
P50993	P796R
P50993	D812H
P50993	G855R
P50993	G855E
P50993	G874S
P50993	R879Q
P50993	W887R
P50993	G900R
P50993	V926L
P50993	R937H
P50993	P979L
P50993	R1002Q
P31415	M1K
P31415	D44N
P31415	H72R
P31415	Y140F
P31415	D244G
Q92542	E77D
Q92542	A295V
Q92542	D509N
Q9ULK5	R31C
Q9ULK5	A443V
Q96NY8	R284Q
Q96NY8	V242M
Q96NY8	P212R
Q96NY8	T185M
Q96NY8	P107L
Q68BL8	G674D
Q68BL8	G536S
Q68BL8	R527Q
Q68BL8	A436S
Q68BL8	R353H
Q68BL8	R347W
Q68BL8	V15G
Q16832	E113K
Q16832	L239R
Q16832	G253C
Q16832	S461L
Q16832	G505S
Q16832	L610P
Q16832	I638F
Q16832	T713I
Q16832	I726R
Q16832	R752C
Q16832	S768R
Q16832	G774V
O60779	I441T
O60779	T365S
O60779	G334D
O60779	G172D
O60779	S143F
O60779	P51L
P54821	R62Q
P54821	S104G
P54821	L106P
P54821	F113S
P54821	A231P
P31513	E32K
P31513	A52T
P31513	N61S
P31513	M66I
P31513	V236I
P31513	V257M
P31513	V277A
P31513	E308G
P31513	S310L
P31513	L360P
P31513	R387H
P31513	R387L
P31513	R492W
P31513	R500Q
P31513	V502G
P31513	T532I
O14525	G750R
Q969G2	V75I
Q969G2	E129K
Q969G2	M133T
Q15878	E128K
Q15878	L228P
Q15878	G352R
Q15878	M523I
Q15878	I603L
Q15878	F698S
Q15878	F698L
Q15878	I701V
Q15878	A702T
Q15878	A702P
Q15878	R863Q
Q15878	T1092M
Q15878	D1335V
Q15878	I1423T
Q15878	P1904T
Q15878	R2286W
Q5TDP6	M1L
P19878	D518H
P19878	P454S
P19878	N419I
P19878	R395W
P19878	H389Q
P19878	R386Q
P19878	V297A
P19878	T279M
P19878	A202V
P19878	K181R
P19878	K161E
P19878	A128V
P47712	S111P
P47712	E119K
P47712	V224I
P47712	R485H
P47712	Q513K
P47712	D575H
P47712	I637V
Q6UVM3	F240L
Q6UVM3	R190P
Q3KP66	I100N
Q3KP66	T148M
Q3KP66	R538C
Q3KP66	R554C
Q13698	S1857N
Q13698	G1852R
Q13698	P1839S
Q13698	R1836Q
Q13698	L1800S
Q13698	P1767T
Q13698	T1696M
Q13698	Y1670N
Q13698	A1666T
Q13698	N1663D
Q13698	R1658H
Q13698	R1652C
Q13698	E1583K
Q13698	D1577E
Q13698	T1573M
Q13698	R1539H
Q13698	R1539C
Q13698	V1449G
Q13698	H1397Y
Q13698	V1275I
Q13698	A1271T
Q13698	Q1265H
Q13698	R1242K
Q13698	R1239H
Q13698	R1239G
Q13698	D1180N
Q13698	Y1177F
Q13698	Q1142P
Q13698	V1111M
Q13698	R1086S
Q13698	A1042T
Q13698	H987R
Q13698	R986C
Q13698	K962E
Q13698	R897S
Q13698	R897K
Q13698	V876E
Q13698	I847V
Q13698	G838R
Q13698	M827T
Q13698	L766M
Q13698	Y736F
Q13698	R683C
Q13698	V646I
Q13698	I639V
Q13698	M619V
Q13698	S618A
Q13698	S606N
Q13698	I605V
Q13698	R594C
Q13698	M578I
Q13698	V571I
Q13698	R557H
Q13698	S546N
Q13698	R531C
Q13698	R528L
Q13698	R528H
Q13698	R528C
Q13698	R528G
Q13698	S516L
Q13698	L458H
Q13698	V442I
Q13698	F434S
Q13698	T371M
Q13698	R354W
Q13698	N302S
Q13698	Y299H
Q13698	V297I
Q13698	G258D
Q13698	R253W
Q13698	R252H
Q13698	V237M
Q13698	I229T
Q13698	K224E
Q13698	K219R
Q13698	I189V
Q13698	S154G
Q13698	M152V
Q13698	T149A
Q13698	L132M
Q13698	A69G
Q13698	I47N
Q13698	R29Q
Q13698	R29W
O94856	T159M
O94856	R359P
O94856	R534K
O94856	I566V
O94856	V1229E
Q6XUX3	R739W
Q6XUX3	C641R
Q6XUX3	R154H
P08174	R52L
P08174	S199L
P08174	C267S
P08174	K347E
P15529	S13F
P15529	P324L
P07814	P1262L
P07814	P1160S
P07814	M1126T
P07814	S859T
P07814	A494V
P07814	A296P
O15121	D65N
O15121	N113D
O15121	R133W
O15121	L175Q
O15121	N255S
O15121	N267S
O15121	A280V
Q14739	R583L
Q14739	R583Q
Q14739	P569R
Q14739	N547D
Q14739	A510T
Q14739	R502G
Q14739	I467F
Q14739	G392R
Q14739	H320R
Q14739	S154N
Q14739	P119L
O94886	G567S
O94886	I462N
O94886	N190H
O94886	G168E
Q9GZT9	S420L
Q9GZT9	H374R
Q9GZT9	R371H
Q9GZT9	P317R
Q9GZT9	Q157H
Q9GZT9	Q157R
Q9GZT9	C127S
Q9GZT9	D4E
Q8NCR0	R292P
Q8NCR0	V252G
Q8NCR0	G248A
Q8NCR0	E133K
Q8NCR0	Y51C
Q99698	G3725R
Q99698	R2875H
Q99698	A2833T
Q99698	G2804D
Q99698	K2790Q
Q99698	F2598Y
Q99698	D2271G
Q99698	R2261H
Q99698	P2211R
Q99698	S2152N
Q99698	A2098T
Q99698	V1999D
Q99698	T1982I
Q99698	Q1949H
Q99698	G1764A
Q99698	D1330A
Q99698	S1120I
Q99698	I1073V
Q99698	S1017N
Q99698	Q1009K
Q99698	H991N
Q99698	I970L
Q99698	P462S
Q99698	C258R
Q99698	D199E
Q99698	L192V
Q99698	H123R
Q8WWZ3	M9I
Q8WWZ3	E29K
Q8WWZ3	S103F
Q8WWZ3	L122R
Q8WWZ3	D123N
Q8WWZ3	N138I
Q8WWZ3	E152K
Q8WWZ3	D190E
P35609	V8M
P35609	K38R
P35609	G118C
P35609	A119T
P35609	N170H
P35609	M228T
P35609	T247M
P35609	A315D
P35609	E382G
P35609	R398H
P35609	S433L
P35609	R438Q
P35609	I464V
P35609	H474Y
P35609	D475N
P35609	N480S
P35609	C487R
P35609	H518Y
P35609	M542R
P35609	E583G
P35609	I591M
P35609	M604V
P35609	E628G
P35609	A630T
P35609	R631H
P35609	L519V
P35609	L727R
P35609	R759T
P35609	T808S
P35609	R865T
Q9UHN1	P135H
Q92626	T1375I
Q92626	G1363E
Q92626	V1284L
Q92626	R1198Q
Q92626	D1187N
Q92626	A1064T
Q92626	A1059T
Q92626	V1022M
Q92626	T1000M
Q92626	V941M
Q92626	R880C
Q92626	Q820R
Q92626	S759L
Q92626	S602L
Q92626	E161K
Q92626	M1V
Q9UL68	R1026S
Q9UL68	S891G
Q9UL68	V821I
Q9UL68	E813K
Q9UL68	A578V
Q9UL68	G573E
Q9UL68	R569Q
Q9UL68	R565S
Q9UL68	V561D
Q9UL68	H560Y
Q9UL68	R558C
Q9UL68	G529R
Q9UL68	S526F
Q9UL68	H524N
Q9UL68	L520P
Q9UL68	C506R
Q9UL68	A397S
Q9UL68	N228D
Q9UL68	E153D
Q9BWP8	V8A
Q9BWP8	R57W
Q9BWP8	T64M
Q9BWP8	S169P
Q9BWP8	G204S
O15232	E252K
O15232	A219D
O15232	V194D
O15232	A128P
O15232	R121W
O15232	T120M
O15232	P117S
O15232	R92H
O15232	S63A
P40939	Q358K
P40939	L342P
P40939	I305N
P40939	V282D
P40939	A270V
P40939	R235W
P40939	P180L
P40939	N142S
P40939	P136R
P40939	M1I
P40939	M1V
Q9HC10	P1987R
Q9HC10	R1939Q
Q9HC10	T1961M
Q9HC10	G1905V
Q9HC10	P1825A
Q9HC10	R1792H
Q9HC10	E1733K
Q9HC10	P1646S
Q9HC10	V1625M
Q9HC10	R1583C
Q9HC10	I1573T
Q9HC10	D1528N
Q9HC10	G1364V
Q9HC10	C1251G
Q9HC10	T1244M
Q9HC10	N1203S
Q9HC10	A1083P
Q9HC10	R1080P
Q9HC10	R1026W
Q9HC10	L1011P
Q9HC10	A964E
Q9HC10	R822W
Q9HC10	R818W
Q9HC10	E801V
Q9HC10	R773C
Q9HC10	V635D
Q9HC10	G614E
Q9HC10	V575M
Q9HC10	G541S
Q9HC10	L517P
Q9HC10	I515T
Q9HC10	G371R
Q9HC10	G123S
Q9HC10	R82C
Q9HC10	A53V
Q9HC10	R49W
Q9HC10	V34I
O14649	T8K
O14649	G97R
O14649	L122P
O14649	H141Q
O14649	E182Q
O14649	Y192C
O14649	G203D
O14649	V221L
O14649	A366V
O14649	S380R
Q8NDL9	G202R
Q8NDL9	D295N
Q8NDL9	G649D
Q8NDL9	V695I
Q8NDL9	R792Q
Q9Y6C2	S268G
Q9Y6C2	Q536R
Q9Y289	R553Q
Q9Y289	S492N
Q9UI10	A228V
Q9UI10	P184L
Q9UG01	R1544C
Q9UG01	T1543M
Q9UG01	L1536P
Q9UG01	V1410L
Q9UG01	R1134L
Q9UG01	R953H
Q9UG01	R755Q
Q9UG01	T562S
Q9UG01	N478I
Q9UG01	I411N
Q9UG01	L257P
Q9UG01	V33A
Q9UM73	D1529E
Q9UM73	K1525E
Q9UM73	G1494R
Q9UM73	K1491R
Q9UM73	I1461V
Q9UM73	Y1278S
Q9UM73	R1275L
Q9UM73	R1275Q
Q9UM73	G1269A
Q9UM73	F1245L
Q9UM73	F1245C
Q9UM73	F1245I
Q9UM73	F1245V
Q9UM73	L1240V
Q9UM73	S1206Y
Q9UM73	G1202R
Q9UM73	L1196M
Q9UM73	R1192P
Q9UM73	F1174L
Q9UM73	F1174C
Q9UM73	F1174I
Q9UM73	F1174V
Q9UM73	I1171T
Q9UM73	I1171N
Q9UM73	M1166R
Q9UM73	L1152R
Q9UM73	G1128A
Q9UM73	A1047T
Q9UM73	L1033H
Q9UM73	P1029A
Q9UM73	T1012M
Q9UM73	S737L
Q9UM73	N709K
Q9UM73	T680I
Q9UM73	P671S
Q9UM73	T648I
Q9UM73	R510W
Q9UM73	V476A
Q9UM73	S426T
Q9UM73	R412C
Q9UM73	E405D
Q9UM73	A371T
Q9UM73	E296K
Q9UM73	R259H
Q9UM73	V198M
Q9UM73	V163L
Q9UM73	V126A
Q9UM73	S47L
Q9UM73	P40S
Q9UM73	P36S
Q5HYJ1	P181L
Q5HYJ1	T120P
Q5HYJ1	M1T
Q16678	L487P
Q16678	R390H
Q16678	E387K
Q16678	D374N
Q16678	E173K
Q16678	A119S
Q16678	R117W
Q16678	G61E
Q16678	G61R
Q16678	R48G
Q16678	M1T
Q07889	P1237T
Q07889	V1220M
Q07889	P1207R
Q07889	D1200E
Q07889	N1117S
Q07889	D1108N
Q07889	P1045R
Q07889	N1011S
Q07889	Y1008H
Q07889	E846K
Q07889	L791I
Q07889	E772D
Q07889	I736R
Q07889	I733F
Q07889	K728T
Q07889	K728I
Q07889	G719A
Q07889	A708T
Q07889	Y702H
Q07889	L670F
Q07889	P655L
Q07889	F623I
Q07889	D620G
Q07889	N591S
Q07889	L569V
Q07889	D555N
Q07889	R552S
Q07889	R552K
Q07889	R552T
Q07889	R552M
Q07889	R552W
Q07889	R552G
Q07889	L550P
Q07889	S548R
Q07889	N508D
Q07889	R497Q
Q07889	K493E
Q07889	Q477R
Q07889	C441Y
Q07889	Q439P
Q07889	I437S
Q07889	I437T
Q07889	G434R
Q07889	E433K
Q07889	W432R
Q07889	T378A
Q07889	D366V
Q07889	P340S
Q07889	D309Y
Q07889	R300Q
Q07889	C282R
Q07889	V279A
Q07889	M269T
Q07889	M269R
Q07889	M269V
Q07889	T266K
Q07889	V250A
Q07889	N233S
Q07889	N233Y
Q07889	I185V
Q07889	V171A
Q07889	K170E
Q07889	V117G
Q07889	P112R
Q07889	E108V
Q07889	E108K
Q07889	P102R
Q07889	I94V
Q07889	W85R
Q07889	Q75L
Q07889	T37A
Q07889	P25S
Q02156	E599K
Q02156	A654T
Q99814	R14K
Q99814	S49Y
Q99814	E80K
Q99814	E287K
Q99814	A410T
Q99814	M535V
Q99814	G537R
Q99814	G537W
Q99814	A553V
Q99814	F608L
Q99814	G612R
Q99814	K705E
Q99814	G724E
Q99814	P752L
Q99814	N759S
Q99814	T766P
Q99814	P785T
Q99814	R825W
Q9ULT0	L110V
Q9ULT0	S116L
Q9ULT0	R146Q
Q9ULT0	Q377E
Q9ULT0	S446L
Q9ULT0	V450M
Q9ULT0	R515W
Q9ULT0	L493P
Q9ULT0	S672F
Q9ULT0	E687D
Q9ULT0	Q724K
Q9ULT0	R753Q
Q9ULT0	L785P
Q9ULT0	L823P
P52701	M1I
P52701	A20V
P52701	G39E
P52701	G46E
P52701	G54A
P52701	A61V
P52701	S65L
P52701	A81T
P52701	S144I
P52701	E171Q
P52701	A175V
P52701	E181A
P52701	E220D
P52701	E221D
P52701	V304A
P52701	F340S
P52701	S341A
P52701	T363I
P52701	H367R
P52701	L370S
P52701	L396V
P52701	V398E
P52701	S418P
P52701	L435P
P52701	L449P
P52701	H458N
P52701	G467D
P52701	R468H
P52701	Y469F
P52701	V480E
P52701	R482P
P52701	C496Y
P52701	V509A
P52701	S541R
P52701	Y556F
P52701	R644T
P52701	G686D
P52701	F706S
P52701	F706L
P52701	I745N
P52701	T767I
P52701	R772W
P52701	V800L
P52701	K853N
P52701	V878A
P52701	G881S
P52701	N897S
P52701	R922Q
P52701	Y969H
P52701	Y969C
P52701	L1015F
P52701	K1042N
P52701	I1054F
P52701	A1055P
P52701	D1058H
P52701	L1063R
P52701	A1064T
P52701	P1073S
P52701	R1076C
P52701	M1144L
P52701	Q1146H
P52701	A1151D
P52701	G1157S
P52701	E1163V
P52701	E1193K
P52701	L1211P
P52701	R1242G
P52701	R1242H
P52701	R1304K
P52701	S1329L
P52701	R1334Q
Q8NHS4	R382Q
Q8TCS8	D713Y
Q8TCS8	N590D
Q8TCS8	A510P
Q8TCS8	G499R
Q8TCS8	M485V
Q8TCS8	K315R
Q8TCS8	H288Y
Q8TCS8	Q254K
Q8TCS8	A176T
Q8TCS8	I121V
Q8TCS8	S70P
Q8TCS8	S41T
Q12805	Y397H
Q12805	R387Q
Q12805	R345W
Q9NW38	Q282H
Q9NW38	F252C
Q9NW38	M247V
Q9NW38	T224A
Q9NW38	F36L
Q9NW38	M1I
Q9NW38	M1R
Q9H165	M555L
Q9H165	A532V
Q9H165	E489D
Q9H165	T326K
Q9H165	H144R
Q9H165	H66Q
Q9H165	C51S
Q9H165	C48F
Q9H165	T47P
Q9H165	D29H
Q9H165	P19S
Q9H165	Q6H
Q9H165	S2C
Q92968	S77T
Q92968	D225G
Q92968	W313G
Q92968	L360V
Q92968	A364S
Q9UMS0	G208C
Q9UMS0	R182Q
Q9UMS0	R182W
Q9UMS0	R96C
Q9UMS0	A51S
Q9UMS0	M25K
P15313	M1T
P15313	G14S
P15313	T30I
P15313	G78R
P15313	L81P
P15313	R157C
P15313	E309G
P15313	P346R
Q9NR63	E499K
Q9NR63	R473C
Q9NR63	A420G
Q9NR63	R397Q
Q9NR63	E380K
Q9NR63	R363H
Q9NR63	R363L
Q9NR63	S146P
Q9NR63	V22L
Q16854	E44K
Q16854	N46S
Q16854	L96P
Q16854	R118H
Q16854	R142K
Q16854	Q170R
Q16854	E227K
O43151	V567A
O43151	P645L
O43151	R712Q
O43151	E788K
O43151	V908L
O43151	R911G
O43151	F1072C
O43151	A1076T
O43151	G1495S
O43151	P1677L
Q14203	E1267K
Q14203	R1261Q
Q14203	T1249I
Q14203	D1241N
Q14203	P1215A
Q14203	T1164A
Q14203	N1160H
Q14203	I801M
Q14203	A853T
Q14203	P811R
Q14203	G773V
Q14203	T753M
Q14203	Q738R
Q14203	V685G
Q14203	I622F
Q14203	V608M
Q14203	R495S
Q14203	D333E
Q14203	L287M
Q14203	S129I
Q14203	Q74P
Q14203	G71E
Q14203	G71R
Q14203	G59S
Q13724	G785S
Q13724	R678W
Q13724	V673I
Q13724	F652L
Q13724	L627P
Q13724	R613Q
Q13724	D527E
Q13724	R486T
Q13724	V432L
Q13724	I415M
Q13724	P294L
Q13724	P293S
Q13724	D239N
Q13724	G222R
Q13724	R110H
Q13724	V62M
Q13724	R29G
Q9UNP4	G342S
Q9UNP4	G247D
Q9UNP4	G201R
Q9UNP4	C195S
Q9UNP4	H104R
Q9UNP4	P13S
O95602	I1608M
O95602	C1562F
O95602	E1491G
O95602	E1471G
O95602	G1437D
O95602	I815V
O95602	P673A
O95602	H652Q
O95602	S396N
O95602	S366F
O95602	R158P
O75204	T191M
O75204	C140Y
O75204	C140R
O75204	A132T
O75204	V90M
O75204	D70N
O75204	P18L
O75204	M1I
O75204	M1R
O75204	M1L
O75643	A1995T
O75643	G1978A
O75643	E1805K
O75643	I1663V
O75643	T1551I
O75643	V1521I
O75643	V1389I
O75643	R1090L
O75643	S1087L
O75643	V1061I
O75643	N1002S
O75643	N995S
O75643	T934A
O75643	Q885E
O75643	G865S
O75643	A813V
O75643	A787T
O75643	R728L
O75643	Y689C
O75643	V683L
O75643	R681L
O75643	R681H
O75643	R681C
O75643	A542V
O75643	I521V
O75643	M387V
O75643	R383C
Q6P4Q7	M145T
Q6P4Q7	S200Y
Q6P4Q7	R236Q
Q6P4Q7	S245L
Q6P4Q7	L261P
Q6P4Q7	L324P
Q6P4Q7	R407L
Q6P4Q7	D498E
P43403	P95S
P43403	T155M
P43403	E171G
P43403	S313R
P43403	L338F
P43403	R360P
P43403	S518R
P43403	C560Y
P43403	R583H
P51826	M238R
P51826	A233T
Q9GZV3	D48G
Q9GZV3	I89V
Q9GZV3	Y238C
Q9GZV3	R361Q
Q9GZV3	D411N
Q9GZV3	V413I
Q12866	R20S
Q12866	P36L
Q12866	C115W
Q12866	S118N
Q12866	W231S
Q12866	S261N
Q12866	A282T
Q12866	S428G
Q12866	V464I
Q12866	R466K
Q12866	G467W
Q12866	N498S
Q12866	I518V
Q12866	Q662E
Q12866	H721P
Q12866	R727G
Q12866	R727Q
Q12866	L731S
Q12866	A740V
Q12866	A768T
Q12866	A768V
Q12866	I769V
Q12866	N806K
Q12866	C836Y
Q12866	R844C
Q12866	V870I
Q12866	R909H
Q12866	A951T
Q9H9Y6	S682R
Q9H9Y6	R1003S
Q9H9Y6	R1003C
Q06710	T380I
Q06710	F329L
P19447	S735P
P19447	S704L
P19447	T119P
P19447	F99S
Q8NCQ7	T340K
Q8NCQ7	T340M
O60243	R371H
O60243	R249S
O60243	D87E
P14868	R494H
P14868	R494G
P14868	P464L
P14868	R460H
P14868	G377R
P14868	D367Y
P14868	H280L
P14868	A274V
P14868	I268V
P14868	M256L
P14868	C130S
Q16719	T25M
Q16719	H41Y
Q16719	W109S
Q16719	R330Q
Q16719	R428W
O60282	E237K
O60282	E237V
O60282	E340K
O60282	M594T
O60282	K887R
O60282	A910S
O60282	Y955H
Q9H3L0	L259P
Q9H3L0	P236L
Q9H3L0	N206S
Q9H3L0	T182N
Q9H3L0	R158Q
Q9H3L0	S143I
Q9H3L0	E138K
Q9H3L0	K29N
P18564	G593R
P18564	G397R
P18564	H469N
P18564	V438M
P18564	N340T
P18564	E300K
P18564	H275Q
P18564	D273E
P18564	P196T
P18564	A143T
P18564	R15K
Q16650	P25A
Q16650	E223Q
Q16650	I225F
Q16650	W271R
Q16650	W271S
Q16650	W271C
Q16650	Q373R
Q16650	N385K
Q16650	K389E
Q16650	R392W
Q16650	D541N
Q16650	A643V
Q9NY46	Q1999H
Q9NY46	M1874T
Q9NY46	G1862C
Q9NY46	D1803N
Q9NY46	V1769A
Q9NY46	N1697S
Q9NY46	I1468R
Q9NY46	A1405S
Q9NY46	D1377N
Q9NY46	P1333L
Q9NY46	G1172C
Q9NY46	R1150Q
Q9NY46	A1135V
Q9NY46	V1107A
Q9NY46	V1084I
Q9NY46	D998E
Q9NY46	I875T
Q9NY46	A765T
Q9NY46	L670F
Q9NY46	M634I
Q9NY46	E605K
Q9NY46	R583Q
Q9NY46	R563C
Q9NY46	S540F
Q9NY46	R534S
Q9NY46	V532A
Q9NY46	R520T
Q9NY46	E510K
Q9NY46	R507S
Q9NY46	R507K
Q9NY46	A467V
Q9NY46	A463V
Q9NY46	I319T
Q9NY46	S248P
Q9NY46	L247P
Q9NY46	L209P
Q9NY46	A23V
Q7Z4L5	L1202P
Q7Z4L5	L795P
Q7Z4L5	N721H
Q7Z4L5	I624V
Q7Z4L5	S524C
Q7Z4L5	L473F
Q7Z4L5	P466H
Q7Z4L5	P463S
Q7Z4L5	M280V
Q7Z4L5	T276A
Q7Z4L5	D242N
Q7Z4L5	A44D
Q15858	R277Q
Q15858	I234T
Q15858	F216S
Q15858	R185H
Q15858	Q10R
O95342	R1268W
O95342	L1241P
O95342	R1231Q
O95342	R1231W
O95342	R1226L
O95342	E1223D
O95342	T1210P
O95342	E1186K
O95342	R1153C
O95342	R1128G
O95342	R1128C
O95342	R1057Q
O95342	R1050C
O95342	G982R
O95342	A865V
O95342	R832C
O95342	G766R
O95342	S701P
O95342	R698H
O95342	M677V
O95342	R646K
O95342	N591S
O95342	A588V
O95342	A570T
O95342	Q546K
O95342	I541M
O95342	R517H
O95342	I498T
O95342	D482G
O95342	R470Q
O95342	V444A
O95342	R432T
O95342	N375S
O95342	E297G
O95342	I206V
O95342	E135K
O95342	M86K
Q8N3I7	M1K
Q8N3I7	R56G
Q8N3I7	G72S
Q8N3I7	R138C
Q8N3I7	R138H
Q8N3I7	G178R
Q8N3I7	T183A
Q8N3I7	R207H
Q99259	T27K
Q99259	V418I
Q99259	W468G
Q99259	R532Q
Q99259	P558S
P35453	A14V
P35453	K105T
P35453	N181D
P35453	G228A
P35453	G228V
P35453	R306G
P35453	R306W
P35453	R306Q
P35453	S316C
P35453	I322L
P35453	Q325K
P35453	Q325R
Q16236	R449H
Q16236	G315R
Q16236	L309F
Q16236	V268M
Q16236	K219R
Q16236	L177V
Q16236	G81S
Q16236	T80K
Q16236	E79D
Q16236	E79V
Q16236	E79K
Q16236	E79Q
Q16236	R43Q
Q16236	G31R
Q16236	D29G
Q16236	D29N
Q16236	D29Y
Q16236	D29H
Q0ZLH3	T54I
Q0ZLH3	D65E
Q0ZLH3	R183W
Q0ZLH3	P281S
Q0ZLH3	G292R
Q49MI3	E514G
Q49MI3	I297T
Q49MI3	L271P
Q49MI3	G258R
Q49MI3	L232F
Q49MI3	C125W
Q49MI3	G119D
Q49MI3	S100A
Q49MI3	D81A
Q49MI3	A67T
Q49MI3	M1T
Q49MI3	M1R
Q13562	A251S
Q13562	R111L
Q13562	T45A
Q9NP59	R561G
Q9NP59	A552T
Q9NP59	V531A
Q9NP59	G494D
Q9NP59	G490D
Q9NP59	I453F
Q9NP59	P443L
Q9NP59	M432V
Q9NP59	I418V
Q9NP59	A350D
Q9NP59	G323V
Q9NP59	G267D
Q9NP59	Q248H
Q9NP59	S209L
Q9NP59	G204S
Q9NP59	Q182H
Q9NP59	Q182E
Q9NP59	D181V
Q9NP59	D181N
Q9NP59	R178Q
Q9NP59	A175D
Q9NP59	V160A
Q9NP59	W158C
Q9NP59	D157G
Q9NP59	N144D
Q9NP59	N144Y
Q9NP59	N144H
Q9NP59	R88T
Q9NP59	R88G
Q9NP59	G80V
Q9NP59	A77D
Q6NVY1	G345S
Q6NVY1	G317E
Q6NVY1	T305A
Q6NVY1	E245D
Q6NVY1	G211V
Q6NVY1	C163F
Q6NVY1	C163S
Q6NVY1	H153Y
Q6NVY1	S151L
Q6NVY1	T143K
Q6NVY1	L124P
Q6NVY1	Q71P
Q6NVY1	T46A
Q6NVY1	M1T
Q9P2P5	E1572K
Q9P2P5	S1505T
Q9P2P5	S1148Y
Q9P2P5	T1503A
Q9P2P5	R1495S
Q9P2P5	E1491Q
Q9P2P5	R1479Q
Q9P2P5	G1452V
Q9P2P5	L1448W
Q9P2P5	E1445Q
Q9P2P5	R1444T
Q9P2P5	F1441L
Q9P2P5	N1394S
Q9P2P5	R1330Q
Q9P2P5	R1330W
Q9P2P5	F1327S
Q9P2P5	Y1277H
Q9P2P5	N1199K
Q9P2P5	K1196R
Q9P2P5	A1195P
Q9P2P5	F1193V
Q9P2P5	R1191Q
Q9P2P5	R1191W
Q9P2P5	A1181G
Q9P2P5	D1132N
Q9P2P5	V1057I
Q9P2P5	Y863H
Q9P2P5	G761E
Q9P2P5	A747V
Q9P2P5	A747P
Q9P2P5	R740S
Q9P2P5	V710L
Q9P2P5	S697L
Q9P2P5	R659Q
Q9P2P5	P619R
Q9P2P5	E517D
Q9P2P5	D499G
Q9P2P5	N426S
Q9P2P5	N417S
Q9P2P5	T50I
Q9P2P5	I338L
Q9P2P5	N178S
Q9P2P5	R151Q
Q9P2P5	I138V
Q9P2P5	P134S
Q9P2P5	T116I
Q9P2P5	A33T
Q96GW9	D42N
Q96GW9	T49A
Q96GW9	I233V
Q96GW9	V241I
Q96GW9	P433A
Q96GW9	V527A
Q9UPW6	V571M
Q9UPW6	E566K
Q9UPW6	R543C
Q9UPW6	N531K
Q9UPW6	G515S
Q9UPW6	S513N
Q9UPW6	I481V
Q9UPW6	N480S
Q9UPW6	A479T
Q9UPW6	E436V
Q9UPW6	Y433S
Q9UPW6	R429Q
Q9UPW6	M418R
Q9UPW6	R399H
Q9UPW6	R399C
Q9UPW6	E396G
Q9UPW6	G392E
Q9UPW6	G392R
Q9UPW6	T390I
Q9UPW6	R389C
Q9UPW6	R325Q
Q9UPW6	A288T
Q9UPW6	I282V
Q9UPW6	H278R
Q9UPW6	N257K
Q9UPW6	D244E
Q9UPW6	T190S
Q9UPW6	L182P
Q9UPW6	K161R
Q9UPW6	D133E
Q9UPW6	V131E
Q9UPW6	G116R
Q9UPW6	L96R
Q9UPW6	R78K
Q9UPW6	V62D
Q9UPW6	V55L
Q9UPW6	P40A
Q9UPW6	M1V
Q92851	K17E
Q92851	K99E
Q92851	S239C
Q92851	G241S
Q92851	V410I
Q92851	A414V
Q92851	Y446C
Q9NYY8	S15N
Q9NYY8	L61S
Q9NYY8	D87E
Q9NYY8	L255P
Q9NYY8	P322L
Q9NYY8	D364N
Q9NYY8	N396S
Q9NYY8	T629A
Q9NYY8	R633I
Q8N2C7	R131W
Q8N2C7	T135I
Q8N2C7	V189M
Q8N2C7	M218T
Q8N2C7	S312A
Q8N2C7	A529S
Q8N2C7	S669T
Q8N2C7	E744G
Q8N2C7	S1068A
Q8N2C7	T1311I
Q8N2C7	A1449T
Q8N2C7	V1984L
Q8N2C7	R2536T
Q8N2C7	D2691Y
Q8N2C7	P2693T
Q8N2C7	V2924M
Q8N2C7	P3102L
Q8N2C7	A3115G
Q8N2C7	T3185R
Q86UK0	V1873I
Q86UK0	R1741C
Q86UK0	G1651S
Q86UK0	E1539K
Q86UK0	R1514H
Q86UK0	I1409V
Q86UK0	G1381E
Q86UK0	N1380S
Q86UK0	G1179R
Q86UK0	M1161L
Q86UK0	L1149P
Q86UK0	D844G
Q86UK0	S459F
Q86UK0	S777T
Q86UK0	E737K
Q86UK0	R631Q
Q86UK0	P589T
Q86UK0	E550G
Q86UK0	V542A
Q86UK0	S459T
Q86UK0	S408P
Q86UK0	S325F
Q86UK0	R287G
Q86UK0	Q274R
Q86UK0	N237H
Q86UK0	W199C
Q86UK0	R44W
Q9NZC9	A43T
Q9NZC9	R114H
Q9NZC9	F279S
Q9NZC9	P301A
Q9NZC9	S315R
Q9NZC9	E377Q
Q9NZC9	L397P
Q9NZC9	S415G
Q9NZC9	A468P
Q9NZC9	I548N
Q9NZC9	S579L
Q9NZC9	R617L
Q9NZC9	R644W
Q9NZC9	R645C
Q9NZC9	V650I
Q9NZC9	R764Q
Q9NZC9	D816E
Q9NZC9	R820H
Q9NZC9	G857E
Q92600	S87P
Q92600	S87C
Q92600	P131S
Q92600	P131L
Q02318	V86M
Q02318	R127W
Q02318	R127Q
Q02318	G145R
Q02318	G145E
Q02318	A169V
Q02318	T175M
Q02318	A216P
Q02318	R225C
Q02318	K259R
Q02318	T339M
Q02318	D354G
Q02318	V368L
Q02318	R395C
Q02318	R395H
Q02318	P401R
Q02318	R405W
Q02318	R405Q
Q02318	V413D
Q02318	P468S
Q02318	R474W
Q02318	R474Q
Q02318	A502D
Q9GZT5	G2S
Q9GZT5	E95K
Q9GZT5	R128Q
Q9GZT5	A131T
Q9GZT5	V145M
Q9GZT5	R171H
Q9GZT5	D217G
Q9GZT5	G221R
Q9GZT5	M242R
Q9GZT5	L273I
Q9GZT5	C276S
Q9GZT5	S292G
Q9GZT5	N304H
Q9GZT5	N306K
Q9GZT5	D335N
Q9GZT5	R360P
Q9GZT5	R360L
Q9GZT5	C362R
Q9GZT5	C400Y
Q9GZT5	C416Y
Q9H9Q4	N187S
Q9H9Q4	C123R
Q9H9Q4	W119G
Q9H9Q4	A14T
Q9NP58	L811V
Q9NP58	R648Q
Q9NP58	G579E
Q9NP58	Q555K
Q9NP58	T521S
Q9NP58	V454A
Q9NP58	L425V
Q9NP58	R375Q
Q9NP58	R375W
Q9NP58	L356P
Q9NP58	R276W
Q9NP58	R247C
Q9NP58	R192Q
Q9NP58	R192W
Q9NP58	S170G
P25686	Y5C
P25686	E100K
P25686	R129W
P25686	Q235E
P25686	E253K
P25686	G270R
P25686	R277Q
P54764	N899K
P54764	A748T
P54764	T286M
P53420	F1650L
P53420	G1620S
P53420	M1603T
P53420	M1552I
P53420	G1508S
P53420	G1451R
P53420	G1445E
P53420	S1403P
P53420	R1400G
P53420	M1399L
P53420	G1392A
P53420	G1364C
P53420	G1355R
P53420	P1291A
P53420	G1245V
P53420	G1230C
P53420	G1213V
P53420	G1207R
P53420	G1201S
P53420	G1187R
P53420	A1078V
P53420	A1078T
P53420	G1069R
P53420	R1006S
P53420	P1004L
P53420	I967V
P53420	G960R
P53420	G957V
P53420	A931T
P53420	G912S
P53420	G897E
P53420	G888R
P53420	G885D
P53420	G873R
P53420	G864R
P53420	G843E
P53420	G837A
P53420	G792R
P53420	P759L
P53420	G704R
P53420	G698R
P53420	G695D
P53420	G680D
P53420	V670I
P53420	G657D
P53420	G651V
P53420	G636D
P53420	G610S
P53420	A607T
P53420	E594G
P53420	G572A
P53420	G551D
P53420	G545A
P53420	G533D
P53420	P482S
P53420	G475A
P53420	G475V
P53420	G475C
P53420	G466R
P53420	G442C
P53420	G408E
P53420	A401V
P53420	G373E
P53420	G370R
P53420	G332V
P53420	G314V
P53420	G279E
P53420	G252D
P53420	G252V
P53420	G246D
P53420	D244A
P53420	G240E
P53420	G240R
P53420	P222L
P53420	G199V
P53420	G164D
P53420	G161R
P53420	G149V
P53420	G77A
P53420	G65S
P53420	K17R
P53420	I6T
Q9Y5P4	M1L
Q9Y5P4	M1T
Q9BZV2	S444R
Q9BZV2	T422A
Q9BZV2	N410H
Q9BZV2	I378V
Q9BZV2	V350A
Q9BZV2	A321V
Q9BZV2	E320Q
Q9BZV2	I301V
Q9BZV2	W284R
Q9BZV2	D260V
Q9BZV2	S181P
Q9BZV2	V174I
Q9BZV2	S155L
Q9BZV2	Y113H
Q9BZV2	W94R
Q9BZV2	S89R
Q9BZV2	L66P
Q9BZV2	K44E
Q9BZV2	G23V
Q14669	P1966L
Q14669	R1595Q
Q14669	D1587E
Q14669	I1298V
Q14669	R372G
Q7Z3E5	I4V
Q7Z3E5	I180V
Q7Z3E5	I209T
Q7Z3E5	R222H
Q7Z3E5	R343S
Q7Z3E5	R343C
Q7Z3E5	R446C
Q7Z3E5	T475M
Q7Z3E5	G492R
Q7Z3E5	A497V
Q7Z3E5	P520L
Q7Z3E5	R636W
Q7Z3E5	G657S
Q7Z3E5	R660K
Q7Z3E5	R696G
Q7Z3E5	A804T
O95672	C760R
O95672	R702Q
O95672	A675T
O95672	D620N
O95672	E423Q
O95672	R418S
O95672	R418C
O95672	W403C
O95672	R395Q
O95672	D329E
O95672	H328Y
O95672	Y290C
O95672	S240R
O95672	D142E
O95672	R110G
O95672	M1V
P0CW18	A30T
P0CW18	G71R
P0CW18	R176G
P0CW18	G237R
P0CW18	W309S
P0CW18	G320R
P0CW18	C395R
P0CW18	A401E
P0CW18	R467L
P0CW18	G519R
Q07001	N39K
Q07001	L63P
Q07001	I79K
Q07001	E80K
Q07001	F95L
Q07001	C151S
Q07001	G204V
Q07001	R243H
Q07001	C257R
Q07001	P271Q
Q07001	S289F
Q07001	R336Q
Q07001	R419Q
Q07001	W462L
P07510	R86C
P07510	V107G
P07510	P143R
P07510	Q238H
P07510	R239C
Q96Q11	P23A
Q96Q11	P23L
Q96Q11	I111V
Q96Q11	A148V
Q96Q11	T154I
Q96Q11	L166S
Q96Q11	R190I
Q96Q11	R203K
Q96Q11	I223T
Q96Q11	F288I
Q96Q11	K416E
Q14643	D34N
Q14643	H244R
Q14643	T252I
Q14643	T267R
Q14643	S277I
Q14643	V494I
Q14643	R504G
Q14643	R511G
Q14643	L536F
Q14643	Y567H
Q14643	Y567S
Q14643	R568G
Q14643	Y587F
Q14643	L590F
Q14643	L637I
Q14643	R767H
Q14643	M769V
Q14643	M954I
Q14643	P1059L
Q14643	D1130G
Q14643	H1304Q
Q14643	H1421Q
Q14643	I1415V
Q14643	V1445M
Q14643	H1455Y
Q14643	V1562M
Q14643	E1675D
Q14643	L1835P
Q14643	M1872I
Q14643	V1874G
Q14643	E2046G
Q14643	N2175K
Q14643	L2436P
Q14831	I154T
Q14831	D385E
Q14831	E394K
Q14831	R658W
Q14831	T675K
Q14831	E891K
Q9C0A6	R64P
Q9C0A6	R77H
Q9C0A6	R122Q
Q9C0A6	N314S
Q9C0A6	F324L
Q9C0A6	K330E
Q9C0A6	D339Y
Q9C0A6	G344S
Q9C0A6	A597T
Q9C0A6	Q635R
Q9C0A6	N637S
Q9C0A6	N637T
Q9C0A6	Y885H
Q9C0A6	P946L
Q9C0A6	A976G
Q9C0A6	R1039H
Q9C0A6	H1113R
Q9C0A6	G1114D
Q9C0A6	M1137V
Q9C0A6	D1211N
Q9C0A6	S1310L
Q9C0A6	T1372I
P55201	M1R
P55201	C23R
P55201	V107I
P55201	E127G
P55201	R318H
P55201	P370S
P55201	C389R
P55201	R454C
P55201	G464S
P55201	R836Q
P55201	S840L
P55201	R842Q
P55201	R989H
P55201	M1113V
Q8N5M9	M1V
Q8N5M9	G14S
Q8N5M9	I82V
Q8N5M9	A135T
Q8N5M9	Q162R
O95352	K326Q
O95352	A530T
Q8NCE0	R41L
Q8NCE0	R41P
Q8NCE0	R41H
Q8NCE0	R126H
Q8NCE0	K130T
Q8NCE0	G312R
Q8NCE0	Y346C
Q8NCE0	Q446R
Q6DN90	G936R
Q6DN90	V882I
Q6DN90	T357M
Q6DN90	R335Q
Q6DN90	T283I
Q14995	R175W
Q02880	T1568A
Q02880	L751I
Q02880	H63Y
Q96IV0	H494Q
Q96IV0	I527V
Q96IV0	R503H
Q96IV0	C484S
Q96IV0	T479I
Q96IV0	R348Q
Q96IV0	R348P
Q96IV0	E356G
Q96IV0	Y342C
Q96IV0	R328C
Q96IV0	W244R
Q96IV0	R215G
Q96IV0	V184F
Q96IV0	A130T
Q96IV0	I105S
Q6ZWH5	R773C
Q6ZWH5	P748L
Q6ZWH5	N659S
Q6ZWH5	N401S
Q2Q1W2	A185S
Q2Q1W2	G262A
Q2Q1W2	R608H
Q2Q1W2	R629H
Q2Q1W2	R796H
Q8NCI6	P566S
Q8NCI6	G311R
Q8NCI6	H281Y
Q8NCI6	L155R
Q8NCI6	E129Q
P51178	A553T
P51178	G299S
P51178	R293C
P51178	A266V
P51178	C188R
P51178	R80H
Q99836	M27T
Q99836	L93P
Q99836	T202P
Q99836	S136L
Q13705	R40H
Q13705	R161Q
Q13705	R383C
Q13705	R482W
Q13705	L493F
Q96DW6	R66G
Q96DW6	M128V
Q96DW6	D209H
Q9BYI3	N380I
Q2TBA0	R59P
Q2TBA0	E93Q
Q2TBA0	W201L
Q2TBA0	K291T
Q2TBA0	N345S
Q2TBA0	G469C
Q2TBA0	D484N
Q2TBA0	A499T
Q2TBA0	R500C
Q2TBA0	T506P
Q2TBA0	V514M
Q2TBA0	E528K
Q2TBA0	A538P
Q2TBA0	L580I
Q2TBA0	A601T
Q2TBA0	C617R
Q8NAT1	R462L
Q8NAT1	R462W
Q8NAT1	P253L
Q8NAT1	R225Q
Q8NAT1	V167I
Q8NAT1	M165T
Q8NAT1	R141H
Q8NAT1	V122M
Q8NAT1	R80H
Q9NW15	T561M
Q9NW15	C323R
Q9NW15	R462Q
Q9NW15	S356G
Q9NW15	F337V
Q9NW15	F281S
Q9NW15	R263H
Q9NW15	F204C
Q9NW15	Q25P
Q9NW15	M1T
Q8WTS1	F68L
Q8WTS1	I72T
Q8WTS1	R114L
Q8WTS1	Q130P
Q8WTS1	E260K
Q8WTS1	G271R
Q9NQ48	K229E
Q9NQ48	N126H
Q9NQ48	L87P
Q9NQ48	M1I
Q9H3S7	F161L
Q9H3S7	E261K
Q9H3S7	P532L
Q9H3S7	P543L
Q9H3S7	N634K
Q9H3S7	R1332L
Q9H3S7	L1552P
P31930	I311L
P31930	R276C
P47897	E624Q
P47897	R515W
P47897	N285S
P47897	R225W
P47897	A77T
P47897	Y57H
P47897	G45V
P47897	M1T
Q14118	S14W
Q14118	I87V
Q14118	D111N
Q14118	T200S
Q14118	G491R
Q14118	R679H
Q14118	S744T
P11488	R13K
P11488	R28Q
P11488	G38D
P11488	D129G
P11488	I132S
P11488	D154Y
P11488	Q200E
O75800	R369W
O75800	Q358R
O75800	R340Q
O75800	P324T
O75800	L266P
O75800	R243C
O75800	G160R
O75800	S29P
O75800	M27V
O75800	V16G
Q8NBT0	Q348H
Q8NBT0	T282M
Q8NBT0	L171P
Q8NBT0	D124N
Q8NBT0	S72L
Q8NBT0	P50L
Q8NBT0	V22F
Q8IVS8	R27C
Q8IVS8	T394I
Q8IVS8	H490Y
Q01668	V338G
Q01668	G403R
Q01668	G403D
Q01668	A769T
Q01668	I750F
Q01668	I750M
Q01668	L851W
Q01668	S911N
Q01668	I1121V
Q01668	A1285V
Q01668	P1298S
Q01668	T1752I
Q01668	C1899R
Q01668	R2146K
Q8NFM7	I298T
Q8NFM7	G226S
Q70HW3	S41N
Q70HW3	A102V
Q70HW3	V148G
Q70HW3	L149V
Q70HW3	P199L
Q70HW3	T208M
Q70HW3	H226R
O75030	E208G
O75030	M223I
O75030	D246N
O75030	Y265C
O75030	E309K
O75030	R304G
O75030	K312N
O75030	H316R
O75030	N317K
O75030	L318P
O75030	E320Q
O75030	R217G
O75030	G351E
O75030	K332R
O75030	S357P
O75030	V427A
O75030	L354I
O75030	T525A
Q9H334	V630L
Q9H334	A609T
Q9H334	A588T
Q9H334	N570S
Q9H334	P568S
Q9H334	H520R
Q9H334	W534R
Q9H334	R525Q
Q9H334	L517R
Q9H334	H515R
Q9H334	R438P
Q9H334	R514H
Q9H334	R514C
Q9H334	Y470F
Q9H334	Y470C
Q9H334	T469I
Q9H334	P466T
Q9H334	P466A
Q9H334	R465T
Q9H334	R465G
Q9H334	V445M
Q9H334	Y443C
Q9H334	M365V
Q9H334	L355P
Q9H334	D334H
Q9H334	T226A
Q9H334	P215A
Q9H334	M102I
Q9H334	Q57E
Q9H334	A52T
Q9H334	R33P
Q6PI26	E541K
Q6PI26	I169V
Q6PI26	C134Y
Q6PI26	D11E
Q6PI26	S9G
Q04446	A673T
Q04446	P552L
Q04446	H545R
Q04446	N541D
Q04446	R524Q
Q04446	R515H
Q04446	R515C
Q04446	T507A
Q04446	R355H
Q04446	E333V
Q04446	Y329S
Q04446	V287L
Q04446	G280D
Q04446	F257L
Q04446	F257S
Q04446	L224P
Q04446	A214T
Q04446	R190G
Q04446	I59T
Q04446	P40T
Q9UQN3	R30G
Q9UQN3	K55Q
Q9UQN3	T104N
Q9UQN3	D148Y
Q9UQN3	S187N
Q9UQN3	Q206H
Q3SXY8	V22G
Q3SXY8	R79Q
Q3SXY8	R200C
Q3SXY8	R200H
Q3SXY8	R209Q
Q3SXY8	N255K
Q3SXY8	G315R
Q3SXY8	T348S
Q3SXY8	K349E
Q3SXY8	P396A
P36551	H431R
P36551	R426Q
P36551	K404E
P36551	K370E
P36551	R352C
P36551	D343V
P36551	R331W
P36551	R328C
P36551	H327R
P36551	H295D
P36551	V294I
P36551	A293V
P36551	G279R
P36551	N272H
P36551	T256A
P36551	C239Y
P36551	E217D
P36551	H211R
P36551	S208F
P36551	E201K
P36551	H95R
Q9BZV3	L939H
Q9BZV3	T674I
Q9BZV3	Y560F
Q9BZV3	N384S
Q9BZV3	A243P
Q9BZV3	G152D
Q9BZV3	R127P
Q9BZV3	S34C
Q7L0Y3	P56R
Q7L0Y3	K164N
Q7L0Y3	L165Q
Q7L0Y3	R181L
Q7L0Y3	T272A
Q13191	R670Q
Q13191	S622T
P40200	Q209P
P40200	R243Q
P40200	T280M
P40200	R287G
Q6NW34	L145F
Q6NW34	E133K
Q6NW34	R94C
Q8NBL1	K201R
Q8NBL1	D233E
Q8NBL1	S371P
O95622	P1259L
O95622	M1029K
O95622	E1025A
O95622	R1013C
O95622	Q875R
O95622	A726T
O95622	R695P
O95622	R695W
O95622	K691N
O95622	K691E
O95622	P527T
O95622	I475M
O95622	I460F
O95622	A441V
O95622	R418Q
O95622	R418W
O95622	H44Y
P11172	S30G
P11172	R96G
P11172	V109G
P11172	G213A
P11172	G375S
P11172	G429R
P11172	I446V
P23769	R398Q
P23769	R398W
P23769	R396Q
P23769	R396W
P23769	R396G
P23769	C373R
P23769	N371K
P23769	R361L
P23769	R361C
P23769	R361G
P23769	T354M
P23769	C352R
P23769	C349Y
P23769	C349R
P23769	G263R
P23769	P250A
P23769	G237D
P23769	S227N
P23769	S225N
P23769	G210S
P23769	G200D
P23769	T176P
P23769	A164T
P23769	D23N
P23769	P14S
P23769	V3A
P51149	L129F
P51149	K157N
P51149	N161I
P51149	V162M
P51149	T168M
Q9H845	C4F
Q9H845	F44I
Q9H845	G172R
Q9H845	K211R
Q9H845	T243R
Q9H845	R266W
Q9H845	R266Q
Q9H845	P281L
Q9H845	K330Q
Q9H845	R408T
Q9H845	E413K
Q9H845	R414C
Q9H845	R417C
Q9H845	A444V
Q9H845	V467I
Q9H845	R477Q
Q9H845	R518H
P14770	L7P
P14770	C24R
P14770	R27H
P14770	D37G
P14770	L56P
P14770	N61S
P14770	F71S
P14770	C135F
P14770	A156T
Q9HBG6	W7C
Q9HBG6	C58R
Q9HBG6	I206T
Q9HBG6	K275N
Q9HBG6	G299D
Q9HBG6	S113F
Q9HBG6	S368N
Q9HBG6	R366W
Q9HBG6	V391G
Q9HBG6	L511P
Q9HBG6	G461V
Q9HBG6	E648A
Q9HBG6	K816T
Q9HBG6	Y943C
Q9HBG6	I1082V
Q9HBG6	R1178H
Q9HBG6	H1017R
Q92959	I553V
Q92959	P431T
Q92959	P430S
Q92959	R389H
Q92959	V228I
Q92959	G222R
Q92959	G183R
Q92959	E165D
Q92959	E123K
Q92959	R97H
Q92959	S26L
P82650	L9F
P82650	I95L
P82650	R170H
P82650	L215P
P82650	H247Q
Q14651	F128S
Q14651	A342T
O00469	H666R
O00469	F629S
O00469	T608I
O00469	G601V
O00469	W567C
O00469	V391L
O00469	M376L
O00469	E370K
O00469	V269I
O00469	I218V
O00469	R178C
O00469	C4S
Q15915	P7S
Q15915	L101M
Q15915	L377P
Q15915	G400R
Q15915	T414A
P46976	S46C
P46976	T83M
P46976	H151L
Q969F9	Q53R
Q969F9	E275K
Q969F9	G324S
Q969F9	R397W
Q969F9	M410V
Q969F9	I456V
Q969F9	M503I
Q969F9	I607M
Q969F9	G739R
O00400	N484T
O00400	A309T
O00400	F262L
O00400	E283K
O00400	D171G
O00400	S113R
O00400	A110P
O00400	G57R
O00400	E46K
Q96RP9	M1I
Q96RP9	K26R
Q96RP9	N43D
Q96RP9	A74S
Q96RP9	D83V
Q96RP9	E132A
Q96RP9	N159S
Q96RP9	N174S
Q96RP9	M190L
Q96RP9	V215I
Q96RP9	G230S
Q96RP9	R250W
Q96RP9	Q263R
Q96RP9	P318S
Q96RP9	P320A
Q96RP9	R394Q
Q96RP9	D448G
Q96RP9	P457S
Q96RP9	M496R
Q96RP9	C516R
Q96RP9	A524V
Q96RP9	T528I
Q96RP9	A641E
Q96RP9	V664I
Q96RP9	R671C
Q99574	F7L
Q99574	S14G
Q99574	I26T
Q99574	R36S
Q99574	S49P
Q99574	S52R
Q99574	K70E
Q99574	R73C
Q99574	R73H
Q99574	V97I
Q99574	V114M
Q99574	A135V
Q99574	D173G
Q99574	A273T
Q99574	A280T
Q99574	E330D
Q99574	H338R
Q99574	G392R
Q99574	G392E
Q99574	M395V
Q03112	G486S
Q03112	T821A
Q03112	H930R
Q03112	L754F
Q8TBB6	G722R
Q8TBB6	F708V
P11168	G519E
P11168	L468V
P11168	V423E
P11168	P417L
P11168	G416S
P11168	L389P
P11168	G199R
P11168	T198K
P11168	T110I
P11168	V101I
P11168	P68L
Q96RQ3	E717K
Q96RQ3	S591N
Q96RQ3	S535F
Q96RQ3	D532H
Q96RQ3	D524N
Q96RQ3	R500Q
Q96RQ3	L498F
Q96RQ3	H464P
Q96RQ3	I460M
Q96RQ3	R444H
Q96RQ3	L437P
Q96RQ3	A435T
Q96RQ3	I434M
Q96RQ3	V426A
Q96RQ3	R385S
Q96RQ3	K328N
Q96RQ3	M325R
Q96RQ3	E229G
Q96RQ3	G99S
Q96RQ3	R66C
Q96RQ3	N56K
Q96RQ3	G46E
Q96RQ3	M1V
P51788	S865R
P51788	R747H
P51788	R725W
P51788	E718D
P51788	R688Q
P51788	R644W
P51788	T668S
P51788	S661T
P51788	R653T
P51788	R646Q
P51788	R644C
P51788	A500V
P51788	R471H
P51788	A458G
P51788	L440F
P51788	E178K
P51788	R172Q
P51788	R68H
P51788	P48R
P51788	Y26N
P51788	G24D
P51788	M22K
P40225	T344A
P40225	P104T
P40225	D83N
P40225	R38C
P49585	D364V
P49585	P337L
P49585	P337S
P49585	R335Q
P49585	R328H
P49585	E327K
P49585	T325A
P49585	A313V
P49585	N236S
P49585	R223S
P49585	F191L
P49585	A99V
P49585	A99T
P49585	G20R
P35913	M1V
P35913	R9Q
P35913	A34V
P35913	R48Q
P35913	D49Y
P35913	P115A
P35913	P125A
P35913	G236S
P35913	L516P
P35913	I535N
P35913	R542W
P35913	R552Q
P35913	H557Y
P35913	H557R
P35913	R560C
P35913	G576S
P35913	Y582H
P35913	D668G
P35913	M714L
P35913	W807R
P22607	G44S
P22607	G52S
P22607	V57M
P22607	P62A
P22607	G65R
P22607	S84L
P22607	E102K
P22607	R223C
P22607	R238Q
P22607	R248C
P22607	S249C
P22607	P250R
P22607	D270N
P22607	Y278C
P22607	S279C
P22607	E322K
P22607	G342C
P22607	S351F
P22607	S351C
P22607	G370C
P22607	S371C
P22607	G375C
P22607	G380R
P22607	F384L
P22607	A391E
P22607	P449S
P22607	T450M
P22607	N540T
P22607	N540K
P22607	T546K
P22607	A569V
P22607	R621H
P22607	D628N
P22607	Y648S
P22607	Y648F
P22607	K650E
P22607	K650T
P22607	K650M
P22607	K650N
P22607	G697C
P22607	A717T
P22607	R750L
P22607	T757S
O95202	K697R
O95202	E665D
O95202	K606R
O95202	K587R
O95202	N131K
O95202	I82V
O95202	V50I
O95202	P18R
O96028	S4N
O96028	R319S
O96028	T444A
O96028	H528N
O96028	H528Q
O96028	A807T
P78314	V27M
P78314	R56C
P78314	R80Q
P78314	H100R
P78314	A155V
P78314	L164R
P78314	P215T
P78314	P261R
P78314	R384Q
P78314	A400T
P78314	R415Q
P78314	R415P
P78314	P418T
P78314	P418S
P78314	P418H
P78314	P418R
P78314	P418L
P78314	G420R
P78314	S456P
P78314	R477W
P78314	S494L
P78314	V542M
P42858	F2717Y
P28360	G22D
P28360	A29V
P28360	G30D
P28360	A32V
P28360	A40G
P28360	M43L
P28360	K51E
P28360	M67K
P28360	P73L
P28360	G122E
P28360	P153Q
P28360	R202P
P28360	P260T
P28360	A274V
O76024	Q14R
O76024	G107E
O76024	T117M
O76024	A126T
O76024	R161Q
O76024	E169K
O76024	E202G
O76024	D211N
O76024	R285H
O76024	H313Y
O76024	T321P
O76024	H323R
O76024	V333F
O76024	V333I
O76024	T361I
O76024	I421V
O76024	C426Y
O76024	G437S
O76024	V441M
O76024	E462G
O76024	L499F
O76024	P504L
O76024	C505Y
O76024	R558H
O76024	A559T
O76024	A559G
O76024	A602V
O76024	R611H
O76024	K634T
O76024	V644L
O76024	A671V
O76024	L672P
O76024	A684V
O76024	R685P
O76024	G695V
O76024	V707F
O76024	N714T
O76024	A716T
O76024	E717K
O76024	I720V
O76024	P724S
O76024	G745S
O76024	E776V
O76024	G786S
O76024	L804P
O76024	E809K
O76024	L829P
O76024	K836N
O76024	S855P
O76024	E864K
O76024	V875M
O76024	P885L
Q66K79	R165W
Q66K79	I225M
Q66K79	Q263R
Q66K79	G441W
Q66K79	G629R
Q9P2K1	M1K
Q9P2K1	E241K
Q9P2K1	A375P
Q9P2K1	E376A
Q9P2K1	G398E
Q9P2K1	W513R
Q9P2K1	L559P
Q9P2K1	S620G
Q9P2K1	V697A
Q9P2K1	P721S
Q9P2K1	E891K
Q9P2K1	R925P
Q9P2K1	R948Q
Q9P2K1	I961T
Q9P2K1	V1045A
Q9P2K1	R1049G
Q9P2K1	V1151A
Q9P2K1	R1170K
Q9P2K1	W1182R
Q9P2K1	R1284C
Q9P2K1	R1284H
Q9P2K1	Y1331C
Q9P2K1	G1363V
Q9P2K1	I1409T
Q9P2K1	V1430A
Q9P2K1	W1462R
Q9P2K1	Q1497H
Q9P2K1	W1511C
Q9P2K1	T1517S
Q9P2K1	W1519R
Q9P2K1	W1519G
Q9P2K1	R1528C
Q9P2K1	L1551P
Q9P2K1	D1576H
Q9P2K1	T1581A
Q9P2K1	V1588A
O43490	D826H
O43490	L791F
O43490	R704C
O43490	V413D
O43490	R373C
O43490	L245P
O43490	G127E
O43490	S19A
O43490	V4A
Q6NXT6	N522S
Q6NXT6	E465K
Q6NXT6	D353V
Q6NXT6	G166C
Q6NXT6	I116L
O94813	S92N
O94813	A98T
O94813	K904N
O94813	D1074H
O94813	S1350N
O94813	A1418V
O94813	H1423N
O94813	T1525M
Q9HD40	R465Q
Q9HD40	K452N
Q9HD40	C431G
Q9HD40	Y334C
Q9HD40	S307G
Q9HD40	A239T
Q9HD40	N119D
Q8NEZ3	L7P
Q8NEZ3	V68D
Q8NEZ3	D159N
Q8NEZ3	L206P
Q8NEZ3	G243V
Q8NEZ3	G248S
Q8NEZ3	F249S
Q8NEZ3	G294R
Q8NEZ3	V304I
Q8NEZ3	V345G
Q8NEZ3	E456K
Q8NEZ3	I478M
Q8NEZ3	H481R
Q8NEZ3	G495R
Q8NEZ3	I520T
Q8NEZ3	I532T
Q8NEZ3	S536T
Q8NEZ3	S639G
Q8NEZ3	R699Q
Q8NEZ3	L710S
Q8NEZ3	I747V
Q8NEZ3	A914D
Q8NEZ3	G1084S
Q8NEZ3	K1090Q
Q8NEZ3	Q1139R
Q8NEZ3	E1235K
Q8NEZ3	P1241L
Q8NEZ3	C1267Y
O43766	R19S
O43766	R98Q
O43766	T196N
O43766	A253P
O43766	A355P
Q99453	R149G
Q99453	R141Q
Q99453	R141G
A8MXD5	E9K
A8MXD5	A47V
A8MXD5	G91V
A8MXD5	E219K
P18505	R53W
P18505	F246S
P18505	I247T
P18505	T285K
P18505	T287I
P18505	D345N
P18505	H421Q
P16234	G79D
P16234	S268T
P16234	R340Q
P16234	V367M
P16234	R374S
P16234	R376Q
P16234	A401D
P16234	Y555C
P16234	P577S
P16234	V658A
P16234	N659K
P16234	T674I
P16234	P744S
P16234	L761R
P16234	R841K
P16234	D842Y
P16234	H845Y
P16234	K999N
P16234	D1075N
P16234	I1076M
Q5HYJ1	R196Q
Q9NRM1	L31R
Q9NRM1	Q84R
Q9NRM1	G389S
Q9NRM1	F576L
Q9NRM1	I648T
Q9NRM1	P724L
Q9NRM1	R763Q
Q9NRM1	R946T
P58335	A454T
P58335	G383D
P58335	G382C
P58335	Y381C
P58335	A357P
P58335	L329R
P58335	G306R
P58335	V270I
P58335	C218R
P58335	I189T
P58335	R111C
P58335	K110R
P58335	G105D
P58335	S81P
P58335	L45R
P58335	L45P
O14979	D378H
O14979	T119I
O14979	P83L
O14979	L42P
O14979	L42F
Q96H96	V343A
Q96H96	Y247C
Q96H96	R147H
Q96H96	N146S
Q96H96	T142A
Q96H96	S96N
Q96H96	Y74N
Q96H96	P46L
Q8IZQ1	G2815V
Q8IZQ1	R2637W
Q8IZQ1	L557P
Q8IZQ1	A385T
Q8IZQ1	T128M
Q9NZW4	Y6D
Q9NZW4	A15V
Q9NZW4	P17T
Q9NZW4	V18F
Q9NZW4	V18G
Q9NZW4	R68W
Q9NZW4	I131T
Q9NZW4	G138R
Q9NZW4	P231T
Q9NZW4	D243N
Q9NZW4	G268W
Q9NZW4	A330T
Q9NZW4	T344N
Q9NZW4	V355I
Q9NZW4	V420A
Q9NZW4	S671N
Q9NZW4	D1074G
Q9NZW4	D1227E
O00238	P25R
O00238	P112S
O00238	D120N
O00238	V132G
O00238	V140I
O00238	R149W
O00238	I200K
O00238	Q205E
O00238	R214S
O00238	K325N
O00238	H330Y
O00238	P368S
O00238	R371Q
O00238	R371L
O00238	M397R
O00238	T483I
P19838	I86S
P19838	V97D
P19838	R197H
P19838	I280M
P19838	V476F
P19838	T489I
P19838	M506V
P19838	R533H
P19838	L614F
P19838	H711Q
Q8TEA7	T887I
Q8TEA7	M836V
Q8TEA7	F627C
Q8TEA7	W626C
Q8TEA7	R511H
Q8TEA7	K489N
Q8TEA7	V325A
Q8TEA7	Q266E
Q7Z449	E202K
Q7Z449	C262R
Q7Z449	D316V
Q7Z449	V378I
Q7Z449	E380G
Q7Z449	R384I
Q7Z449	A388T
Q7Z449	I442N
Q7Z449	R488W
Q9NPC6	Q10P
Q9NPC6	S48P
Q9NPC6	N82T
Q9NPC6	P105S
Q9NPC6	I246M
Q9NQX1	I425V
Q9NQX1	S356T
Q9NQX1	K164I
Q9NQX1	R160C
Q9NQX1	Y107C
Q9NQX1	V6G
Q2LD37	T811A
Q2LD37	E1282G
Q2LD37	R1309Q
Q2LD37	V1867M
Q2LD37	G3385R
Q2LD37	P3699T
Q2LD37	Y3964H
Q6ZW61	G84R
Q6ZW61	P108R
Q6ZW61	G119S
Q6ZW61	E126D
Q6ZW61	R368H
Q6ZW61	R386Q
Q6ZW61	V403M
Q6ZW61	K408R
Q6ZW61	S429T
Q6ZW61	N461H
Q6ZW61	D467N
Q6ZW61	R484K
Q6ZW61	T501M
Q6ZW61	G539D
Q6ZW61	E543K
Q6ZW61	S616N
Q9P2E7	S428F
Q9P2E7	I804T
O14967	K320R
O14967	D244G
O14967	P129Q
Q0GE19	A310T
Q0GE19	G130R
Q0GE19	G112D
Q0GE19	L74P
P02675	R44C
P02675	I123V
P02675	N170K
P02675	L202Q
P02675	C227R
P02675	T228A
P02675	G325A
P02675	L383R
P02675	G430D
P02675	R478K
P48167	K31R
P48167	G251D
P48167	A462G
P48167	A462V
Q15800	K99R
Q15800	N124S
Q15800	P126A
Q15800	V204M
Q15800	Y244C
Q7Z392	V49L
Q7Z392	E73D
Q7Z392	S155L
Q7Z392	H315R
Q7Z392	V660L
Q7Z392	K876R
Q7Z392	F886I
Q7Z392	Q933H
Q7Z392	G980R
Q7Z392	V1007M
Q7Z392	P1031R
Q7Z392	T1104A
Q7Z392	R1110H
P0C7U3	V11F
Q15645	H26R
Q15645	C93R
Q15645	R173Q
Q15645	I198V
Q15645	R205Q
Q15645	V247M
Q15645	E303K
Q15645	I432V
Q695T7	R14Q
Q695T7	I15M
Q695T7	V252I
Q695T7	L547F
O14746	R1105Q
O14746	G1063S
O14746	R962C
O14746	S947P
O14746	R938W
O14746	K902N
O14746	R901Q
O14746	V897M
O14746	D868G
O14746	V867M
O14746	R865H
O14746	R858Q
O14746	G822D
O14746	D807N
O14746	V791I
O14746	V777M
O14746	Y772C
O14746	A716V
O14746	A716T
O14746	P704S
O14746	I686M
O14746	G674S
O14746	R672H
O14746	R671Q
O14746	A670V
O14746	E668D
O14746	R653H
O14746	R653C
O14746	R631Q
O14746	R631W
O14746	T618M
O14746	R610Q
O14746	Q608H
O14746	K570N
O14746	T567M
O14746	I540M
O14746	G527V
O14746	V461L
O14746	R447C
O14746	T443A
O14746	G433D
O14746	G398R
O14746	P380S
O14746	P323L
O14746	A279T
O14746	P278L
O14746	R268C
O14746	V251I
O14746	A243V
O14746	R185W
O14746	T116I
O14746	F115L
Q01959	K619N
Q01959	P395L
Q01959	L368Q
Q01959	A346T
Q01959	R237Q
Q01959	L224P
Q01959	R85W
Q9UBK8	M1V
Q9UBK8	I22M
Q9UBK8	S175L
Q9UBK8	P247S
Q9UBK8	S257T
Q9UBK8	T286M
Q9UBK8	L333V
Q9UBK8	K336E
Q9UBK8	K350R
Q9UBK8	R415C
Q9UBK8	P450R
Q9UBK8	S454L
Q9UBK8	G487R
Q9UBK8	T490A
Q9UBK8	A515V
Q9UBK8	H595Y
Q9UBK8	V607I
P26639	G21D
P26639	E77D
P26639	V118I
P26639	L227P
P26639	K276E
P26639	G580D
Q5F1R6	E17G
Q5F1R6	P32A
Q5F1R6	K34E
Q5F1R6	R274Q
Q5F1R6	E433K
P16471	L284W
P16471	P269L
P16471	H212R
P16871	M1R
P16871	Q45P
P16871	S54P
P16871	I66T
P16871	L69V
P16871	F71S
P16871	C118Y
P16871	V138I
P16871	R170H
P16871	S185C
P16871	G215V
P16871	S221I
P16871	T244I
P16871	N348T
P16871	I356V
P16871	D364E
P16871	T411A
P16871	T414M
Q4G0N4	M409V
Q4G0N4	R211H
Q4G0N4	E146D
Q4G0N4	K120R
Q4G0N4	R61H
P43003	R23H
P43003	C186S
P43003	E219D
P43003	R226G
P43003	P290R
P43003	R385H
Q9H799	G3062R
Q9H799	M2873V
Q9H799	P2728T
Q9H799	Q2696E
Q9H799	P2592L
Q9H799	T2302M
Q9H799	S2287N
Q9H799	S2232F
Q9H799	N2148S
Q9H799	I2143V
Q9H799	F2033C
Q9H799	T1838A
Q9H799	P1794L
Q9H799	A1783D
Q9H799	V1777I
Q9H799	S1772G
Q9H799	Q1662H
Q9H799	D1548G
Q9H799	I1437T
Q9H799	Q1345R
Q9H799	R1336W
Q9H799	D1287H
Q9H799	G1248D
Q9H799	R1193C
Q9H799	S1127L
Q9H799	W1000L
Q9H799	R944H
Q9H799	R871C
Q9H799	R628K
Q9H799	M397I
Q9H799	T379M
Q9H799	M332V
Q9H799	A256D
Q9H799	V221A
Q9H799	G78V
Q9H799	V32I
Q99650	V169I
Q99650	S202C
Q99650	Y364H
Q99650	E388K
Q99650	R405Q
Q99650	V506I
Q99650	G618A
Q99650	D627E
Q99650	D647V
Q99650	I691T
Q99650	P694L
Q99650	K697T
Q99650	S800T
Q99650	M883V
Q99650	A950E
O15520	H207P
O15520	G184R
O15520	I156R
O15520	G138E
O15520	M134K
O15520	C106F
O15520	R80S
O15520	V33I
O15520	M1V
O60741	R854P
O60741	P852Q
O60741	P836L
O60741	A821V
O60741	P785S
O60741	L774P
O60741	T757I
O60741	P751A
O60741	P744L
O60741	P743A
O60741	L727M
O60741	A724T
O60741	A720D
O60741	S695A
O60741	T687N
O60741	P683T
O60741	P681S
O60741	A670V
O60741	M660I
O60741	T657A
O60741	P656R
O60741	S651W
O60741	R590Q
O60741	R548H
O60741	G521V
O60741	N448S
O60741	V414M
O60741	L396I
O60741	G391D
O60741	G391S
O60741	I380T
O60741	A365V
O60741	C329S
O60741	M305L
O60741	R297T
O60741	H279Y
O60741	S272P
O60741	M243R
O60741	Y234F
O60741	W221R
O60741	L157V
O60741	M153I
O60741	K128R
O60741	S100F
O60741	S100A
O60741	R88G
O60741	P87S
O60741	G86R
O60741	V61L
O60741	H53Q
O60741	G47V
O60741	P43L
O60741	A23V
O60741	S9P
D6RGH6	R381H
D6RGH6	G366D
D6RGH6	R298H
D6RGH6	E286K
D6RGH6	G274E
P22674	P336L
P22674	M334I
P22674	E314K
P22674	G264R
P22674	L213P
P22674	K188R
P22674	Q88H
P22674	R36H
P40189	V885I
Q13216	V369L
Q13216	W361C
Q13216	C339Y
Q13216	D208A
Q13216	D266G
Q13216	G257R
Q13216	W194R
Q13216	I68F
O00139	G7R
O00139	D65E
O00139	E73K
O00139	P76T
O00139	S128P
O00139	G313E
O00139	S317N
O00139	T320I
O00139	H321D
O00139	A644T
P27986	M326I
P27986	T369I
P27986	G376R
P27986	F487S
P27986	E489K
P27986	D560Y
P27986	R562H
P27986	N564D
P27986	N564K
P27986	K567E
P27986	R649W
Q16625	P24A
Q16625	A152V
Q16625	F219S
Q16625	M252V
Q16625	V308M
Q9Y5P4	P539L
Q9Y5P4	T166A
Q9Y5P4	E159K
Q9Y5P4	R158H
Q9Y5P4	S138F
Q9Y5P4	S135F
Q9Y5P4	S260P
Q9Y5P4	S57Y
O00203	S901C
O00203	T862I
O00203	I775K
O00203	V585E
O00203	L580R
O00203	M471L
O00203	I456T
Q13426	S12C
Q13426	W43R
Q13426	L75S
Q13426	D82E
Q13426	D103N
Q13426	N137K
Q13426	E142Q
Q13426	R161Q
Q06413	Q365H
Q06413	A341T
Q06413	S324P
Q06413	G197R
Q06413	V186A
Q06413	S176Y
Q06413	R79P
Q06413	V65G
Q06413	S59R
Q06413	L38P
Q06413	R24K
Q06413	K23R
Q06413	T22R
Q06413	T20S
Q06413	R3S
Q06413	M1T
Q96AG3	A18S
Q96AG3	S93N
Q96AG3	L138R
Q96AG3	V211M
Q96AG3	K256R
Q96AG3	R257Q
Q96AG3	P260L
Q96AG3	P333L
Q96AG3	E335D
Q96AG3	R340C
Q96AG3	E379D
Q9HCS5	A666V
Q9HCS5	R441H
Q9HCS5	K435E
Q9HCS5	S433L
Q9HCS5	I177V
Q9NQ86	Q725E
P51659	M1L
P51659	M1I
P51659	A19G
P51659	V38I
P51659	R106H
P51659	R106P
P51659	H123D
P51659	K140N
P51659	N176D
P51659	Y217C
P51659	R248C
P51659	R251W
P51659	W273C
P51659	T292S
P51659	S398P
P51659	N457D
P51659	N457Y
P51659	A491T
P51659	R506C
P51659	W511R
P51659	H406R
P51659	I516T
P51659	I559V
P51659	T687I
P51659	M728V
P51659	L736H
P20700	K33E
P20700	R42W
P20700	R90P
P20700	A152G
P20700	R234C
P20700	N274S
P20700	S393N
P20700	R397H
P20700	A501V
Q96KG7	N122S
Q96KG7	V206I
Q96KG7	G218R
Q96KG7	C326R
Q96KG7	N580S
Q96KG7	T715K
Q96KG7	C774R
Q96KG7	C804Y
Q96KG7	R1072K
Q96KG7	D1118E
O15460	N436S
O15460	E291K
O15460	F218L
O15460	Q140R
O15460	A76S
Q9UHB7	T1107A
Q9UHB7	P890L
Q9UHB7	P824S
Q9UHB7	S703L
Q9UHB7	P529L
Q9UHB7	S277T
Q9UHB7	R258W
Q9UHB7	T254S
Q9UHB7	T254A
Q9UHB7	R225G
Q9UHB7	Q185L
Q9UHB7	N158H
Q9UHB7	T136P
Q15582	R124S
Q15582	R124C
Q15582	R124L
Q15582	R124H
Q15582	L269F
Q15582	M343V
Q15582	H438Y
Q15582	R496G
Q15582	L509R
Q15582	F540S
Q15582	A549T
Q15582	P551Q
Q15582	R555W
Q15582	R555Q
Q15582	S591Y
Q15582	G623D
Q7LBC6	D336G
Q7LBC6	T439S
Q7LBC6	E616D
Q7LBC6	F898S
Q7LBC6	R943Q
Q7LBC6	D1032V
Q7LBC6	P1169S
Q7LBC6	A1198S
Q7LBC6	E1731K
P35221	A179V
P35221	Q206H
P35221	P219S
P35221	N257S
P35221	E307K
P35221	R308C
P35221	L318S
P35221	A437V
P35221	A468V
P35221	S905N
P43243	S85C
P43243	I89V
P43243	H337R
P43243	N787S
P43243	R841C
Q86WV6	R375L
Q86WV6	A313T
Q86WV6	R281Q
Q86WV6	H232R
Q86WV6	R220H
Q86WV6	V194L
Q86WV6	V155M
Q86WV6	N154S
P12081	L421V
P12081	A399V
P12081	K376R
P12081	R375H
P12081	D364Y
P12081	D177Y
P12081	G205D
P12081	D175E
P12081	P134H
P12081	V133F
P12081	T132I
P12081	G122R
P12081	Q23P
P12081	Q14K
Q9C004	V281I
Q9C004	C186Y
Q9C004	R30W
Q9C004	V16I
Q9C004	A9T
P04150	L753F
P04150	I747M
P04150	G679S
P04150	D641V
P04150	V571A
P04150	I559N
P04150	T524A
P04150	R477H
P04150	N363S
P04150	S325G
P04150	F65V
P04150	R23K
Q9P2J5	E1137K
Q9P2J5	R1088K
Q9P2J5	Y1026C
Q9P2J5	E1022Q
Q9P2J5	I972T
Q9P2J5	N962S
Q9P2J5	Y939C
Q9P2J5	N892D
Q9P2J5	G889D
Q9P2J5	A860T
Q9P2J5	Y835C
Q9P2J5	M515I
Q9P2J5	G436S
Q9P2J5	Y373C
Q9P2J5	R308H
Q9P2J5	I108T
Q9P2J5	K82R
Q9P2J5	L37V
Q8TF17	R1279Q
Q8TF17	A1278V
Q8TF17	V1158I
Q8TF17	A1145P
Q8TF17	A1121V
Q8TF17	H1102R
Q8TF17	N1013K
Q8TF17	N897K
Q8TF17	N881S
Q8TF17	H696R
Q8TF17	V675I
Q8TF17	R658C
Q8TF17	E657K
Q8TF17	R621C
Q8TF17	L571P
Q8TF17	R529C
Q8TF17	A468S
Q8TF17	S312L
Q8TF17	G310E
Q8TF17	G299A
Q8TF17	G171E
Q8TF17	A80T
Q8TF17	R63K
Q8TF17	R61H
Q8TF17	S55F
Q8TF17	K41R
Q8TF17	M1V
P16499	R750H
P16499	V685M
P16499	R653Q
P16499	L575P
P16499	R544W
P16499	V391M
P16499	S344R
P16499	S303C
P16499	N216S
P16499	A145T
P16499	R102H
P16499	R102C
P16499	R29Q
P16499	L13Q
P16499	M1V
P07333	Y969C
P07333	Y969F
P07333	Y969H
P07333	R921Q
P07333	R921W
P07333	E920D
P07333	R900K
P07333	A891P
P07333	M875T
P07333	E847D
P07333	D837Y
P07333	F828S
P07333	P824R
P07333	A823V
P07333	L817Q
P07333	I794T
P07333	A792D
P07333	R782L
P07333	R782H
P07333	A781V
P07333	A781E
P07333	R777Q
P07333	R777W
P07333	H776Y
P07333	A770P
P07333	R753Q
P07333	G747V
P07333	G747R
P07333	T722N
P07333	R710H
P07333	E644K
P07333	E633K
P07333	G591E
P07333	G589E
P07333	G589R
P07333	T587I
P07333	Y571D
P07333	L536V
P07333	V518M
P07333	T507M
P07333	G413S
P07333	V406I
P07333	H362R
P07333	L301F
P07333	L301S
P07333	A299T
P07333	R294Q
P07333	V279M
P07333	V268I
P07333	A245T
P07333	A245S
P07333	N153H
P07333	P132L
P07333	A123G
P07333	P90T
P07333	T75I
P07333	V32G
P09619	A1096V
P09619	G1040V
P09619	R830H
P09619	R987Q
P09619	L958V
P09619	D850V
P09619	V823I
P09619	A789S
P09619	D776N
P09619	V722F
P09619	N666K
P09619	N666H
P09619	V665A
P09619	L658P
P09619	P584R
P09619	K567E
P09619	Y562D
P09619	R561C
P09619	I538N
P09619	R502Q
P09619	R502W
P09619	V491A
P09619	E485K
P09619	T464M
P09619	R459H
P09619	P427S
P09619	S408C
P09619	Q406R
P09619	R370C
P09619	P345S
P09619	V316M
P09619	G228D
P09619	R197K
P09619	I194T
P09619	G126D
P09619	E112K
P09619	T88I
P09619	I29F
P17900	A19T
P17900	K26N
P17900	I59V
P17900	M69V
P17900	C138R
P17900	C138Y
P17900	V153A
P17900	R169P
Q8TEQ6	S1430A
Q8TEQ6	E1350K
Q8TEQ6	R1129K
Q8TEQ6	A1065V
Q8TEQ6	K835R
Q8TEQ6	Q463P
Q8TEQ6	M263I
Q8TEQ6	L81F
Q08881	R29H
Q08881	K119R
Q08881	R193Q
Q08881	R335W
Q08881	V587I
Q08881	R610C
Q0D2K0	M1T
Q0D2K0	N31S
Q0D2K0	V37A
Q0D2K0	V74D
Q0D2K0	G80V
Q0D2K0	G95E
Q0D2K0	A176D
Q0D2K0	E178D
Q0D2K0	S146F
Q0D2K0	R151G
Q0D2K0	G168R
Q0D2K0	T170R
Q0D2K0	H175D
Q0D2K0	V182F
Q0D2K0	P217L
Q0D2K0	G220R
Q0D2K0	G235R
Q0D2K0	N251K
Q0D2K0	S319R
Q0D2K0	S391L
P14867	K3R
P14867	S4N
P14867	D9E
P14867	D90N
P14867	D90H
P14867	R147W
P14867	R214C
P14867	R214S
P14867	R214H
P14867	L215I
P14867	T242I
P14867	G251S
P14867	G251D
P14867	I255F
P14867	M263V
P14867	M263K
P14867	M263I
P14867	L267F
P14867	N275K
P14867	V287L
P14867	T288I
P14867	T289A
P14867	V290M
P14867	T294I
P14867	L296F
P14867	S297R
P14867	S299R
P14867	R301K
P14867	K306T
P14867	A308T
P14867	A312T
P14867	D314N
P14867	I317T
P14867	F325L
P14867	A332V
P14867	K339E
P14867	P384L
P14867	K398E
P14867	W439R
P14867	E446G
P18507	P4L
P18507	I6T
P18507	V18L
P18507	I27V
P18507	E47G
P18507	D45G
P18507	L74V
P18507	R82Q
P18507	P83S
P18507	P83L
P18507	A106T
P18507	I132F
P18507	N167K
P18507	R177G
P18507	G257R
P18507	P282S
P18507	P282T
P18507	V287I
P18507	A160D
P18507	I321T
P18507	R323G
P18507	R323Q
P18507	K328M
P18507	F343L
P18507	G354V
P18507	R363Q
P54136	M1V
P54136	M1K
P54136	M1T
P54136	D2G
P54136	V3I
P54136	V328I
P54136	V376E
P54136	F397Y
P54136	A439D
P54136	R512W
P54136	R512Q
P35548	K105N
P35548	M129T
P35548	P148L
P35548	P148H
P35548	R172H
P22455	Y367C
P22455	N535K
P22455	V550E
P22455	S591F
Q06495	P75S
Q06495	R95H
Q06495	A133T
Q06495	A133V
Q06495	G153A
Q06495	G153V
Q06495	A218T
Q06495	E238A
Q06495	C336G
O75360	A142T
O75360	R129C
O75360	R120C
O75360	F117I
O75360	R104Q
O75360	F88S
O75360	R73H
O75360	R73C
O75360	G60E
O75360	G51V
O75360	G51A
O75360	M1I
O75360	M1T
O15303	I245V
O15303	V243F
O15303	G150S
O15303	P139T
O15303	P135R
O15303	R118S
O15303	Q59P
O15303	P46L
O15303	A7T
Q13501	M1K
Q13501	E36K
Q13501	G62V
Q13501	A117V
Q13501	K238E
Q13501	A245V
Q13501	V255L
Q13501	E274D
Q13501	E319K
Q13501	R321C
Q13501	G363E
Q13501	M401L
Q13501	M404T
P35916	R1324L
P35916	R1324P
P35916	R1321Q
P35916	R1320Q
P35916	G1303A
P35916	G1296S
P35916	D1274V
P35916	G1154R
P35916	R1146H
P35916	P1137L
P35916	G1131S
P35916	P1114L
P35916	E1106K
P35916	I1086T
P35916	L1044P
P35916	R1041P
P35916	R1041W
P35916	H1035R
P35916	R984Q
P35916	H890Q
P35916	V878M
P35916	H868Y
P35916	G857R
P35916	A855T
P35916	P641S
P35916	N527S
P35916	T494A
P35916	R490G
P35916	E350V
P35916	L159V
P35916	N149D
P35916	G71R
P35916	S26A
O95363	T246M
O95363	I261V
O95363	N280T
O95363	N280S
O95363	G309S
O95363	D325Y
O95363	I329T
O95363	K351Q
O95363	L371F
O95363	I388S
O95363	D391V
O95363	R419C
O95363	R419H
P00488	R704W
P00488	R682H
P00488	E652Q
P00488	V651I
P00488	G563R
P00488	T551I
P00488	V415F
P00488	R327Q
P00488	V317F
P00488	S296R
P00488	Y284C
P00488	M243T
P00488	Y205F
P00488	W188L
P00488	R78L
P00488	N61K
O75603	N502D
O75603	P433L
O75603	L379Q
O75603	M354V
O75603	N315D
O75603	Y282D
O75603	I227V
O75603	G203S
O75603	A117V
O75603	G63S
O75603	K56N
O75603	D53N
O75603	R47L
O75603	D43E
O75603	Q7H
P05305	G35R
P05305	V64D
P05305	P77H
P05305	V80I
P05305	K91E
P05305	K198N
Q9C0D0	V334F
Q9C0D0	C419S
Q06945	L28V
Q06945	I59S
Q06945	F66L
Q06945	K105N
Q06945	A112P
P10412	T45P
P10412	A47V
P10412	A112V
P10412	K152R
P10412	P161L
Q9UBS5	F645L
Q9NU63	R164Q
Q9NU63	R38W
O60231	Q697H
O60231	T193M
O60231	F582I
O60231	G427E
O60231	K352E
O60231	K143I
O60231	R122H
Q9H4B7	Q15K
Q9H4B7	I47V
Q9H4B7	E108K
Q9H4B7	G142C
Q9H4B7	L150F
Q9H4B7	T178S
Q9H4B7	K216R
Q9H4B7	T221I
Q9H4B7	Y222F
Q9H4B7	L228V
Q9H4B7	D327N
Q9H4B7	V353I
Q9H4B7	E401K
Q9H4B7	E410D
Q9H4B7	E421K
Q5ST30	H26Y
Q5ST30	G64R
Q5ST30	M141I
Q5ST30	R171W
Q5ST30	G203R
Q5ST30	T337I
Q5ST30	A349T
Q5ST30	D354N
Q5ST30	W449R
Q5ST30	R467P
Q5ST30	S505F
Q5ST30	A557D
Q5ST30	R834C
Q5ST30	R917Q
Q5ST30	Y920H
Q5ST30	A965T
Q5ST30	R1049Q
Q9UIG5	A58S
Q9UIG5	S66C
Q53GD3	Q386E
Q53GD3	M156V
Q53GD3	R145S
Q53GD3	N144S
P28062	G201V
P28062	R145C
P28062	K105Q
P28062	T75M
P28062	T74S
P28062	Q49K
P28062	G8R
P28065	G165D
P13942	P1722L
P13942	H1648L
P13942	E1628D
P13942	R1600Q
P13942	R1520C
P13942	G1489S
P13942	G1480R
P13942	G1477V
P13942	G1334E
P13942	R1431Q
P13942	P1422L
P13942	S1325L
P13942	L1317P
P13942	P1316T
P13942	D1287G
P13942	N1205K
P13942	G1129R
P13942	G1039V
P13942	R1034C
P13942	P888T
P13942	G808E
P13942	P779L
P13942	R729Q
P13942	G661R
P13942	R600Q
P13942	E276K
P13942	G231D
P13942	R110Q
P13942	A37S
P13942	R36W
P13942	P31S
Q92504	F54L
Q96PV0	R47Q
Q96PV0	E91G
Q96PV0	R162C
Q96PV0	H168Y
Q96PV0	R170Q
Q96PV0	A195P
Q96PV0	A236V
Q8IX30	C97W
Q8IX30	G204D
Q8IX30	T231A
Q8IX30	S410L
Q8IX30	A632T
Q8IX30	I815T
Q9H4E7	R578H
Q9H4E7	Q621P
Q96RN1	N965S
Q96RN1	R954C
Q96RN1	R816Q
Q96RN1	D809N
Q96RN1	V578A
Q96RN1	I498V
Q96RN1	R87Q
Q8N8W4	S19W
Q8N8W4	A31D
Q8N8W4	A34T
Q8N8W4	A50E
Q8N8W4	S53P
Q8N8W4	S53W
Q8N8W4	A59V
Q8N8W4	P89L
Q8N8W4	S112Y
Q8N8W4	T117M
Q8N8W4	H121P
Q8N8W4	D129E
Q8N8W4	S140P
Q8N8W4	K141E
Q8N8W4	C150R
Q8N8W4	P155L
Q8N8W4	D172N
Q8N8W4	P205L
Q8N8W4	C216R
Q8N8W4	A231T
Q8N8W4	R246P
Q8N8W4	E249K
Q8N8W4	E288G
Q8N8W4	S329P
Q8N8W4	L389P
Q8N8W4	P423H
Q8N8W4	L443I
Q8N8W4	T490M
Q8N8W4	S522P
Q8N8W4	K526N
Q86T65	G18R
Q86T65	E121Q
Q86T65	R335Q
Q86T65	P573L
Q86T65	P582H
Q86T65	S1028L
Q9NZB8	R572H
Q9NZB8	R452L
Q9NZB8	R439Q
Q9NZB8	P390H
Q9NZB8	R319Q
Q9NZB8	E285K
Q9NZB8	L239H
Q9NZB8	A233V
Q9NZB8	S173R
Q9NZB8	R73W
Q9UMX6	E155D
Q9UMX6	V85M
Q9UMX6	R44C
Q9UMX6	Q22R
Q02094	G380V
Q02094	G279E
Q02094	V270I
Q02094	I149M
Q02094	S79N
Q02094	F65S
Q02094	I61R
Q02094	M1I
Q5JVL4	K18N
Q5JVL4	Y33H
Q5JVL4	F54L
Q5JVL4	P77T
Q5JVL4	R151C
Q5JVL4	R159G
Q5JVL4	R159W
Q5JVL4	R182H
Q5JVL4	R221H
Q5JVL4	E280K
Q5JVL4	R294H
Q5JVL4	E357K
Q5JVL4	M448T
Q5JVL4	T508R
Q5JVL4	P541R
Q5JVL4	V556A
Q5JVL4	N607S
Q5JVL4	I619L
Q9UPZ9	S483C
Q9UPZ9	R272Q
Q9UPZ9	G120C
Q9UPZ9	E80K
P48506	H370L
P48506	S172T
Q9ULC3	G207S
Q9ULC3	V161L
Q5TDP6	D442G
Q5T1H1	G2598D
Q5T1H1	G2566E
Q5T1H1	S2556C
Q5T1H1	A2537T
Q5T1H1	K2533E
Q5T1H1	F2520L
Q5T1H1	A2498P
Q5T1H1	V2336I
Q5T1H1	R2326Q
Q5T1H1	D2323N
Q5T1H1	G2208E
Q5T1H1	I2188T
Q5T1H1	G2186E
Q5T1H1	N2151S
Q5T1H1	G2017V
Q5T1H1	T1993A
Q5T1H1	N1902I
Q5T1H1	L1873V
Q5T1H1	I1872T
Q5T1H1	I1804T
Q5T1H1	L1748F
Q5T1H1	E1747G
Q5T1H1	D1682Y
Q5T1H1	S1517G
Q5T1H1	R1515W
Q5T1H1	I1451T
Q5T1H1	L1419S
Q5T1H1	K1365E
Q5T1H1	I1361V
Q5T1H1	Q1325E
Q5T1H1	I1263V
Q5T1H1	G998S
Q5T1H1	L852P
Q5T1H1	V834I
Q5T1H1	R662M
Q5T1H1	E641V
Q5T1H1	G631S
Q5T1H1	R589S
Q5T1H1	Q571R
Q5T1H1	N418S
Q5T1H1	E330K
Q5T1H1	P247L
Q5T1H1	T120R
Q5T1H1	T120M
Q5T1H1	V112I
Q9NR82	G8R
Q9NR82	R80W
Q9NR82	V145G
Q9NR82	N292S
Q9NR82	L341I
Q9NR82	G347S
Q9NR82	G347A
Q9NR82	P369T
Q9NR82	P369Q
Q9NR82	P369R
Q9NR82	S429I
Q9NR82	R431W
Q9NR82	R438G
Q9NR82	A704T
Q9NR82	H928Q
Q9Y2Z2	G59A
Q9Y2Z2	C77Y
Q9Y2Z2	T207M
Q9Y2Z2	T308A
Q9Y2Z2	K321N
Q9Y2Z2	M351V
Q9Y2Z2	M361T
Q9Y2Z2	I362M
Q9Y2Z2	T436I
Q9Y2Z2	A453T
Q9Y2Z2	R489C
Q9Y2Z2	R502C
Q9Y2Z2	R502H
Q9Y2Z2	R509W
Q9Y2Z2	V542M
Q9Y2Z2	L621Q
Q9UM54	I31T
Q9UM54	E159K
Q9UM54	D179Y
Q9UM54	H246R
Q9UM54	L292S
Q9UM54	K296R
Q9UM54	E299D
Q9UM54	A342V
Q9UM54	Y374H
Q9UM54	C442Y
Q9UM54	E461D
Q9UM54	D724H
Q9UM54	D879N
Q9UM54	R946C
Q9UM54	R991Q
Q17R60	L649F
Q17R60	S320R
Q17R60	L238R
Q17R60	R58K
Q8WWQ0	I768M
Q8WWQ0	K521R
Q8WWQ0	S287Y
Q8WWQ0	S229L
Q8WWQ0	G223V
Q8WWQ0	C188R
Q8WWQ0	H182R
Q8WWQ0	R110S
Q8WWQ0	F17S
Q8WWQ0	M1T
Q86VQ0	G656D
Q86VQ0	S615G
Q86VQ0	I527V
Q86VQ0	A319T
Q86VQ0	P307A
Q86VQ0	L221V
Q86VQ0	E132G
Q86VQ0	R66Q
Q86VQ0	D26A
Q86VQ0	L24S
Q9GZR5	M299V
Q9GZR5	E272Q
Q9GZR5	I267T
Q9GZR5	W246G
Q9GZR5	I171T
Q9GZR5	L168F
Q9P2D0	S1141T
O95394	Q451R
O95394	E392Q
O95394	D297E
O95394	N246S
O95394	D239H
O95394	L117M
O95394	L83S
O95394	N17S
P78382	N7H
P78382	Q101H
P78382	T156R
P78382	E171G
P78382	E196K
Q5T160	L539P
Q5T160	D515G
Q5T160	R469H
Q5T160	K446N
Q5T160	Y445C
Q5T160	G428R
Q5T160	K412N
Q5T160	N407K
Q5T160	M404K
Q5T160	I331V
Q5T160	G318E
Q5T160	K291R
Q5T160	L283Q
Q5T160	R258C
Q5T160	V235M
Q5T160	I150T
Q5T160	F140C
Q5T160	K66E
Q5T160	K52R
Q5T160	K52I
Q5T160	F5L
Q5T160	M1R
Q5T160	M1L
Q5T160	M1V
Q8NE79	S201F
Q8NE79	R136H
Q8NE79	R129W
Q8NE79	M127I
Q8NE79	I15V
Q8NE79	M1V
Q8WWV3	V365A
Q8WWV3	G112E
Q8WWV3	P105S
Q8WWV3	R103H
Q8WWV3	P44T
Q86YH6	K292E
Q86YH6	H92P
Q86YH6	R4P
Q86YH6	F3L
Q86YH6	N2H
Q92562	M1L
Q92562	D53Y
Q92562	Y58C
Q92562	G104D
Q92562	L175P
Q92562	N231D
Q92562	T270A
Q92562	M364L
Q92562	R492P
Q92562	V654A
Q92562	D783V
O95389	P26L
O95389	P31T
O95389	R44C
O95389	Q56H
O95389	R60C
O95389	C78R
O95389	G83E
O95389	C145Y
O95389	N178I
O95389	A197P
O95389	I298L
O95389	S334P
O95389	C337Y
Q5SZL2	G69R
Q5SZL2	I68T
Q5SZL2	D65N
Q5SZL2	S58C
Q5SZL2	M1T
Q5SZL2	M1L
P24043	M1T
P24043	R79K
P24043	R84Q
P24043	L243P
P24043	C442W
P24043	A468G
P24043	C500Y
P24043	D516H
P24043	S529N
P24043	G600R
P24043	R619H
P24043	H644D
P24043	C766R
P24043	T821P
P24043	G838E
P24043	R919C
P24043	R919L
P24043	T1027A
P24043	N1099S
P24043	E1121D
P24043	S1128G
P24043	V1138M
P24043	T1205A
P24043	T1206A
P24043	P1232T
P24043	R1326Q
P24043	R1450Q
P24043	T1495M
P24043	R1499W
P24043	R1508K
P24043	G1584S
P24043	V1644M
P24043	A1793T
P24043	R1802H
P24043	I1838V
P24043	C1970S
P24043	D1987A
P24043	N2009K
P24043	K2117R
P24043	G2202V
P24043	V2217I
P24043	S2258N
P24043	S2352T
P24043	R2353H
P24043	R2477S
P24043	P2512T
P24043	L2523V
P24043	L2564P
P24043	N2591S
P24043	D2706N
P24043	L2818V
P24043	N2843S
P24043	G2859R
P24043	G2889R
P24043	P2925L
P24043	R2969H
P24043	Y3012H
P24043	V3114F
P22413	C108F
P22413	C149S
P22413	C164S
P22413	C177Y
P22413	G266V
P22413	S287F
P22413	P334A
P22413	G342V
P22413	Y371F
P22413	D538H
P22413	L579F
P22413	E668K
P22413	F708L
P22413	T779P
P22413	Y901S
O95677	G277S
O95677	G302D
O95677	T309A
O94885	Q110E
O94885	S507A
O94885	E509K
O94885	L515P
O94885	S519N
O94885	Y551H
O94885	Y551D
O94885	E617K
O94885	R820Q
O94885	S1028R
O94885	R1089Q
O94885	R1229I
Q9NWS8	L435F
Q9NWS8	R417Q
Q9NWS8	E286D
Q9NWS8	H265R
Q9NWS8	V211M
Q9NWS8	D205Y
Q9NWS8	T178K
Q9NWS8	T132M
Q9NWS8	R47H
Q9NWS8	S42I
O60260	C441R
O60260	M434T
O60260	C431F
O60260	G430D
O60260	T415N
O60260	D394N
O60260	V380L
O60260	R366W
O60260	G284R
O60260	R275W
O60260	C253Y
O60260	V248I
O60260	T240R
O60260	C212Y
O60260	K211N
O60260	M192L
O60260	V56E
O60260	A46T
O60260	R42P
O60260	Q34R
O60260	R33Q
Q9Y233	R208W
O00548	E522K
O00548	P451L
O00548	A448T
O00548	V444M
Q8IXL6	R8Q
Q8IXL6	V16L
Q8IXL6	P67H
Q8IXL6	G216R
Q8IXL6	A218V
Q8IXL6	P244L
Q8IXL6	I246N
Q8IXL6	P328S
Q8IXL6	G365R
Q8IXL6	G379E
Q8IXL6	L388R
Q8IXL6	R409C
Q8IXL6	S410T
Q8IXL6	D451N
Q8IXL6	R551H
Q8IXL6	R558W
Q8IXL6	V561M
Q8IXL6	N564D
Q8NES3	F188L
Q8NES3	D201N
Q8NES3	P218L
Q8NES3	V223I
Q8NES3	R307H
Q8NES3	V346M
Q9BXL7	D1152N
Q9BXL7	R1144H
Q9BXL7	G1059S
Q9BXL7	R1027Q
Q9BXL7	T1020M
Q9BXL7	V983M
Q9BXL7	R975W
Q9BXL7	G955S
Q9BXL7	S934L
Q9BXL7	V903I
Q9BXL7	S881G
Q9BXL7	G860S
Q9BXL7	P833S
Q9BXL7	E766D
Q9BXL7	T748A
Q9BXL7	S725G
Q9BXL7	R707H
Q9BXL7	S694L
Q9BXL7	A687V
Q9BXL7	T669M
Q9BXL7	P662T
Q9BXL7	V659M
Q9BXL7	A581T
Q9BXL7	D580E
Q9BXL7	I544L
Q9BXL7	S537T
Q9BXL7	E530D
Q9BXL7	H527Q
Q9BXL7	M421T
Q9BXL7	R377Q
Q9BXL7	V171M
Q9BXL7	E134G
Q9BXL7	G123D
Q9BXL7	G123S
Q9BXL7	C49Y
Q9BXL7	R47H
Q9BXL7	R30W
Q9BXL7	P6T
A4D126	A216D
A4D126	M213R
A4D126	R205C
A4D126	D156N
A4D126	A136V
A4D126	A122P
A4D126	R116C
A4D126	G54A
A4D126	G23C
A4D126	S19R
A4D126	P11R
A4D126	M1L
Q9BYI3	S519P
Q9BYI3	G507R
Q9BYI3	C472Y
Q9BYI3	A447T
Q9BYI3	C401R
Q9BYI3	G391R
Q9BYI3	A355V
Q9BYI3	R217Q
Q9BYI3	L53P
Q9BYI3	G7R
P99999	L99V
P99999	A52V
P99999	Y49H
P99999	G42S
Q9Y5X0	R51Q
P41250	P4L
P41250	L32P
P41250	P42A
P41250	V91I
P41250	E125K
P41250	L183P
P41250	D200N
P41250	C211R
P41250	D215H
P41250	H216R
P41250	E234K
P41250	S241N
P41250	D256H
P41250	S265Y
P41250	S265F
P41250	T268I
P41250	M292R
P41250	M292T
P41250	G294R
P41250	P298L
P41250	G327R
P41250	E333A
P41250	E333V
P41250	I334F
P41250	I334S
P41250	I334N
P41250	E345G
P41250	R388Q
P41250	H472R
P41250	E569K
P41250	I575T
P41250	G580R
P41250	G652R
P41250	V666M
P41250	E738K
Q8N8U9	V137D
Q8N8U9	T139R
Q8N8U9	M158I
Q8N8U9	G194S
Q8N8U9	V363I
Q8N8U9	P370L
Q8N8U9	R555W
Q14397	A188T
Q9UHC9	I1233N
Q9UHC9	Q1131H
Q9UHC9	D1114H
Q9UHC9	R1094Q
Q9UHC9	P974S
Q9UHC9	D273Y
Q9UHC9	V177I
Q96MP8	L108M
Q96MP8	G114W
Q96MP8	D115Y
Q96MP8	R184H
Q96MP8	L252V
Q96MP8	V259M
Q96MP8	N273I
Q96LL9	Y51C
Q9NZV5	P211S
Q9NZV5	A311T
Q9NZV5	A455T
P40926	A9V
P40926	G37R
P40926	P133L
P40926	V139I
P40926	P207L
P40926	K328Q
P61981	D228V
P61981	R132C
P61981	D129E
P61981	R57C
O00522	S736L
O00522	A527T
O00522	S467L
O00522	R452H
O00522	I415M
O00522	V244L
O00522	Q201E
O00522	A196G
O00522	D137G
O00522	G101V
O00522	I79V
O00522	M1V
Q9Y5Y5	M1I
Q9Y5Y5	M1T
Q9Y5Y5	M1R
Q9Y5Y5	M1L
Q8IVG5	F1271S
Q8IVG5	I332T
Q8IVG5	M1T
Q8IVG5	V1488I
Q8IVG5	R1465H
Q8IVG5	R1281K
Q8IVG5	C1196S
Q8IVG5	Q1010E
Q8IVG5	R986C
Q8IVG5	T969A
Q8IVG5	I908V
Q8IVG5	I891T
Q8IVG5	H880Q
Q8IVG5	Y705C
Q8IVG5	F679L
Q8IVG5	R638H
Q8IVG5	A566T
Q8IVG5	R406Q
Q8IVG5	L339I
Q8IVG5	I327V
Q8IVG5	R232H
Q8IVG5	E220K
Q8IVG5	S96P
Q8IVG5	R70C
Q9UJS0	E601K
Q9UJS0	T546M
Q9UJS0	G531D
Q9UJS0	T446P
Q9UJS0	V411M
Q9UJS0	D350N
Q9UJS0	G139R
Q7Z6L1	R967C
Q7Z6L1	D873N
Q7Z6L1	S418L
Q9Y4A5	R171C
Q9Y4A5	V524M
Q9Y4A5	L805F
Q9Y4A5	R1035G
Q9Y4A5	A1043V
Q9Y4A5	E1104G
Q9Y4A5	E1106K
Q9Y4A5	G1159R
Q9Y4A5	W1866R
Q9Y4A5	W1866C
Q9Y4A5	V2042I
Q9Y4A5	M3304V
O00189	G53S
O00189	G243S
O00189	G247A
O00189	R271H
O00189	Y284S
O00189	C319Y
O00189	R413L
P54760	N745D
P54760	R739Q
P54760	L701R
P54760	E664K
P54760	K650N
P54760	A371V
P54760	P327L
P54760	P231S
Q8IZD2	D907V
Q8IZD2	P1784S
Q6NUQ1	S40C
Q6NUQ1	A138V
Q6NUQ1	Y178H
Q6NUQ1	P246T
Q6NUQ1	M342T
Q6NUQ1	K361R
Q6NUQ1	L370P
P48736	T330M
P48736	P538L
P48736	I643V
P48736	G790V
Q9UP83	T608P
Q9UP83	F461L
Q9UP83	I365V
Q9UP83	F330L
Q9UP83	I182V
Q9UP83	M1R
P40879	N753S
P40879	K723N
P40879	E698Q
P40879	I601T
P40879	R554Q
P40879	I544N
P40879	K521N
P40879	Y520C
P40879	T510M
P40879	L496R
P40879	D468V
P40879	V425I
P40879	C343Y
P40879	C307W
P40879	H220P
P40879	S206P
P40879	Y204D
P40879	R197Q
P40879	R175S
P40879	M136I
P40879	P131L
P40879	H124L
P40879	G120S
P40879	F119L
P40879	I81V
P40879	R68Q
P09622	A12T
P09622	I47T
P09622	A61V
P09622	Q62R
P09622	K72E
P09622	G229C
P09622	T276S
P09622	M361V
P09622	E375K
P09622	I393T
P09622	D479V
P09622	R482G
P09622	P488L
P09622	R495G
Q9NZV8	F11L
Q9NZV8	P403L
Q9NZV8	V404M
Q9NZV8	N442S
Q9NZV8	S472F
Q9NZV8	S473T
Q9NZV8	P512S
Q9NZV8	R533Q
O95859	T290A
O95859	L278P
O95859	A237P
O95859	G205D
O95859	C189Y
O95859	C181F
O95859	Y138C
O95859	V123L
Q9NUX5	N428S
Q9NUX5	D410H
Q9NUX5	G404V
Q9NUX5	Q341R
Q9NUX5	Q301H
Q9NUX5	M251V
Q9NUX5	K90E
Q9NUX5	M1V
Q92621	L1110P
Q92621	L1144V
Q92621	I1314T
Q92621	S1771I
Q92621	F1995S
Q9HBG4	F817L
Q9HBG4	R807Q
Q9HBG4	V776I
Q9HBG4	T769M
Q9HBG4	D679Y
Q9HBG4	A630T
Q9HBG4	M580T
Q9HBG4	R449C
Q9HBG4	D411Y
Q9HBG4	L345I
Q9HBG4	P252R
Q9HBG4	V2A
Q9H3S4	D222H
Q9H3S4	C192W
Q9H3S4	L142F
Q9H3S4	F132S
Q9H3S4	M1T
Q9H3S4	R33H
Q9H3S4	P7S
Q9UGJ0	R531Q
Q9UGJ0	R531W
Q9UGJ0	R531G
Q9UGJ0	H530R
Q9UGJ0	H530D
Q9UGJ0	E506Q
Q9UGJ0	N488I
Q9UGJ0	H401D
Q9UGJ0	T400N
Q9UGJ0	R384T
Q9UGJ0	H344Y
Q9UGJ0	L341S
Q9UGJ0	F323I
Q9UGJ0	R302P
Q9UGJ0	R302Q
Q9UGJ0	F293L
Q9UGJ0	K290I
Q9UGJ0	A238T
Q9UGJ0	R214K
Q9UGJ0	H182Q
Q9UGJ0	T174K
Q9UGJ0	G158S
Q9UGJ0	P136A
Q9UGJ0	Q111K
Q9UGJ0	M45V
Q9UGJ0	S20I
O75190	G79D
O75190	F89L
O75190	F89I
O75190	F91V
O75190	F91I
O75190	F91L
O75190	F93L
O75190	P96R
O75190	F100V
O75190	R287Q
O75190	R313K
O75190	E314K
O75190	S321P
Q86XI2	D952E
Q86XI2	T850P
Q86XI2	T794M
Q86XI2	T693M
Q86XI2	N614D
Q86XI2	K609E
Q86XI2	Y389H
Q86XI2	R44G
P43694	A8D
P43694	V48M
P43694	S52F
P43694	A75S
P43694	E128V
P43694	S133C
P43694	G221R
P43694	W228R
P43694	W228C
P43694	R284H
P43694	G296R
P43694	G296C
P43694	G296S
P43694	M310V
P43694	A346V
P43694	T355S
P43694	S358T
P43694	G375R
P43694	V380M
P43694	P394T
P43694	A411V
P43694	G437R
P43694	A442G
Q9ULD2	E999G
Q9ULD2	H575R
Q9ULD2	M418R
Q9ULD2	Q75K
Q13510	C392Y
Q13510	V369I
Q13510	K366Q
Q13510	P362R
Q13510	P362T
Q13510	R333C
Q13510	N320S
Q13510	N320D
Q13510	K310Q
Q13510	V304L
Q13510	P278L
Q13510	L257P
Q13510	R254G
Q13510	V246A
Q13510	G235R
Q13510	R226P
Q13510	T222K
Q13510	V198A
Q13510	L182V
Q13510	E115K
Q13510	N173I
Q13510	W169R
Q13510	G103W
Q13510	K152N
Q13510	E138V
Q13510	Y137C
Q13510	F136L
Q13510	D124E
Q13510	G45S
Q13510	L105P
Q13510	V97E
Q13510	V97G
Q13510	I93V
Q13510	V88M
Q13510	T42M
Q13510	Y36C
Q13510	C31F
Q13510	P26R
Q8TDX6	D432Y
Q8TDX6	N264S
Q8TDX6	L106P
P21281	R4Q
P21281	A14S
P21281	A241V
P21281	E309K
P21281	E374Q
P21281	R485P
Q9Y250	T403M
Q9Y250	K119E
Q9Y250	L113P
Q9Y250	S29P
Q8N145	G384S
Q8N145	P12L
Q9BYZ6	A257T
Q9BYZ6	R277H
Q9BYZ6	A452G
Q9BYZ6	R461H
Q9BYZ6	R485C
Q9BYZ6	N488D
Q9BYZ6	R489G
Q9BYZ6	R489Q
Q9BYZ6	R644H
A6NCS4	F151L
A6NCS4	A129E
A6NCS4	R120P
A6NCS4	K66Q
A6NCS4	P10R
P07196	D468N
P07196	E396K
P07196	L393F
P07196	L336V
P07196	Q332P
P07196	L268R
P07196	L268P
P07196	Y265C
P07196	A195V
P07196	E194D
P07196	N98S
P07196	L94P
P07196	E90K
P07196	V76A
P07196	P22S
P07196	P8L
P07196	P8R
P07196	P8Q
O43909	P318L
O43909	R378W
O43909	V442L
O43909	P461L
O43909	A550V
Q08357	M645K
Q08357	S601L
Q08357	S601W
Q08357	E575K
Q08357	G498R
Q08357	A480T
Q08357	E459D
Q08357	A400T
Q08357	H399P
Q08357	G304S
Q08357	V263I
Q08357	R254Q
Q08357	G63D
Q08357	G63S
Q08357	D28N
Q9H5K3	S48P
Q9H5K3	L137R
Q9H5K3	I296V
Q9H5K3	M301T
Q9H5K3	D336N
Q9H5K3	L338R
O75881	R486C
O75881	F470I
O75881	C449Y
O75881	G443A
O75881	R417H
O75881	R417C
O75881	R324H
O75881	E321K
O75881	T297A
O75881	F216S
O75881	G57R
O75881	L19P
Q70Z35	V537I
Q70Z35	S977L
Q70Z35	A1119T
Q70Z35	R1394W
Q99502	L583P
Q99502	L580R
Q99502	H567Q
Q99502	R547G
Q99502	G533R
Q99502	Y527N
Q99502	L513M
Q99502	L505R
Q99502	T502S
Q99502	C495S
Q99502	S487P
Q99502	R440Q
Q99502	E363K
Q99502	R308Q
Q99502	R296H
Q99502	P261L
Q99502	T248M
Q99502	S242G
Q99502	D214N
Q99502	P20A
Q9NQW8	E755G
Q9NQW8	V608E
Q9NQW8	L584P
Q9NQW8	T578S
Q9NQW8	G567E
Q9NQW8	H566Q
Q9NQW8	Y483D
Q9NQW8	R480Q
Q9NQW8	M466K
Q9NQW8	M466T
Q9NQW8	A457T
Q9NQW8	S436R
Q9NQW8	S435F
Q9NQW8	P309L
Q9NQW8	I307V
Q9NQW8	T298P
Q9NQW8	L269P
Q9NQW8	D261G
Q9NQW8	R239C
Q9NQW8	C234W
Q9NQW8	D215H
Q9NQW8	R203Q
Q9NQW8	E199K
Q9NQW8	L150F
Q9NQW8	K148E
Q9NQW8	G107R
Q9NQW8	N27S
Q9NQW8	R25H
Q9NQW8	M1I
Q9NQW8	M1K
Q9NQW8	M1T
Q330K2	D69V
Q330K2	S76P
Q330K2	Q99R
Q330K2	G240V
Q330K2	H269D
Q330K2	R274G
Q330K2	V280I
Q330K2	P281A
Q330K2	K299T
Q330K2	K331R
Q6KF10	Y444N
Q6KF10	P327H
Q6KF10	A319T
Q6KF10	E301G
Q6KF10	E292D
Q6KF10	Q273K
Q6KF10	P272L
Q6KF10	P179Q
Q6KF10	Q119R
Q6KF10	E84K
Q6KF10	G42V
P48651	G72S
P48651	M1T
P48651	F123L
P48651	T141A
P48651	L265P
P48651	P269S
P48651	S283F
P48651	Q353R
P48651	Y400H
P48651	T423N
P48651	E427G
Q99575	A4T
Q99575	Q74R
Q99575	A163T
Q99575	P318L
Q99575	E460A
Q99575	D511Y
Q99575	P525S
Q99575	P582S
Q99575	G583E
Q99575	K810E
Q7Z7G8	M1I
Q7Z7G8	Q27R
Q7Z7G8	I120V
Q7Z7G8	F292V
Q7Z7G8	S358N
Q7Z7G8	V759L
Q7Z7G8	A829T
Q7Z7G8	T1068I
Q7Z7G8	K1129R
Q7Z7G8	P1133S
Q7Z7G8	P1138L
Q7Z7G8	T1251A
Q7Z7G8	T1262A
Q7Z7G8	T1276I
Q7Z7G8	R1416Q
Q7Z7G8	I1636N
Q7Z7G8	S1812I
Q7Z7G8	E1868V
Q7Z7G8	L2193R
Q7Z7G8	R2351Q
Q7Z7G8	L2534V
Q7Z7G8	Y2749C
Q7Z7G8	V3139F
Q7Z7G8	H3291Y
Q7Z7G8	V3340I
Q7Z7G8	T3375I
Q7Z7G8	G3432E
Q7Z7G8	A3437V
Q7Z7G8	P3987A
Q6ISB3	K9R
Q6ISB3	S125A
Q6ISB3	S230N
Q6ISB3	Y398H
Q6ISB3	V415I
Q6ISB3	I482K
Q9H2D1	Y300C
P34981	P81R
P34981	I127V
P34981	I131T
P34981	V356I
Q9UHF7	S1062C
Q9UHF7	H992Q
Q9UHF7	R952H
Q9UHF7	A919T
Q9UHF7	L906P
Q9UHF7	L906V
Q9UHF7	N898S
Q9UHF7	P816A
Q9UHF7	R801L
Q9UHF7	Q618R
Q9UHF7	S593F
Q9UHF7	S501I
Q9UHF7	L386F
Q9UHF7	C335F
Q9UHF7	N209S
Q9UHF7	T106S
Q9UHF7	E44G
Q9UHF7	E17K
Q9H4I0	M1I
O00300	V281M
O00300	V104M
O00300	C87Y
O00300	T76P
O00300	C65F
O00300	N3K
Q12768	R830Q
Q12768	G696D
Q12768	G696A
Q12768	V626F
Q12768	L619F
Q12768	S616F
Q12768	S591F
Q12768	S591P
Q12768	N471D
Q12768	R449Q
Q12768	K396R
Q12768	E219K
Q12768	N206S
Q12768	I106V
O43525	P769H
O43525	D755N
O43525	G723E
O43525	Y710H
O43525	G691S
O43525	Y658C
O43525	T655M
O43525	Q653R
O43525	P574S
O43525	A517T
O43525	A497T
O43525	V464A
O43525	E414G
O43525	A381V
O43525	R364H
O43525	R364C
O43525	A356V
O43525	G354R
O43525	I332F
O43525	R330H
O43525	R330C
O43525	I317T
O43525	T313I
O43525	G310V
O43525	W309R
O43525	W308S
O43525	A306V
O43525	D305Y
O43525	F300S
O43525	G293E
O43525	Y266C
O43525	R230H
O43525	R230S
O43525	R230C
O43525	D75E
O43525	G65A
Q86X45	I466T
Q86X45	I448T
Q86X45	P288H
Q86X45	T232I
Q86X45	D146H
Q86X45	R44Q
Q86X45	M1K
Q6XQN6	R73Q
O43292	S51L
O43292	V124A
O43292	W176S
O43292	S210F
O43292	E275Q
O43292	L291P
O43292	A389P
O43292	A429T
O43292	R493G
O43292	A514T
O75907	A485V
O75907	Q437R
O75907	S420R
O75907	L295P
O75907	T248N
O75907	K152R
Q96HA7	S1197P
Q96HA7	V488M
O75593	D328E
O75593	T206I
O75593	E165Q
O75593	P163S
O75593	T125S
O75593	S113T
O75593	V112M
O75593	K93E
O75593	F70S
O75593	F69S
O75593	F69L
O75593	P35R
O75593	P11H
Q8TDN2	E20K
Q8TDN2	S29G
Q8TDN2	A94T
Q8TDN2	T130I
Q8TDN2	S133N
Q8TDN2	D152G
Q8TDN2	C177R
Q8TDN2	C177S
Q8TDN2	W188R
Q8TDN2	E204K
Q8TDN2	K215N
Q8TDN2	V226I
Q8TDN2	S256W
Q8TDN2	M285R
Q8TDN2	M307R
Q8TDN2	R320G
Q8TDN2	R320C
Q8TDN2	L404P
Q8TDN2	G459D
Q8TDN2	G461R
Q8TDN2	G481R
Q8TDN2	R512C
Q8TDN2	L533V
Q8TDN2	N536S
Q8TDN2	L539P
P43005	F50Y
P43005	A287G
P43005	V422M
P43005	R445W
P43005	I481N
P17643	R23W
P17643	V33A
P17643	D86Y
P17643	I161F
P17643	H224Y
Q96LB3	N426D
Q96LB3	V579M
O95786	I916T
O95786	P885S
O95786	E773K
O95786	L639P
O95786	I617T
O95786	R546Q
O95786	N245S
O95786	I139L
O95786	R71H
Q6NSJ0	R441G
Q6NSJ0	M35V
Q9UI46	A8S
Q9UI46	A60V
Q9UI46	K113R
Q9UI46	R288W
Q9UI46	Q326H
Q9UI46	V335I
Q9UI46	C388F
Q9UI46	I391M
Q9UI46	V393M
Q9UI46	F451Y
Q9UI46	V487G
Q9UI46	G515S
Q9UI46	T535N
Q9UI46	C559Y
Q9UI46	A626V
P59052	M1R
P59052	M1T
P59052	L62M
P59052	S135L
Q14626	M1I
Q14626	S43F
Q14626	P65T
Q14626	C94F
Q14626	R179C
Q14626	P221R
Q14626	G231D
Q14626	S245C
Q14626	R261C
Q14626	R296W
O15287	S588F
O15287	G546R
O15287	G521E
O15287	P330S
O15287	L303P
O15287	L71P
O15287	Q26R
O15287	R22P
Q8TEQ8	L957F
Q8TEQ8	N942T
Q8TEQ8	H908Y
Q8TEQ8	R811Q
Q8TEQ8	Q799H
Q8TEQ8	R733Q
Q8TEQ8	R640C
Q8TEQ8	R604H
Q8TEQ8	S191F
Q8TEQ8	A154D
Q9NQT5	I253V
Q9NQT5	W238R
Q9NQT5	Y225H
Q9NQT5	G191C
Q9NQT5	A139P
Q9NQT5	D132A
Q9NQT5	V80L
Q9NQT5	V80F
Q9NQT5	R51G
Q9NQT5	G31A
Q9NQT5	V27G
Q9NQT5	M1T
Q8IY18	R733Q
Q96RL7	I90K
Q96RL7	I766V
Q96RL7	V898A
Q96RL7	E1028G
Q96RL7	G1119E
Q96RL7	R1490K
Q96RL7	E1548K
Q96RL7	D1643N
Q96RL7	T1865I
Q96RL7	S1916N
Q96RL7	V1973I
Q96RL7	E2137G
Q96RL7	V2181I
Q96RL7	S2302N
Q96RL7	V2425I
Q96RL7	I2486V
Q96RL7	E2633K
Q96RL7	K2672N
Q96RL7	A2679T
Q96RL7	K2743T
Q96RL7	S2784A
Q96RL7	I3013V
Q96RL7	H3124N
Q5JTW2	R8C
Q5JTW2	A12V
Q5JTW2	R35C
Q5JTW2	S300P
Q5JTW2	E319Q
Q5JTW2	V425L
Q5JTW2	K471T
Q5JTW2	Q594K
Q9Y617	A99V
Q9Y617	D100A
Q9Y617	I123V
Q9Y617	S179L
Q9Y617	P295R
Q16620	G427C
Q16620	Y434C
Q16620	T704I
Q16620	Y706C
Q13825	A289E
Q13825	A248T
Q13825	G217D
Q13825	G187S
Q13825	R125W
Q13825	P61H
Q13825	A57V
Q13825	C26Y
P41252	V1243M
P41252	T1238I
P41252	I1174N
P41252	N992D
P41252	T914M
P41252	D797N
P41252	R739C
P41252	T684M
P41252	F556S
P41252	P437L
P41252	S376G
P41252	V370G
P41252	E317D
P41252	E317G
P41252	N302Y
Q8TD16	K818E
Q8TD16	A814S
Q8TD16	R808H
Q8TD16	M784V
Q8TD16	E774G
Q8TD16	E774K
Q8TD16	A769V
Q8TD16	R766W
Q8TD16	S744F
Q8TD16	E724D
Q8TD16	T703M
Q8TD16	Q702R
Q8TD16	R694G
Q8TD16	R694C
Q8TD16	R655H
Q8TD16	S608L
Q8TD16	R581H
Q8TD16	R581C
Q8TD16	R580Q
Q8TD16	R580W
Q8TD16	R578H
Q8TD16	R572C
Q8TD16	R566H
Q8TD16	R566C
Q8TD16	G563R
Q8TD16	R558P
Q8TD16	Y556C
Q8TD16	Y556S
Q8TD16	M553I
Q8TD16	P549L
Q8TD16	N545D
Q8TD16	A535V
Q8TD16	F530S
Q8TD16	V512I
Q8TD16	K508T
Q8TD16	R501P
Q8TD16	Q494R
Q8TD16	R463C
Q8TD16	R457C
Q8TD16	R450H
Q8TD16	R450C
Q8TD16	E426Q
Q8TD16	E420A
Q8TD16	D417G
Q8TD16	R416C
Q8TD16	Q401H
Q8TD16	N393K
Q8TD16	R389H
Q8TD16	R377Q
Q8TD16	T376M
Q8TD16	A360V
Q8TD16	P327L
Q8TD16	P327S
Q8TD16	A326V
Q8TD16	G302V
Q8TD16	N293S
Q8TD16	R238Q
Q8TD16	D228E
Q8TD16	Q194R
Q8TD16	I189F
Q8TD16	N188T
Q8TD16	R162C
Q8TD16	Q147R
Q8TD16	S137L
Q8TD16	T123M
Q8TD16	S107L
Q8TD16	E20K
Q00597	G139E
Q00597	V6A
Q00597	M1I
Q8NHU6	N131D
Q8NHU6	V150A
Q8NHU6	H202R
Q8NHU6	R830H
Q8NHU6	D847N
O00358	S57N
O00358	A65V
O00358	R102C
O00358	P190R
Q8IXK2	R7L
Q8IXK2	G46R
Q8IXK2	M65L
Q8IXK2	E119V
Q8IXK2	R120P
Q8IXK2	R212P
Q8IXK2	L227V
Q8IXK2	P240L
Q8IXK2	D261N
Q8IXK2	G272R
Q8IXK2	V302I
Q8IXK2	P434L
Q8IXK2	R564Q
Q9Y283	S242L
Q9Y283	N247S
Q9Y283	P292L
Q9Y283	V305I
Q9Y283	A650P
Q9Y283	R706G
Q9Y283	G801E
O75072	G125S
O75072	A170E
O75072	F176S
O75072	R203Q
O75072	T223I
O75072	R307G
O75072	R307Q
O75072	Q358P
O15146	T100M
O15146	G107E
O15146	S159G
O15146	I167T
O15146	E259G
O15146	P344R
O15146	Y397H
O15146	M413I
O15146	E415D
O15146	I575T
O15146	A621V
O15146	L543F
O15146	N664S
O15146	C704Y
O15146	A727V
O15146	E794D
O15146	V829L
O15146	R858H
O15146	V867L
Q6UWE0	M117T
Q6UWE0	I157V
Q6UWE0	S183L
Q6UWE0	R190Q
Q6UWE0	N318D
Q6UWE0	Q322R
Q6UWE0	Q461L
Q6UWE0	V659M
Q6UWE0	C690R
Q6UWE0	C694R
Q6UWE0	C694Y
Q6UWE0	P707S
Q6UWE0	A714T
Q8WU76	S42P
Q8WU76	S42Y
Q8WU76	L372M
Q8WU76	R551C
Q8WU76	R551S
Q8WU76	R551H
Q8WU76	R551L
Q8WU76	R551P
Q96B70	A308D
Q96B70	G191D
Q96B70	G52D
Q96B70	M1R
Q96B70	M1T
Q96B70	M1L
Q96B70	M1V
Q9Y3A0	M1T
Q9Y3A0	R20Q
Q9Y3A0	D32E
Q9Y3A0	L52S
Q9Y3A0	D68H
Q9Y3A0	G95D
Q9Y3A0	R102H
Q9Y3A0	P119L
Q9Y3A0	G124S
Q9Y3A0	G124V
Q9Y3A0	A142T
Q9Y3A0	R145G
Q9Y3A0	Q157K
Q9Y3A0	E161D
Q9Y3A0	R205Q
Q9Y3A0	R240C
Q53GS7	C39Y
Q53GS7	I243V
Q53GS7	E334K
Q53GS7	R569H
Q53GS7	R584W
Q53GS7	V617M
Q53GS7	I684T
Q53GS7	F695S
Q96EX3	Q466P
Q96EX3	R447Q
Q96EX3	R447W
Q96EX3	K436R
Q96EX3	R206C
Q96EX3	T190M
Q96EX3	W60G
Q96EX3	G36V
Q96EX3	G36W
Q96EX3	A22V
Q9UPQ8	I484V
Q9UPQ8	Y441S
Q9UPQ8	K429R
Q9UPQ8	H408D
Q9UPQ8	W304C
Q9UPQ8	C99S
Q9UPQ8	G18R
Q9UPQ8	M1I
Q9UPQ8	M1T
P00519	N96S
P00519	W99R
P00519	Y226C
P00519	P230L
P00519	E255K
P00519	E255V
P00519	M244V
P00519	K247R
P00519	L248V
P00519	G250E
P00519	Q252H
P00519	Y253H
P00519	Y253F
P00519	G254R
P00519	F283V
P00519	V299L
P00519	P310L
P00519	F311L
P00519	T315A
P00519	T315I
P00519	F317V
P00519	F317I
P00519	F317C
P00519	F317L
P00519	A337T
P00519	M351T
P00519	E355G
P00519	F359L
P00519	F359I
P00519	F359V
P00519	F359C
P00519	H396R
P00519	A433T
P00519	R473Q
P00519	V506M
P00519	V506A
P00519	E509K
P00519	R589H
P00519	N670S
P00519	G706S
P00519	G706V
P00519	R715C
P00519	P784A
P00519	P784L
P00519	P810L
P00519	H832N
P00519	A861T
P00519	R876G
P00519	P961L
P00519	S972L
P35658	R38C
P35658	A109V
P35658	I765V
P35658	R783G
P35658	S1307T
P35658	G1592A
P35658	V1673L
P35658	N2078S
Q9Y6A1	G65R
Q9Y6A1	G76R
Q9Y6A1	N144D
Q9Y6A1	T148N
Q9Y6A1	A200P
Q9Y6A1	Q251R
Q9Y6A1	R243P
Q9Y6A1	G292R
Q9Y6A1	V327I
Q9Y6A1	T414M
Q9Y6A1	Y431C
Q9Y6A1	D433E
Q9Y6A1	W486S
Q9Y6A1	S505N
Q9Y6A1	S537R
Q9Y6A1	Q590H
Q9Y6A1	A641V
Q9Y6A1	P653L
Q9Y6A1	L663F
Q9Y6A1	A669T
Q9Y6A1	A709V
Q9Y6A1	L677P
Q9Y6A1	R735C
Q9Y6A1	R745Q
Q96CW9	R45H
Q96CW9	C81Y
Q96CW9	W107G
Q96CW9	S200L
Q96CW9	C355W
Q96CW9	C456Y
Q7Z333	L2664P
Q7Z333	F2638V
Q7Z333	S2612G
Q7Z333	I2587V
Q7Z333	H2581Y
Q7Z333	T2572M
Q7Z333	W2556R
Q7Z333	T2478P
Q7Z333	D2372N
Q7Z333	K2335N
Q7Z333	R2308G
Q7Z333	D2226E
Q7Z333	Y2223C
Q7Z333	P2213L
Q7Z333	D2207V
Q7Z333	R2136C
Q7Z333	V2013G
Q7Z333	C2006Y
Q7Z333	L1977F
Q7Z333	L1976R
Q7Z333	T1855A
Q7Z333	R1846C
Q7Z333	K1822E
Q7Z333	F1756S
Q7Z333	Q1561H
Q7Z333	C1554G
Q7Z333	A1479V
Q7Z333	H1428R
Q7Z333	T1402S
Q7Z333	I1386V
Q7Z333	Q1351E
Q7Z333	P1331L
Q7Z333	R1294C
Q7Z333	R1275C
Q7Z333	G1252R
Q7Z333	C1227F
Q7Z333	K1221N
Q7Z333	D1192E
Q7Z333	K1190E
Q7Z333	F1152C
Q7Z333	R1145W
Q7Z333	N1119D
Q7Z333	N1100S
Q7Z333	N1100T
Q7Z333	F1083L
Q7Z333	P1061L
Q7Z333	K1035E
Q7Z333	D994G
Q7Z333	S985L
Q7Z333	T975M
Q7Z333	I974T
Q7Z333	D851V
Q7Z333	Y824C
Q7Z333	S802G
Q7Z333	K801E
Q7Z333	A754G
Q7Z333	G739E
Q7Z333	I707V
Q7Z333	K706E
Q7Z333	I705L
Q7Z333	A660G
Q7Z333	Q653K
Q7Z333	N603D
Q7Z333	F565L
Q7Z333	L389S
Q7Z333	R332W
Q7Z333	R329Q
Q7Z333	G240D
Q7Z333	Y88C
Q7Z333	R20H
Q7Z333	T3I
Q5VTD9	D23N
Q5VTD9	V34M
Q5VTD9	L60I
Q5VTD9	G81V
Q5VTD9	S98L
Q5VTD9	A204T
Q5VTD9	D262N
Q5VTD9	L308P
Q76LX8	R7W
Q76LX8	H96D
Q76LX8	R102C
Q76LX8	S119F
Q76LX8	T167M
Q76LX8	R193W
Q76LX8	T196I
Q76LX8	A250V
Q76LX8	R268P
Q76LX8	T339R
Q76LX8	P341L
Q76LX8	R349C
Q76LX8	R398H
Q76LX8	Q448E
Q76LX8	Q456H
Q76LX8	C508Y
Q76LX8	R528G
Q76LX8	A596V
Q76LX8	P618A
Q76LX8	R625H
Q76LX8	I673F
Q76LX8	R692C
Q76LX8	A732V
Q76LX8	C737R
Q76LX8	E740K
Q76LX8	V832M
Q76LX8	A900V
Q76LX8	S903L
Q76LX8	C951G
Q76LX8	C1024G
Q76LX8	A1033T
Q76LX8	R1060W
Q76LX8	R1095Q
Q76LX8	R1096H
Q76LX8	R1123C
Q76LX8	R1149W
Q76LX8	R1165Q
Q76LX8	G1181R
Q76LX8	C1213Y
Q76LX8	T1226I
Q76LX8	S1314L
P19793	S224N
P19793	S427Y
P19793	S427F
Q5JUK3	G19S
Q5JUK3	T284M
Q5JUK3	R398W
Q5JUK3	R398Q
Q5JUK3	L437F
Q5JUK3	S649L
Q5JUK3	Y796H
Q5JUK3	R1092H
Q5JUK3	S1211C
Q9H257	G458A
Q9H257	V385L
Q9H257	R309C
Q9H257	E221K
Q9H257	A170T
Q9H257	S12N
Q10713	R22W
Q10713	S96L
Q10713	A155V
Q10713	G356S
Q10713	A377T
Q10713	A377V
Q10713	H505L
Q10713	G515R
O15120	A239V
O15120	L228P
O15120	E172K
O15120	G136R
O15120	R114C
O15120	S100N
Q9UKM7	N59S
Q9UKM7	A91V
Q9UKM7	E116G
Q9UKM7	V135I
Q9UKM7	P197L
Q9UKM7	P201L
Q9UKM7	R334C
Q9UKM7	S409P
Q9UKM7	R410H
Q9UKM7	G430S
Q9UKM7	G477R
Q9UKM7	R500Q
Q9UKM7	C527W
Q9UKM7	R561W
Q9UKM7	E689K
Q05586	M1L
Q05586	T8P
Q05586	R52G
Q05586	T110I
Q05586	V118M
Q05586	W151R
Q05586	A175V
Q05586	D227H
Q05586	G268R
Q05586	A331E
Q05586	A331V
Q05586	V338L
Q05586	R346Q
Q05586	I366M
Q05586	R390G
Q05586	R390Q
Q05586	K433N
Q05586	R448H
Q05586	L506F
Q05586	P532H
Q05586	Q536R
Q05586	S549R
Q05586	D552E
Q05586	P557L
Q05586	P557R
Q05586	R582S
Q05586	N616S
Q05586	G618R
Q05586	G618V
Q05586	G620R
Q05586	A637V
Q05586	G638A
Q05586	M641T
Q05586	M641I
Q05586	I642L
Q05586	V644M
Q05586	A645S
Q05586	Y647H
Q05586	N650I
Q05586	N650K
Q05586	A653G
Q05586	F654C
Q05586	R659W
Q05586	E662K
Q05586	P670T
Q05586	S688P
Q05586	S688Y
Q05586	C744Y
Q05586	R794Q
Q05586	P805L
Q05586	A806E
Q05586	A814D
Q05586	G815R
Q05586	M818L
Q05586	G827R
Q05586	I835T
Q05586	R844C
Q05586	R844L
Q05586	P872A
Q8N130	R67H
Q8N130	G180A
Q8N130	S192W
Q8N130	S192L
Q8N130	G196R
Q8N130	I197V
Q8N130	A227T
Q8N130	D237N
Q8N130	S260N
Q8N130	G264S
Q8N130	T279M
Q8N130	R310H
Q8N130	G337S
Q8N130	G375S
Q8N130	A388T
Q8N130	A413E
Q8N130	T425I
Q8N130	R468W
Q8N130	R485H
Q8N130	E513V
Q8N130	I529F
Q8N130	R537H
Q9Y2I8	S119F
Q9Y2I8	T125I
Q9Y2I8	S129C
Q9Y2I8	T130I
Q99612	L169P
Q99612	V165M
Q99612	S155R
Q99612	A123D
Q99612	S116P
Q99612	W64R
P52895	N300T
P52895	H222Q
P52895	H90Q
P52895	I79V
Q9Y345	T417I
P01589	E231Q
P01589	S166N
P01589	V153I
P01589	Y41S
P23771	G246A
P23771	C263S
P23771	D277N
P23771	C320S
P23771	R352T
P23771	A395T
P23771	T420M
Q96HY7	M1V
Q96HY7	A70G
Q96HY7	K148T
Q96HY7	A210S
Q96HY7	N350D
Q96HY7	V360M
Q96HY7	V360A
Q96HY7	P373L
Q96HY7	K421R
Q96HY7	P515T
Q96HY7	A517V
Q96HY7	M547I
Q96HY7	Q611R
Q96HY7	D707E
Q96HY7	H908N
Q96SD1	E632K
Q96SD1	R445H
Q96SD1	S320C
Q96SD1	H243R
Q96SD1	V186L
Q96SD1	P171R
Q96SD1	G135R
Q96SD1	R76T
Q96SD1	T65I
Q96SD1	H35D
Q96SD1	M1T
Q5T2R2	G30V
Q5T2R2	F136C
Q5T2R2	D308E
Q5T2R2	R352Q
Q5T2R2	S370R
P37275	K553R
P37275	N591K
P37275	T751A
P37275	I804T
P37275	T806A
P37275	Q840K
Q9UK05	K23N
Q9UK05	R68L
Q9UK05	P85L
Q9UK05	V109A
Q9UK05	I118F
Q9UK05	F126L
Q9UK05	V160M
Q9UK05	D218N
Q9UK05	N250K
Q9UK05	N259S
Q9UK05	E301K
Q9UK05	T304M
Q9UK05	T371M
Q9UK05	K397R
P28329	D47E
P28329	S58R
P28329	R117C
P28329	R117H
P28329	A120T
P28329	R207G
P28329	L210P
P28329	P211A
P28329	V212D
P28329	R222Q
P28329	S237R
P28329	L243F
P28329	L131V
P28329	P299L
P28329	V304I
P28329	I305T
P28329	R323H
P28329	I254T
P28329	T354M
P28329	R375W
P28329	D379H
P28329	D400N
P28329	R420C
P28329	L458F
P28329	V461M
P28329	R482G
P28329	R484Q
P28329	S498L
P28329	V506L
P28329	P552S
P28329	A557T
P28329	R561Q
P28329	S572W
P28329	R652Q
P28329	S694C
P28329	T728I
Q9UKB3	A144T
Q9UKB3	C129W
Q9UKB3	M124I
Q9UKB3	W103C
Q9UKB3	R72P
Q86TC9	D120E
Q86TC9	A245G
Q86TC9	T349K
Q86TC9	V393A
Q86TC9	V410A
Q86TC9	E467K
Q86TC9	E614K
Q86TC9	F628L
Q86TC9	G634R
Q86TC9	S691N
Q86TC9	N698S
Q86TC9	S707N
Q86TC9	P743L
Q86TC9	T746A
Q86TC9	S803R
Q86TC9	G804R
Q86TC9	P816L
Q86TC9	S1056F
Q86TC9	P1135T
Q86TC9	A1141T
Q86TC9	I1233F
Q86TC9	S1282R
Q86TC9	S1296T
Q6ZVD7	T188N
Q6ZVD7	M250V
Q6ZVD7	E608D
Q2TB90	I334N
Q2TB90	R337W
Q2TB90	P363L
Q2TB90	H420Y
Q9Y4Z2	F199S
Q9Y4Z2	S171T
Q9Y4Z2	G167R
Q9Y4Z2	R107S
Q9Y4Z2	R93L
Q9Y4Z2	E16Q
Q96S42	H306Y
Q96S42	R275H
Q96S42	R275C
Q96S42	R221Q
Q96S42	E203K
Q96S42	M173T
Q96S42	H165R
Q96S42	P158L
Q96S42	R94Q
O95470	R222W
O95470	R222Q
O95470	S346I
O95470	Y416C
O95470	A492T
O95470	P565S
P61457	E97K
P61457	R88Q
P61457	C82R
Q9BZD2	R18G
Q9BZD2	R25Q
Q9BZD2	Y102H
Q9BZD2	T112A
Q9BZD2	M116R
Q9BZD2	S158F
Q9BZD2	G163V
Q9BZD2	V214M
Q9BZD2	V239I
Q9BZD2	L281P
Q9BZD2	R299C
Q9BZD2	P324L
Q9BZD2	I326V
Q9BZD2	N334S
Q9BZD2	R363W
Q9BZD2	R363Q
Q9BZD2	G427S
Q9BZD2	G437R
Q9BZD2	T449R
Q7LGC8	L161F
Q7LGC8	P164L
Q7LGC8	I168S
Q7LGC8	R222W
Q7LGC8	L259P
Q7LGC8	L286P
Q7LGC8	D302H
Q7LGC8	L307P
Q7LGC8	T320S
Q7LGC8	S351F
Q7LGC8	G355R
Q7LGC8	R357Q
Q7LGC8	E372K
Q7LGC8	R387H
Q7LGC8	L455V
P18206	M74V
P18206	A413T
P18206	D511Y
P18206	A934V
Q4G0N4	G30E
Q4G0N4	A318E
Q9ULJ6	K91R
Q9ULJ6	P258L
Q9ULJ6	A287T
Q9ULJ6	T296I
Q9ULJ6	T296K
Q9ULJ6	T298I
Q9ULJ6	T300M
Q9ULJ6	L695F
Q9ULJ6	A997T
Q8IWL1	Q223K
Q8IWL1	E105A
Q8IWL1	A91P
Q8IWL1	R85H
Q8IWL1	V50L
Q8IWL1	T9N
Q8IWL2	N9T
Q8IWL2	V19A
Q8IWL2	L50V
Q8IWL2	P62L
Q8IWL2	P91A
Q8IWL2	N210K
Q8IWL2	R219W
P50995	I457V
P50995	E369K
P50995	T244M
P50995	D40G
P50995	D40Y
P50995	G38R
Q96JP9	M1L
Q96JP9	T48N
Q96JP9	A159E
Q96JP9	R162S
Q96JP9	R191C
Q96JP9	R202S
Q96JP9	A212T
Q96JP9	G216S
Q96JP9	A243V
Q96JP9	F452L
Q96JP9	A456V
Q96JP9	V458D
Q96JP9	E483G
Q96JP9	E598K
Q96JP9	R636C
Q96JP9	R636H
Q96JP9	R738G
Q96JP9	V811G
Q96JP9	P812S
O95340	E10K
O95340	T48R
O95340	M281L
O95340	V291M
O95340	A463V
P52732	M1V
P52732	M1T
P52732	D69N
P52732	L140F
P52732	I299V
P52732	I319M
P52732	R327H
P52732	I423T
P52732	T437A
P52732	H526Q
P52732	N527I
P52732	N543S
P52732	M545T
P52732	N569S
P52732	M606V
P52732	V627L
P52732	P642A
P52732	D666N
P52732	L682V
P52732	H718L
P52732	N838H
P52732	M884I
P52732	D887G
P52732	T925M
P52732	T972A
P52732	R1032K
P52732	H1041R
P52732	L1042F
Q9P212	A76V
Q9P212	G222R
Q9P212	E410K
Q9P212	V438A
Q9P212	S469T
Q9P212	R548L
Q9P212	I810V
Q9P212	H987R
Q9P212	L1233P
Q9P212	S1484L
Q9P212	S1737F
Q9P212	T1777I
Q9P212	H1927R
Q9NRZ9	M1T
Q9NRZ9	G112S
Q9NRZ9	T305A
Q9NRZ9	Q699R
Q9NRZ9	I784V
Q6NUS6	G344R
Q6NUS6	G314R
Q6NUS6	A309S
Q6NUS6	A75V
Q6NUS6	V71L
Q6NUS6	T65P
Q6NUS6	M1I
Q69YN2	R526Q
Q69YN2	D504V
Q69YN2	H314Y
Q69YN2	P259L
Q69YN2	V229F
Q69YN2	R222Q
Q69YN2	C160Y
Q69YN2	F146Y
Q69YN2	G86E
Q69YN2	D13H
Q9H5P4	R1031H
Q9H5P4	N855T
Q9H5P4	K790E
Q9H5P4	R744Q
Q9H5P4	P715L
Q9H5P4	H711R
Q9H5P4	H586Q
Q9H5P4	G538E
Q9H5P4	D483N
Q9H5P4	M285R
Q9H5P4	G228R
Q9H5P4	V191E
Q9H5P4	G103R
Q9H5P4	I84T
Q86YV9	A133V
Q86YV9	G211A
Q86YV9	L233R
Q86YV9	G260E
Q86YV9	P275S
Q86YV9	A419T
Q86YV9	F565V
Q9UMX1	P15L
Q9UMX1	H176R
Q9UMX1	A340S
Q9H8M5	R38Q
Q9H8M5	L48P
Q9H8M5	E122K
Q9H8M5	P138L
Q9H8M5	A202T
Q9H8M5	S269W
Q9H8M5	V324M
Q9H8M5	G351R
Q9H8M5	E357K
Q9H8M5	S365F
Q9H8M5	M383V
Q9H8M5	L418P
Q9H8M5	T568I
Q9H8M5	S795L
Q9UMD9	A1435V
Q9UMD9	N1374D
Q9UMD9	D1370G
Q9UMD9	G1345R
Q9UMD9	P1343L
Q9UMD9	R1303Q
Q9UMD9	S1029A
Q9UMD9	T939I
Q9UMD9	P922T
Q9UMD9	D919N
Q9UMD9	T902S
Q9UMD9	G866R
Q9UMD9	G860S
Q9UMD9	Q787H
Q9UMD9	M703V
Q9UMD9	K667R
Q9UMD9	G636R
Q9UMD9	G633D
Q9UMD9	L540M
Q9UMD9	G446S
Q9UMD9	G436E
Q9UMD9	G436R
Q9UMD9	G428S
Q9UMD9	A380T
Q9UMD9	T210M
Q9UMD9	G189A
Q9UMD9	T4A
Q9NQB0	P512A
Q9NQB0	P512R
Q9NQB0	P512H
Q9NQB0	P542T
Q9NQB0	S602P
O95817	M9V
O95817	P63A
O95817	R71Q
O95817	P77L
O95817	C151R
O95817	V154M
O95817	A157V
O95817	P209S
O95817	P209Q
O95817	P209L
O95817	R258W
O95817	D300N
O95817	M306T
O95817	P380S
O95817	P407L
O95817	E455K
O95817	L462P
O95817	P470S
O95817	P512S
O95817	E553D
Q9BZH6	V356I
Q9BZH6	H690Q
Q9BZH6	A768V
Q9BZH6	H934Y
Q9BZH6	E988K
P45954	R13K
P45954	H31R
P45954	R151K
P45954	V219M
P45954	L255F
P45954	I316V
P45954	M389V
P45954	G410S
Q8N119	A454V
Q8N119	E349G
Q8N119	S186I
Q8N119	R94P
Q8N119	S34L
A6NNB3	T93M
A6NNB3	R76Q
A6NNB3	S40W
A6NNB3	S40L
A6NNB3	P31T
A6NNB3	G27A
A6NNB3	T14M
O75398	M560I
O75398	A545G
O75398	A372T
O75398	V294L
O75398	C284Y
O75398	C281S
O75398	A276P
O75398	D269G
O75398	I256N
O75398	R254S
O75398	R246T
O75398	M243V
O75398	E241K
O75398	W234R
O75398	W234G
O75398	I228S
O75398	R226W
O75398	R224Q
O75398	R224W
O75398	L214V
O75398	G212S
O75398	A29V
Q9H936	R273K
Q9H936	G236W
Q9H936	P206L
Q9H936	L150V
Q9H936	G110R
Q9H936	V57I
P07339	W383C
P07339	G282R
P07339	F229I
P07339	G149V
P49918	P108R
P49918	P108L
P49918	R99P
P49918	R99H
P49918	R279L
P49918	R279P
P49918	R279S
P49918	K278E
P49918	F276S
P49918	F276V
P49918	D274N
P49918	Q226E
P49918	A224T
P49918	V177A
P49918	P118L
P49918	P70L
P49918	L42P
Q86WG5	P1366S
Q86WG5	V1286A
Q86WG5	Q1216E
Q01432	R185W
Q01432	R356Q
Q01432	G361S
Q01432	Y455H
Q01432	R573C
P62070	Q72L
P62070	A70T
P62070	G23V
Q6IQ23	D662G
Q6IQ23	G544D
Q6IQ23	R513W
Q14654	V337I
Q14654	G334D
Q14654	F333I
Q14654	Y330C
Q14654	G289V
Q14654	V252A
Q14654	L233F
Q14654	I182V
Q14654	A174G
Q14654	I167L
Q14654	C166W
Q14654	R136C
Q14654	T62R
Q14654	V59G
Q14654	G53D
Q14654	G53R
Q14654	Q52R
Q14654	R50Q
Q14654	R50P
Q14654	F35L
Q14654	R34C
Q14654	E10Q
Q14654	S3C
Q9UPZ3	T1098I
Q9UPZ3	R1077W
Q9UPZ3	M1073V
Q9UPZ3	M1015I
Q9UPZ3	P846L
Q9UPZ3	L740S
Q9UPZ3	G501R
Q9UPZ3	L417M
Q9UPZ3	N346S
Q9UPZ3	R240P
Q9UPZ3	M115I
Q9Y345	P32L
Q9Y345	A45G
Q9Y345	P46R
Q9Y345	A89E
Q9Y345	G102S
Q9Y345	P114S
Q9Y345	N116S
Q9Y345	H119R
Q9Y345	F124S
Q9Y345	A132G
Q9Y345	A162G
Q9Y345	T167K
Q9Y345	G226E
Q9Y345	L306V
Q9Y345	T317M
Q9Y345	K457N
Q9Y345	D463N
Q9Y345	S477P
Q9Y345	W482R
Q9Y345	Y499F
Q9Y345	N509S
Q9Y345	S510R
Q9Y345	F547S
Q9Y345	L631P
Q9Y345	I643N
Q9Y345	F676V
Q9Y345	Y705C
Q9Y345	G767R
Q9Y345	R769H
Q9Y345	K789R
Q75V66	K132N
Q75V66	E202K
Q75V66	T206A
Q75V66	H253P
Q75V66	T267S
Q75V66	Q287E
Q75V66	L322F
Q75V66	C356G
Q75V66	C356R
Q75V66	C360R
Q75V66	A432G
Q75V66	M470R
Q75V66	T513I
Q75V66	F578S
Q75V66	Y652C
Q75V66	W655R
Q75V66	Y673C
Q75V66	R758C
Q75V66	L785R
Q75V66	S796L
Q75V66	M833K
Q75V66	N882K
Q9BYT9	S116F
Q9BYT9	I175V
Q9BYT9	G239R
Q9BYT9	I308L
Q9BYT9	I411V
Q9BYT9	W490C
Q9BYT9	R494W
Q9BYT9	E510K
Q9BYT9	N648S
Q9BYT9	A657T
Q9BYT9	S685G
Q9BYT9	K862N
Q5T5J6	S50F
P43004	A541G
P43004	V437I
P43004	P289R
P43004	K194E
P43004	L85P
P43004	G82R
Q6DN90	M1V
Q6DN90	P441T
Q6DN90	M1T
Q93063	A3V
Q93063	M42V
Q93063	H48L
Q93063	M87R
Q93063	V120I
Q93063	T170I
Q93063	M174L
Q93063	R223P
Q93063	D227N
Q93063	N288S
Q93063	R297C
Q93063	R299H
Q93063	C339Y
Q93063	P351L
Q93063	E368K
Q93063	M370I
Q93063	I376V
Q93063	W394G
Q93063	I403T
Q93063	Y608C
Q9H161	L373F
Q9H161	G369E
Q9H161	T362M
Q9H161	R272P
Q9H161	A243V
Q9H161	Q225E
Q9H161	R218Q
Q9H161	R216G
Q9H161	E158D
Q9H161	C154S
Q9H161	P102S
Q9H161	P76T
Q9H161	R35T
Q9Y5Y5	Y331C
Q9Y5Y5	V254L
Q9Y5Y5	P212R
Q9Y5Y5	V116I
Q9Y5Y5	V103M
Q9H9D4	L67V
Q9H9D4	E230G
Q9H9D4	R337P
Q9H9D4	S392P
Q9H9D4	H455Y
Q9H9D4	R541C
Q9H9D4	L566H
Q9H9D4	A695T
Q92466	V193I
Q92466	M215T
Q92466	K244E
Q92466	R273H
Q92466	D307Y
Q13702	R397W
Q13702	A265V
Q13702	R205Q
Q13702	A189V
Q13702	V165M
Q13702	R164C
Q13702	E162K
Q13702	E147K
Q13702	F139S
Q13702	R91C
Q13702	F81L
Q13702	R58C
Q13702	V45M
Q13702	L14P
O75489	M1R
O75489	R22K
O75489	T145I
O75489	R199W
Q6SJ93	Y621D
Q6SJ93	R627G
Q6SJ93	S628N
Q6SJ93	F629L
Q6SJ93	D714N
Q96PZ2	C36Y
Q96PZ2	L104I
Q96PZ2	M106V
Q96PZ2	R129H
Q96PZ2	C194S
Q96PZ2	I311F
Q96PZ2	T338A
Q96PZ2	T371A
Q96PZ2	I403V
Q96PZ2	Y414H
Q96PZ2	I433M
Q96PZ2	P527T
Q96PZ2	D528G
Q96PZ2	I530V
Q96PZ2	R569H
P27352	V380I
P27352	N255S
P27352	G221R
P27352	D83N
P27352	G65R
P27352	S46L
P27352	Q23R
P27352	T20I
Q9NX18	S11L
Q9NX18	R33C
Q9NX18	G78R
Q9NX18	G78E
Q9NX18	A90V
Q9NX18	R107C
Q14697	H850Y
Q14697	R817W
Q14697	D647G
Q14697	R596C
Q14697	R590P
Q14697	H419Y
Q14697	T383R
Q14697	N306S
Q14697	R173Q
Q14697	R154W
Q14697	L74F
Q14697	R13Q
Q96S37	R90H
Q96S37	T217M
Q96S37	E298D
Q96S37	G361V
Q96S37	G366R
Q96S37	Q382L
Q96S37	L418R
Q96KG9	A105V
Q96KG9	V125M
Q96KG9	E154D
Q96KG9	I232T
Q96KG9	R368H
Q96KG9	A471V
Q96KG9	D478G
Q96KG9	R531Q
Q96KG9	T627M
Q96KG9	D645N
Q96KG9	Q663H
Q96KG9	D665N
O43505	A406V
O43505	N390D
O43505	F382L
O43505	L120M
O43505	A66T
O43505	Q62R
O43505	P51L
O15020	T2345N
O15020	A2310V
O15020	R2251W
O15020	R2129Q
O15020	R2037C
O15020	R1995C
O15020	R1880H
O15020	P1825L
O15020	N1780S
O15020	V1772M
O15020	R1700H
O15020	A1641T
O15020	A1545V
O15020	D1499H
O15020	R1483H
O15020	R1483C
O15020	R1482Q
O15020	R1482W
O15020	K1469E
O15020	V1466M
O15020	D1453V
O15020	R1341Q
O15020	L1290R
O15020	R1250Q
O15020	R1236H
O15020	H1229R
O15020	S1119R
O15020	V1034A
O15020	E982K
O15020	P924Q
O15020	E835K
O15020	R832Q
O15020	S825G
O15020	P815L
O15020	R658W
O15020	V590I
O15020	R524Q
O15020	E494D
O15020	R437Q
O15020	R437W
O15020	M436T
O15020	R414C
O15020	R351P
O15020	N348I
O15020	N348D
O15020	E322K
O15020	E308D
O15020	T271I
O15020	L253P
O15020	N197S
O15020	I157T
O15020	K61E
P59052	R122W
P50416	I725V
P50416	G710E
P50416	G709E
P50416	S687R
P50416	S637F
P50416	R617Q
P50416	P510L
P50416	P479L
P50416	G465E
P50416	K455T
P50416	D454G
P50416	E360G
P50416	R357W
P50416	R352Q
P50416	R288Q
P50416	A275T
P50416	R173H
P50416	I156V
P50416	R145H
P50416	T101M
P50416	P56L
P50416	S34F
P38935	M1T
P38935	K12N
P38935	Q51E
P38935	A75T
P38935	T115M
P38935	S121F
P38935	L201S
P38935	H213R
P38935	P216H
P38935	Q230E
P38935	I275V
P38935	G354S
P38935	L361P
P38935	F369L
P38935	V373G
P38935	I374V
P38935	C377Y
P38935	E382K
P38935	W386R
P38935	A398E
P38935	D400N
P38935	H401R
P38935	R425H
P38935	A432T
P38935	H445P
P38935	T493I
P38935	D565N
P38935	F579L
P38935	R606H
P38935	V647I
P38935	A670S
P38935	T671A
P38935	R694W
P38935	R823C
P38935	T879K
P38935	E928K
P38935	R946W
P38935	K957R
P11487	R210Q
P11487	S156P
P11487	Y106C
P11487	K101N
P11487	R95W
Q6IA69	C49R
Q6IA69	W132L
Q6IA69	V380M
Q6IA69	A573T
Q6IA69	M591I
P15328	M1V
P15328	C66Y
P15328	C96Y
O15357	Q251H
O15357	K303N
O15357	R401W
O15357	T569M
O15357	P659S
O15357	P659L
O15357	R691W
O15357	F722I
O15357	P1169H
O15357	R1172C
Q9H078	T706A
Q9H078	R695W
Q9H078	G646V
Q9H078	R629H
Q9H078	Y617C
Q9H078	A591V
Q9H078	R554Q
Q9H078	E542V
Q9H078	A522G
Q9H078	A522S
Q9H078	R295T
Q9H078	T268M
Q9H078	S223N
Q9H078	G221S
Q9H078	K207E
Q9H078	M172L
Q9H078	A117S
Q9H078	G71A
O15484	D10E
O15484	R18W
O15484	A242T
O15484	R243L
O15484	L244P
O15484	K250N
O15484	R289W
O15484	K565Q
O15484	L632I
O15484	M638V
Q9BVK2	I439T
Q9BVK2	I299T
Q9BVK2	N290S
Q9BVK2	G275D
Q9BVK2	R268Q
Q9BVK2	I228V
Q9BVK2	N222S
Q9BVK2	H160L
Q9BVK2	T47P
Q9ULV1	H69Y
Q9ULV1	P33S
Q9ULV1	G16D
Q16832	M1V
Q16832	M1T
Q16832	G109R
Q16832	P205T
Q16832	G253R
Q16832	M370I
Q16832	R422W
Q16832	R422Q
Q96RD7	K155N
Q96RD7	V290M
Q96RD7	K346E
Q96RD7	C347S
Q96RD7	V378A
Q96RD7	T396M
P49959	T700I
P49959	M698V
P49959	A614T
P49959	N607S
P49959	R594G
P49959	N567S
P49959	T481K
P49959	S334R
P49959	I312V
P49959	H302R
P49959	H297Q
P49959	W210C
P49959	D41N
P49959	F13I
P49959	M1I
Q9Y210	P924S
Q9Y210	E897K
Q9Y210	R895C
Q9Y210	D890N
Q9Y210	L845R
Q9Y210	V762I
Q9Y210	I594V
Q9Y210	A404V
Q9Y210	R215Q
Q9Y210	R175Q
Q9Y210	Y173C
Q9Y210	P112Q
Q9Y210	S89I
Q9Y210	P15S
P45452	D390G
P45452	H232N
P45452	W207G
P45452	G180A
P45452	D158N
Q9H6U8	I528S
Q9H6U8	E523K
Q9H6U8	R510L
Q9H6U8	P513L
Q9H6U8	R370K
Q9H6U8	N315S
Q9H6U8	V289I
Q9H6U8	Y287C
Q9H6U8	A280V
Q9H6U8	Y272C
Q9H6U8	S255L
Q9H6U8	A21V
P02511	D140N
P02511	I124V
P02511	R120G
P02511	D109G
P02511	D109H
P02511	R107L
P02511	R56W
P02511	P20S
Q9Y2K2	A1050T
Q9Y2K2	R1042C
Q9Y2K2	R187C
Q13651	P3Q
Q13651	E25D
Q13651	T46A
Q13651	E58K
Q13651	L61V
Q13651	T84I
Q13651	R101W
Q13651	V113I
Q13651	S159G
Q13651	I169T
Q13651	I224V
Q13651	V233M
Q13651	F239S
Q13651	R262C
Q13651	R351G
Q13651	S420L
Q13651	E454K
Q8IWT1	G214S
Q8IWT1	L179F
Q8IWT1	L25F
O60939	T204M
O60939	T157M
O60939	P119L
Q03164	A30G
Q03164	G47R
Q03164	A53V
Q03164	G73E
Q03164	K398R
Q03164	E502K
Q03164	S610T
Q03164	P907S
Q03164	G909D
Q03164	L989F
Q03164	C1072F
Q03164	R1151Q
Q03164	R1154W
Q03164	C1155Y
Q03164	C1158Y
Q03164	C1158S
Q03164	D1166A
Q03164	G1181C
Q03164	K1186T
Q03164	Q1187L
Q03164	C1189R
Q03164	C1189Y
Q03164	Y1205H
Q03164	S1325N
Q03164	C1434S
Q03164	C1437F
Q03164	C1448R
Q03164	C1448Y
Q03164	H1456R
Q03164	G1566R
Q03164	R1627Q
Q03164	N1751Y
Q03164	K1781R
Q03164	P1832T
Q03164	E1860D
Q03164	A1874V
Q03164	G1940E
Q03164	G2024E
Q03164	T2059I
Q03164	C2134F
Q03164	R2188Q
Q03164	S2226T
Q03164	T2230I
Q03164	S2319T
Q03164	S2392P
Q03164	S2432C
Q03164	K2486T
Q03164	L2845P
Q03164	L2854Q
Q03164	P3037L
Q03164	G3128S
Q03164	S3144F
Q03164	S3157P
Q03164	A3299T
Q03164	L3390P
Q03164	A3422V
Q03164	I3437V
Q03164	T3463A
Q03164	A3489T
Q03164	A3489V
Q03164	G3513E
Q03164	T3534A
Q03164	R3561W
Q03164	I3569S
Q03164	L3614P
O75845	R29Q
O75845	Y46S
O75845	P160R
O75845	I182V
O75845	D210E
O75845	G211D
O75845	R277H
Q9NY72	A210V
Q9NY72	M161T
Q9NY72	R6K
Q9HAT2	A467V
Q9HAT2	R379G
Q9HAT2	L296F
Q9HAT2	M89V
Q9HAT2	G64S
Q8WZ75	R776C
Q8WZ75	R669Q
Q8WZ75	D622H
Q8WZ75	R606H
Q8WZ75	L563F
Q8WZ75	H411Q
Q8WZ75	R380C
Q8WZ75	Y280S
Q8WZ75	V247A
Q8WZ75	T232M
Q8WZ75	L105P
Q8WZ75	A95T
Q14CZ8	N324S
Q14CZ8	Q284R
Q14CZ8	V235I
Q14CZ8	M218V
Q14CZ8	D211N
Q14CZ8	S196Y
Q14CZ8	P148S
Q14CZ8	Y120C
Q14CZ8	R98C
Q14CZ8	R92Q
Q14CZ8	R92W
Q14CZ8	G89D
Q14CZ8	G89S
Q14CZ8	R3T
O14757	I471V
Q96CU9	G70A
Q96CU9	R136W
Q96CU9	V145A
Q96CU9	A300G
Q96CU9	R352W
Q96CU9	V421M
Q96CU9	N430S
Q96CU9	G436D
Q96C86	V68A
Q96C86	T87M
Q96C86	Y177C
Q96C86	R188W
Q96C86	E192Q
Q9BX67	M1V
Q9BX67	M1K
Q9BX67	M1R
Q9BX67	L15V
Q9BX67	E116K
Q9BX67	V150A
Q9BX67	V205M
Q9BX67	C219Y
Q9BX67	R295C
Q13936	E12V
Q13936	G37R
Q13936	A39V
Q13936	A71V
Q13936	V241A
Q13936	G402S
Q13936	G406R
Q13936	G419R
Q13936	N510S
Q13936	R518C
Q13936	R518H
Q13936	N537D
Q13936	S577G
Q13936	A582D
Q13936	P817S
Q13936	K834E
Q13936	P857R
Q13936	R858H
Q13936	R860G
Q13936	I1186T
Q13936	V1411L
Q13936	V1411M
Q13936	A1521G
Q13936	I1523M
P30279	S175C
P30279	R262H
P30279	T280A
P30279	T280N
P30279	P281A
P30279	P281S
P30279	P281L
P30279	P281R
Q16795	A5P
Q16795	I20V
Q16795	R75H
Q16795	A194T
Q16795	R270Q
Q16795	P294L
Q16795	R321P
Q16795	R360C
Q16795	I377M
P37088	T663A
P37088	C618F
P37088	V573I
P37088	S562L
P37088	W493R
P37088	C479R
P37088	A334T
P37088	S205N
P37088	R181W
P37088	R81C
Q9NR23	V328L
Q9NR23	L305R
Q9NR23	L305P
Q9NR23	S212L
Q9NR23	R195Q
Q9NR23	R195W
Q9NR23	V78L
Q14432	V349I
Q14432	T445A
Q14432	T445S
Q14432	T445N
Q14432	A447T
Q14432	A447V
Q14432	G449D
Q14432	G449V
Q14432	R459Q
Q14432	Y497C
Q14432	P601T
O15397	G1016V
O15397	V499I
Q96M96	T59S
Q96M96	T79I
Q96M96	D145E
Q96M96	M298R
Q96M96	P571T
Q99959	L844P
Q99959	S841F
Q99959	D829N
Q99959	G828S
Q99959	A824T
Q99959	C796R
Q99959	Q617H
Q99959	S615F
Q99959	L611R
Q99959	A546T
Q99959	I531S
Q99959	D460H
Q99959	F424S
Q99959	R388W
Q99959	L366P
Q99959	L360P
Q99959	T338A
Q99959	H318P
Q99959	A264V
Q99959	A236S
Q99959	Y168H
Q99959	V136M
Q99959	S70I
Q99959	E58D
Q99959	D26N
Q5S007	H115P
Q5S007	N246H
Q5S007	A419V
Q5S007	R506Q
Q5S007	N551K
Q5S007	I723V
Q5S007	P755L
Q5S007	S860N
Q5S007	S865F
Q5S007	V921I
Q5S007	S955L
Q5S007	Q1111H
Q5S007	I1122V
Q5S007	P1262A
Q5S007	R1320S
Q5S007	I1371V
Q5S007	R1398H
Q5S007	T1410M
Q5S007	N1437S
Q5S007	R1441S
Q5S007	R1441C
Q5S007	R1441G
Q5S007	R1441H
Q5S007	P1446L
Q5S007	R1514Q
Q5S007	P1542S
Q5S007	M1646T
Q5S007	S1647T
Q5S007	Y1699C
Q5S007	Q1823K
Q5S007	G2019S
Q5S007	I2020T
Q5S007	N2081D
Q5S007	Y2346H
Q5S007	M2397T
Q5S007	R2477W
Q5S007	V2495I
Q96MT3	P746S
Q96MT3	G732R
Q96MT3	Y472H
Q96MT3	V125A
Q96MT3	A124T
Q96MT3	R104Q
Q96MT3	E43G
P08237	R39L
P08237	R39P
P08237	R100Q
P08237	Q447K
P08237	W686C
P08237	R696H
O43306	E1003K
O43306	Y992C
O43306	L677M
O43306	I547T
O43306	R34Q
P0C7U3	M1T
P49281	L435I
P49281	R416C
P49281	I298T
P49281	G212V
P49281	A209T
P49281	G75R
P49281	Y62H
P04259	G504S
P04259	G499S
P04259	E472K
P04259	L469R
P04259	E461K
P04259	M279L
P04259	I178N
P04259	G111D
P02538	V523I
P02538	E472K
P02538	L469P
P02538	L469R
P02538	Y465H
P02538	A463P
P02538	I462N
P02538	R443W
P02538	R415H
P02538	A335T
P02538	L210M
P02538	F174S
P02538	F174V
P02538	N171K
P02538	N171S
P02538	N171H
P02538	N171D
P02538	L170F
P02538	E163K
P02538	V36I
Q7RTS7	L175F
Q7RTS7	M1V
Q7RTS7	G507V
Q7RTS7	D482N
Q7RTS7	P476S
Q7RTS7	E424K
Q7RTS7	R420W
Q7RTS7	R392Q
Q7RTS7	T384M
Q7RTS7	F274S
Q7RTS7	N148K
Q7RTS7	G100R
Q7RTS7	R85W
Q7RTS7	G65A
Q7RTS7	R48Q
Q8N816	N188K
Q8N816	S178P
P51687	R40H
P51687	V111D
P51687	P199L
P51687	P200L
P51687	P210L
P51687	R217Q
P51687	T326N
P51687	R366H
P51687	R376C
P51687	R433W
P51687	G453D
P51687	R459Q
P51687	G530D
Q8NEX9	R231Q
Q8NEX9	R220Q
Q8NEX9	I200T
Q8NEX9	D184G
Q8NEX9	E119K
Q8NEX9	R72W
Q8NEX9	G38R
P42226	T803N
P42226	V714M
P42226	V269I
P56192	S209N
P56192	T227I
P56192	R301C
P56192	Y307C
P56192	Y344C
P56192	A393T
P56192	I523T
P56192	S567L
P56192	D605V
P56192	P800T
P56192	V831I
Q12840	R162W
Q12840	S189L
Q12840	S202R
Q12840	R204W
Q12840	R204Q
Q12840	D232N
Q12840	L233Q
Q12840	G235E
Q12840	E251K
Q12840	N256S
Q12840	S267P
Q12840	A268T
Q12840	Y276C
Q12840	P278L
Q12840	R280C
Q12840	K283E
Q12840	D290H
Q12840	R381H
Q12840	R414Q
Q12840	R422C
Q12840	E380D
Q12840	I728T
Q12840	T947A
Q12840	A961T
Q12840	R1007G
Q12840	R1007K
Q00973	A516V
Q00973	D433A
Q00973	A294T
Q00973	G265R
Q00973	E243K
Q00973	G172R
Q00973	A124D
Q00973	L35V
P11802	R24L
P11802	R24H
P11802	R24S
P11802	R24C
O75366	R446H
O75366	L425M
O75366	P322S
O75366	R135Q
Q9Y2B1	A23T
Q9Y2B1	D125H
Q9Y2B1	V157I
Q9Y2B1	G333R
Q9Y2B1	Y339C
Q9UHD2	R271Q
Q9UHD2	L306I
Q9UHD2	R358H
Q9UHD2	V464A
Q9UHD2	L508I
Q9UHD2	Q553H
Q9UHD2	K570R
Q9UHD2	L613F
Q9UHD2	E696K
Q9Y2U8	G303C
Q9Y2U8	S402F
Q9Y2U8	T435N
Q9Y2U8	T465A
Q9Y2U8	S467C
Q9Y2U8	E686K
Q9Y2U8	T732M
Q9Y2U8	T880S
P57740	M101I
P57740	R118H
P57740	D157Y
P57740	S137P
P57740	T251S
P57740	C442Y
P57740	D447N
P57740	D831A
P57740	Y889C
Q9UMZ3	M1I
O15078	Q2350K
O15078	I2269T
O15078	I2049V
O15078	A2031D
O15078	Y2002C
O15078	R1926P
O15078	E1841K
O15078	R1752Q
O15078	R1746Q
O15078	D1593N
O15078	E1572K
O15078	E1568D
O15078	R1237H
O15078	I943V
O15078	L906W
O15078	Q852K
O15078	K838E
O15078	Q819L
O15078	D664G
O15078	D346E
O15078	E277Q
O15078	H50Y
O15078	W7C
O15078	I5T
O15078	M1K
O15078	M1V
Q6ZXV5	M1I
Q6ZXV5	H67D
Q6ZXV5	K112R
Q6ZXV5	L113V
Q6ZXV5	M505I
P21583	D210Y
P21583	A157V
P21583	T54A
P21583	N36K
P21583	T34P
P21583	V33A
Q16828	T346M
Q16828	V114L
Q8TC44	S478I
Q8TC44	T270M
Q8TC44	Q225E
Q8TC44	R106Q
Q8TC44	R106P
O60938	R313Q
O60938	N247S
O60938	T215K
O60938	N131D
O60938	I107R
P78560	M1T
P78560	M1R
P78560	L51I
P78560	R170H
P78560	R185Q
Q9Y592	R545H
Q9Y592	L522R
Q9Y592	R511P
Q9Y592	R279C
Q9Y592	A146V
Q9Y592	L137P
Q00872	K6M
Q00872	P15L
Q00872	V39A
Q00872	F175S
Q00872	W211R
Q00872	Y222H
Q00872	E223K
Q00872	L234P
Q00872	L238R
Q00872	R392K
Q00872	V393G
Q00872	I450V
Q00872	H481Q
Q00872	V535L
Q00872	I841T
Q00872	R809C
Q3T906	F1192S
Q3T906	S1180F
Q3T906	D1152E
Q3T906	S1131F
Q3T906	T1066M
Q3T906	D1018G
Q3T906	R986H
Q3T906	R986C
Q3T906	H956Y
Q3T906	A955V
Q3T906	G871S
Q3T906	R861K
Q3T906	P835L
Q3T906	A662G
Q3T906	T644I
Q3T906	F625L
Q3T906	P584T
Q3T906	D534N
Q3T906	C505Y
Q3T906	D407A
Q3T906	I403T
Q3T906	S399F
Q3T906	F374L
Q3T906	I348L
Q3T906	R334L
Q3T906	R334Q
Q3T906	Q205P
Q3T906	V191I
Q3T906	D190V
Q3T906	W81L
Q3T906	R46Q
Q3T906	A34P
Q3T906	R8G
Q3T906	K4Q
Q2M389	N60S
Q2M389	M128I
Q2M389	A289V
Q2M389	H503R
Q2M389	T599S
Q2M389	K1079R
Q9NW08	A5V
Q9NW08	E258A
Q9NW08	A365V
Q9NW08	S370F
Q9NW08	D375V
Q9NW08	L368S
Q9NW08	T462R
Q9NW08	T503K
Q9NW08	V523E
Q9NW08	Y584C
Q9NW08	D653V
Q9NW08	T663I
Q9NW08	N700T
Q9NW08	G736A
Q9NW08	T740A
Q9NW08	A760T
Q9NW08	P925Q
Q9NW08	D926G
Q9NW08	D926E
P13051	K49R
P13051	P131L
P13051	F251S
P13051	L281F
Q9HBA0	P861S
Q9HBA0	E840K
Q9HBA0	N833S
Q9HBA0	V829E
Q9HBA0	K801E
Q9HBA0	G800D
Q9HBA0	P692R
Q9HBA0	P692L
Q9HBA0	P692S
Q9HBA0	E797D
Q9HBA0	V750I
Q9HBA0	T706I
Q9HBA0	L735R
Q9HBA0	A629T
Q9HBA0	V560I
Q9HBA0	L584P
Q9HBA0	Y591N
Q9HBA0	I571M
Q9HBA0	V562I
Q9HBA0	F524V
Q9HBA0	N440S
Q9HBA0	R446L
Q9HBA0	S403T
Q9HBA0	V365M
Q9HBA0	D333G
Q9HBA0	I331F
Q9HBA0	R316H
Q9HBA0	R316S
Q9HBA0	R316C
Q9HBA0	R315G
Q9HBA0	R315W
Q9HBA0	I300V
Q9HBA0	Y281S
Q9HBA0	G280S
Q9HBA0	E278K
Q9HBA0	K276E
Q9HBA0	F273L
Q9HBA0	R271P
Q9HBA0	G270V
Q9HBA0	R269H
Q9HBA0	R269S
Q9HBA0	R269C
Q9HBA0	L257V
Q9HBA0	V254L
Q9HBA0	V254M
Q9HBA0	R237L
Q9HBA0	R232C
Q9HBA0	A217S
Q9HBA0	R186Q
Q9HBA0	E183D
Q9HBA0	S134R
Q9HBA0	P97R
Q9HBA0	T89I
Q9HBA0	G78W
Q9HBA0	P51L
Q9HBA0	P19S
Q9HBA0	A10P
Q8TDD1	R611Q
Q8TDD1	V286M
Q8TDD1	N216S
Q8TDD1	W20R
Q99593	P434H
Q99593	R438Q
Q99593	F430S
Q99593	V412I
Q99593	R375W
Q99593	P308S
Q99593	S282F
Q99593	R279Q
Q99593	S276N
Q99593	R264K
Q99593	V257M
Q99593	S252T
Q99593	S252N
Q99593	E243D
Q99593	R237P
Q99593	R237Q
Q99593	R237W
Q99593	G235E
Q99593	A233P
Q99593	K226R
Q99593	K226E
Q99593	T223M
Q99593	L135R
Q99593	G125R
Q99593	R113K
Q99593	D111Y
Q99593	I106V
Q99593	I101F
Q99593	P85S
Q99593	P85T
Q99593	F84L
Q99593	G80R
Q99593	I54T
Q99593	Q49K
Q99593	P23H
Q99593	P14T
Q99593	E6K
Q71F56	V2194I
Q71F56	N2182S
Q71F56	S2163L
Q71F56	T2162M
Q71F56	P2094T
Q71F56	I1937L
Q71F56	M1934I
Q71F56	K1929E
Q71F56	T1923I
Q71F56	Q1877R
Q71F56	Q1725H
Q71F56	S1721F
Q71F56	D1712N
Q71F56	V1678D
Q71F56	T1663M
Q71F56	A1623V
Q71F56	T1618S
Q71F56	S1582T
Q71F56	T1571A
Q71F56	S1566L
Q71F56	P1564L
Q71F56	H1508Y
Q71F56	P1487T
Q71F56	R1466C
Q71F56	H1453P
Q71F56	T1253I
Q71F56	R1251H
Q71F56	M1202I
Q71F56	K1171R
Q71F56	T1161I
Q71F56	N1137H
Q71F56	S1076N
Q71F56	R1045C
Q71F56	A977V
Q71F56	V938I
Q71F56	P879L
Q71F56	S878F
Q71F56	P869S
Q71F56	P869T
Q71F56	T867I
Q71F56	P866L
Q71F56	M864K
Q71F56	D860G
Q71F56	K686Q
Q71F56	R637H
Q71F56	P626L
Q71F56	P462L
Q71F56	N439S
Q71F56	H428R
Q71F56	T400A
Q71F56	H375R
Q71F56	R364K
Q71F56	E332G
Q71F56	M323I
Q71F56	Y241C
Q71F56	L191F
Q71F56	E151K
Q71F56	M1V
Q9UJY1	R78M
Q9UJY1	N138T
Q9UJY1	T140I
Q9UJY1	K141M
Q9UJY1	E167K
Q9UJY1	E179Q
Q9UJY1	E185K
P45954	I105F
P45954	R325W
P45954	R325Q
P45954	E344G
P20823	M1L
P20823	M1V
P20823	G20R
P20823	G20V
P20823	G31D
P20823	E48K
P20823	G52A
P20823	N62S
P20823	A98V
P20823	P112L
P20823	Y122C
P20823	R131W
P20823	R131Q
P20823	R131L
P20823	D135A
P20823	S145F
P20823	R159W
P20823	R159Q
P20823	R200W
P20823	R200Q
P20823	R203H
P20823	W206R
P20823	G207D
P20823	A209E
P20823	I213M
P20823	P224S
P20823	R229Q
P20823	S256T
P20823	T260M
P20823	R263C
P20823	R263H
P20823	V264F
P20823	F268S
P20823	R271W
P20823	R271Q
P20823	R272C
P20823	R272H
P20823	E275V
P20823	A276G
P20823	A276D
P20823	P291S
P20823	P291Q
P20823	G339S
P20823	P447L
P20823	S487N
P20823	E508K
P20823	L555F
Q96D31	E4D
Q96D31	P17S
Q96D31	G41R
Q96D31	A42T
Q96D31	R91W
Q96D31	S97C
Q96D31	G98S
Q96D31	A103E
Q96D31	L194P
Q96D31	S218G
Q96D31	N223S
Q96D31	P245L
Q96D31	V255I
Q14232	F239V
Q14232	V183F
Q14232	K110E
Q14232	V59A
Q8IY37	I1147T
Q8IY37	T1094M
Q8IY37	L1007V
Q8IY37	V731M
Q8IY37	R674Q
Q8IY37	R674W
Q8IY37	S595F
Q8IY37	K508N
Q8IY37	N419K
Q8IY37	D382G
Q8IY37	R308Q
Q8IY37	T304M
Q8IY37	A222G
Q8IY37	S169L
Q8IY37	R93Q
Q8IY37	A61V
Q86XL3	A937T
Q86XL3	V847I
Q86XL3	R654Q
Q86XL3	S632R
Q86XL3	D625V
Q86XL3	L603F
Q86XL3	L573V
Q86XL3	D426N
Q86XL3	S288L
Q86XL3	G201W
O95452	M203V
O95452	S199T
O95452	N159S
O95452	D120N
O95452	N113K
O95452	A88V
O95452	D50H
O95452	G11R
O95452	T5M
Q13326	R116H
Q13326	L194S
Q13326	S230R
Q13326	E263K
Q13326	C283Y
Q9NZJ4	P4539S
Q9NZJ4	T4525R
Q9NZJ4	L4485S
Q9NZJ4	A4469P
Q9NZJ4	H4337D
Q9NZJ4	P4148L
Q9NZJ4	A3927P
Q9NZJ4	F4050L
Q9NZJ4	A4026D
Q9NZJ4	N4025K
Q9NZJ4	A3927V
Q9NZJ4	I3755T
Q9NZJ4	I3706V
Q9NZJ4	P3678A
Q9NZJ4	R3658W
Q9NZJ4	Q3597R
Q9NZJ4	V3369A
Q9NZJ4	W3248R
Q9NZJ4	S3100Y
Q9NZJ4	P3089L
Q9NZJ4	Y3043C
Q9NZJ4	N2983S
Q9NZJ4	R2967H
Q9NZJ4	K2958R
Q9NZJ4	S2828G
Q9NZJ4	A2782V
Q9NZJ4	A2782T
Q9NZJ4	K2709N
Q9NZJ4	L2702F
Q9NZJ4	G2664V
Q9NZJ4	P2462S
Q9NZJ4	V2403L
Q9NZJ4	I2198T
Q9NZJ4	R1992K
Q9NZJ4	H1969R
Q9NZJ4	W1946R
Q9NZJ4	D1786N
Q9NZJ4	K1716R
Q9NZJ4	D1582N
Q9NZJ4	H1382R
Q9NZJ4	S1368I
Q9NZJ4	S1197P
Q9NZJ4	P1184R
Q9NZJ4	P1184S
Q9NZJ4	K1148T
Q9NZJ4	F1054S
Q9NZJ4	V995F
Q9NZJ4	D901V
Q9NZJ4	N890S
Q9NZJ4	S832P
Q9NZJ4	H716Y
Q9NZJ4	A694T
Q9NZJ4	N675Y
Q9NZJ4	A629V
Q9NZJ4	P547L
Q9NZJ4	F495I
Q9NZJ4	A433P
Q9NZJ4	R272H
Q9NZJ4	R272C
Q9NZJ4	N232K
Q9NZJ4	I200V
Q9NZJ4	G188R
Q9NZJ4	M1T
Q9NZJ4	M1V
Q99797	R662H
Q99797	A642T
Q99797	E602K
Q99797	H248R
Q99797	N224S
Q99797	D207N
Q99797	V172M
Q99797	D120N
Q99797	R94C
P52945	E164D
P52945	N168H
P52945	E178K
P52945	E178G
Q9Y2V7	M1V
Q9Y2V7	A10T
Q9Y2V7	N22S
Q9Y2V7	C32S
Q9Y2V7	Y262C
Q9Y2V7	H300Y
Q9Y2V7	N394D
Q9Y2V7	M447T
Q9Y2V7	G549V
Q9Y2V7	L655I
A3KMH1	V1564L
A3KMH1	I1439L
A3KMH1	A1201V
A3KMH1	R668Q
A3KMH1	G408R
Q8NDN9	L388F
Q8NDN9	S342L
Q8NDN9	H325Y
Q8NDN9	V307M
Q8NDN9	D198E
Q8NDN9	E69D
Q2TAA5	M1V
Q2TAA5	N58I
Q2TAA5	L86S
Q2TAA5	N108S
Q2TAA5	Y279S
Q2TAA5	E312G
Q2TAA5	Q318P
Q9NS62	C206Y
Q8WXW3	H378P
Q8WXW3	Y503C
Q8WXW3	H523N
Q8WXW3	Y560C
Q8WXW3	D637A
Q8WXW3	I640F
Q8WXW3	R682H
Q8WXW3	H713P
O75503	R63H
O75503	C77Y
O75503	N143S
O75503	C144Y
O75503	W158S
O75503	Y209D
O75503	N251S
O75503	S263G
O75503	K319R
O95455	N298D
O95455	Y234H
O95455	A100S
O95455	F98L
O95455	E90G
O95455	M33V
O95455	G15S
Q12908	F296L
Q12908	S171A
Q12908	V98I
Q12908	R64W
P08572	P81L
P08572	R86H
P08572	R129G
P08572	P132L
P08572	G139R
P08572	V192F
P08572	R400T
P08572	A419V
P08572	P443R
P08572	K597R
P08572	G619D
P08572	P649S
P08572	G671S
P08572	G683A
P08572	K701R
P08572	P718S
P08572	G857R
P08572	G965D
P08572	G1037E
P08572	R1109Q
P08572	E1123G
P08572	G1134R
P08572	Q1150K
P08572	G1152D
P08572	G1164R
P08572	P1190L
P08572	P1286S
P08572	S1639P
P08572	S1639L
P08572	A1690T
Q8IW45	G81S
Q15835	L157P
Q15835	G199R
Q15835	T298A
Q15835	L308P
Q15835	E362K
Q15835	A377P
Q15835	V380F
Q15835	V380D
Q15835	P391H
Q15835	R438C
Q15835	R438H
Q96KN7	R86W
Q96KN7	P96Q
Q96KN7	P174R
Q96KN7	K192E
Q96KN7	S432F
Q96KN7	A547S
Q96KN7	Q589H
Q96KN7	R598Q
Q96KN7	H631R
Q96KN7	H631L
Q96KN7	G746E
Q96KN7	Y750C
Q96KN7	E800K
Q96KN7	T806I
Q96KN7	C808W
Q96KN7	L811H
Q96KN7	R827L
Q96KN7	R867W
Q96KN7	E1033Q
Q96KN7	D1114G
Q96KN7	G1227R
Q96KN7	G1240E
Q9UHI5	N284S
Q9UHI5	A139T
Q9UHI5	S29F
Q9UHI5	R8P
P13533	G1826D
P13533	G1826S
P13533	M1431I
P13533	A1366V
P13533	T1311I
P13533	A1298V
P13533	E1295Q
P13533	A1130T
P13533	V1101A
P13533	R1055Q
P13533	A964S
P13533	A936S
P13533	P830L
P13533	A822T
P13533	I820N
P13533	Q736K
P13533	R721Q
P13533	N678S
P13533	G415R
P13533	D377E
P13533	M363L
P13533	F245L
Q96EP0	E771K
Q96EP0	Y778C
Q96EP0	P914S
Q96EP0	V1036L
Q9BSI4	G433R
Q9BSI4	P289S
Q9BSI4	L287P
Q9BSI4	T284A
Q9BSI4	P283S
Q9BSI4	R282H
Q9BSI4	R282C
Q9BSI4	R282S
Q9BSI4	K280E
Q9BSI4	T248M
Q9BSI4	S245Y
Q9BSI4	P241S
Q9BSI4	G237D
Q9BSI4	P236S
Q9BSI4	Q120R
Q9BSI4	G25A
P55316	H44Q
P55316	H57Q
P55316	P61S
P55316	P63R
P55316	P66A
P55316	P69Q
P55316	P79S
P55316	Q86E
P55316	Q86K
P55316	D94A
P55316	D96G
P55316	L103Q
P55316	P108S
P55316	P108L
P55316	P109L
P55316	P112L
P55316	L116P
P55316	G126S
P55316	G128C
P55316	V140I
P55316	E144D
P55316	E146G
P55316	K157N
P55316	G168A
P55316	K181N
P55316	P182L
P55316	S185C
P55316	S185I
P55316	N187K
P55316	A188E
P55316	A188G
P55316	M191I
P55316	A193T
P55316	I194T
P55316	R195P
P55316	S197I
P55316	L204F
P55316	I211T
P55316	I211N
P55316	F215L
P55316	Y218C
P55316	G224S
P55316	G224D
P55316	I229L
P55316	R230C
P55316	R230H
P55316	N232D
P55316	N232Y
P55316	S234P
P55316	L235F
P55316	N236K
P55316	C238Y
P55316	F239L
P55316	V240G
P55316	R244C
P55316	R244H
P55316	G250D
P55316	G252V
P55316	N253D
P55316	N253K
P55316	Y254C
P55316	W255R
P55316	W255C
P55316	L257P
P55316	P259R
P55316	I266N
P55316	G267S
P55316	G271S
P55316	G271D
P55316	R274Q
P55316	G296V
P55316	A303T
P55316	S393W
P55316	C396S
P55316	S397F
P55316	V407L
P55316	N408Y
P55316	A438V
P55316	S459C
P55316	Q480R
Q8TB37	M1T
Q8TB37	G56E
Q8TB37	L104P
Q8TB37	M117I
Q8TB37	L193F
Q8TB37	F242L
Q8TB37	G56R
P25963	R314H
P25963	S283C
P25963	R264Q
P25963	G194A
P25963	N180T
P25963	P137S
P25963	G74A
P25963	K47R
P25963	S36Y
P25963	S32R
P25963	S32N
P25963	S32I
P25963	S32G
Q96L21	H86P
Q9H9P8	Y367C
Q9H9P8	P302L
Q9H9P8	N216S
Q9H9P8	Y195C
Q9H9P8	I185F
Q9H9P8	E176D
Q9H9P8	H98R
Q9H9P8	G55D
P06737	N845S
P06737	S809L
P06737	I806L
P06737	G691R
P06737	R491C
P06737	K470N
P06737	V456M
P06737	L445P
P06737	N377K
P06737	N339S
P06737	R321H
P06737	R310C
P06737	G233D
P06737	V222I
P06737	Y204C
P06737	E122K
P06737	T59K
P06737	T59M
P06737	N24K
P12644	A346V
P12644	R287H
P12644	R269Q
P12644	V152A
P12644	T132A
P12644	E93G
P12644	S76R
Q9NX78	S223I
Q9NX78	E471K
Q9H4F8	L35V
Q9H4F8	I55F
Q9H4F8	V82M
Q9H4F8	G85R
Q9H4F8	S123P
Q9H4F8	C408Y
O14678	R579Q
O14678	G486C
O14678	A241V
O14678	E368K
O14678	T350R
O14678	R348L
O14678	R348Q
O14678	R348W
O14678	A304T
O14678	T259S
O14678	Y173C
O14678	V172I
O14678	A128V
O14678	R125Q
O14678	Q59R
O14678	A4P
Q14767	C1438Y
Q14767	R1429Q
Q14767	T1401A
Q14767	C1222F
Q14767	V1177M
Q14767	G1088S
Q14767	D736N
Q14767	I667L
Q14767	S518I
Q14767	R495Q
Q14767	E437K
Q14767	P319Q
Q14767	P262L
Q14767	R37M
Q8TD19	L962F
Q8TD19	P828T
Q8TD19	R786Q
Q8TD19	R681H
Q8TD19	G572V
Q8TD19	I573T
Q8TD19	Y502C
Q8TD19	A376T
Q8TD19	L303P
Q8TD19	I167T
Q8TD19	D84N
Q8TD19	G43A
Q8TD19	S20N
Q9UPI3	L224V
Q9UPI3	R243W
Q9UPI3	P279S
Q9UPI3	A302D
Q9UPI3	A326V
Q9UPI3	L398V
Q9UPI3	T430M
Q9UPI3	T430R
Q9UPI3	A481T
P10600	C409Y
P10600	R300Q
P10600	R300W
P10600	P276S
P10600	A149E
P10600	V65I
P10600	T60M
P10600	H34R
Q96FT9	M1V
Q96FT9	M1K
Q96FT9	W174R
Q9UKY4	W748S
Q9UKY4	W748R
Q9UKY4	G726E
Q9UKY4	N513D
Q9UKY4	R421Q
Q9UKY4	V373F
Q9UKY4	G353S
Q9UKY4	G246D
Q9UKY4	D218N
Q9UKY4	M144R
Q9UKY4	D104V
O43708	V99M
Q9UBX5	S227P
Q9UBX5	C217R
Q9UBX5	T141I
Q8NFF2	T78A
Q8NFF2	A146V
Q8NFF2	V219M
Q8NFF2	K260E
Q8NFF2	Y300C
Q8NFF2	N359K
Q8NFF2	S499C
Q8NFF2	A510V
Q8NFF2	R585Q
Q8NFF2	V613I
Q86U17	A374D
Q86U17	E366K
Q86U17	H358R
Q86U17	K355R
Q86U17	S343A
Q86U17	T320P
Q86U17	K298N
Q86U17	E288V
Q86U17	D280V
Q86U17	L278P
Q86U17	M245I
Q86U17	P243S
Q86U17	L65P
Q86U17	F57L
Q86U17	M1V
Q9UPY3	L1827P
Q9UPY3	D1822G
Q9UPY3	D1822V
Q9UPY3	S1814L
Q9UPY3	K1759R
Q9UPY3	D1713V
Q9UPY3	D1709Y
Q9UPY3	D1709N
Q9UPY3	G1708E
Q9UPY3	S1637L
Q9UPY3	S1631A
Q9UPY3	R1599Q
Q9UPY3	L1583R
Q9UPY3	Q1580H
Q9UPY3	S1495L
Q9UPY3	G1284A
Q9UPY3	D1276E
Q9UPY3	L1143P
Q9UPY3	N1131S
Q9UPY3	L881P
Q9UPY3	D873H
Q9UPY3	A872T
Q9UPY3	I853V
Q9UPY3	V680I
Q9UPY3	D609Y
Q9UPY3	M605V
Q9UPY3	I561V
Q9UPY3	E338A
Q9UPY3	S295C
Q9UPY3	G162D
Q9UPY3	A20V
P23381	D314G
P23381	H257R
P23381	F138Y
P23381	L9V
Q9BSI4	R56H
Q9BSI4	L57P
Q9BSI4	G73S
Q9BSI4	G73V
Q9BSI4	L128P
Q9BSI4	L132P
Q9BSI4	L132R
Q9BSI4	S186P
Q8N142	M1L
Q8N142	D261N
Q8N142	G292S
Q8N142	W124S
Q8N142	L364P
Q9BV79	P292H
Q9BV79	V75M
Q7RTP0	T45R
Q7RTP0	G106R
Q7RTP0	A150S
Q7RTP0	L170V
Q7RTP0	Q244R
Q13064	C109Y
Q13064	G142A
Q13064	R328C
Q13064	R365S
Q13064	A440T
Q13064	P486R
P31644	V204I
P31644	V294F
P31644	V294L
P31644	T301R
P31644	S413F
Q04671	V834M
Q04671	A787V
Q04671	A787E
Q04671	A787T
Q04671	G782R
Q04671	G780D
Q04671	C777Y
Q04671	G775D
Q04671	P743L
Q04671	I722T
Q04671	E671V
Q04671	A658V
Q04671	G657R
Q04671	H615R
Q04671	R560H
Q04671	W554R
Q04671	N489D
Q04671	P487H
Q04671	N476S
Q04671	R455K
Q04671	L440S
Q04671	L429P
Q04671	R419Q
Q04671	M394I
Q04671	G359R
Q04671	R352S
Q04671	A336V
Q04671	R305W
Q04671	R266W
Q04671	P241R
Q04671	S195G
Q04671	H78Y
Q04671	G13S
Q9Y2M0	L109S
Q9Y2M0	S186Y
Q9Y2M0	G233E
Q9Y2M0	E240K
Q9Y2M0	R377W
Q9Y2M0	M393V
Q9Y2M0	E437G
Q7Z4N2	V1560M
Q7Z4N2	H1498Q
Q7Z4N2	R1479H
Q7Z4N2	T1428M
Q7Z4N2	R1444G
Q7Z4N2	R1422C
Q7Z4N2	V1395I
Q7Z4N2	P1379T
Q7Z4N2	T1314M
Q7Z4N2	R1305H
Q7Z4N2	T1291M
Q7Z4N2	E1281K
Q7Z4N2	N1229T
Q7Z4N2	D1036E
Q7Z4N2	C1030Y
Q7Z4N2	R928Q
Q7Z4N2	S709L
Q7Z4N2	A695P
Q7Z4N2	R624H
Q7Z4N2	R624C
Q7Z4N2	V605M
Q7Z4N2	G543R
Q7Z4N2	M465K
Q7Z4N2	G426R
Q7Z4N2	P407T
Q7Z4N2	P399T
Q7Z4N2	G256R
Q7Z4N2	V253M
Q7Z4N2	L236P
Q7Z4N2	G172C
Q7Z4N2	G105E
Q7Z4N2	G65R
Q7Z4N2	S32N
Q7Z4N2	M1I
Q7Z4N2	M1T
Q9UHW9	S471T
Q9UHW9	R207H
Q9UHW9	D107N
Q9UHW9	M1V
Q7Z699	M1V
Q7Z699	M1I
Q7Z699	D9V
Q7Z699	N10K
Q7Z699	R24Q
Q7Z699	V44D
Q7Z699	I94M
Q7Z699	T102K
Q7Z699	T102R
Q7Z699	S149N
Q7Z699	C296R
Q7Z699	S333A
Q7Z699	D398N
Q7Z699	C429R
O60566	V4M
O60566	T40M
O60566	L258F
O60566	R349Q
O60566	E390D
O60566	R550Q
O60566	V618A
O60566	R814H
Q8IWY9	P1130L
Q8IWY9	R1065Q
Q8IWY9	R1042W
Q8IWY9	R946W
Q8IWY9	I917S
Q8IWY9	Q913L
Q8IWY9	R891C
Q8IWY9	F868I
Q8IWY9	A787V
Q8IWY9	R725W
Q8IWY9	R714W
Q8IWY9	A689E
Q8IWY9	R687C
Q8IWY9	P672L
Q8IWY9	G657S
Q8IWY9	T656S
Q8IWY9	N599S
Q8IWY9	Q596R
Q8IWY9	E356K
Q8IWY9	A148V
Q8IWY9	R129H
Q8IWY9	Q107L
Q8IWY9	F52L
Q7Z6J6	M1T
Q7Z6J6	T181M
Q9H5Q4	M1L
Q9H5Q4	M1V
Q9H5Q4	M1R
Q9H5Q4	M1T
Q9H5Q4	M1I
Q00796	A153D
Q00796	Q239L
Q00796	P357L
Q9NRD8	Y1286H
Q9NRD8	S1067L
Q9NRD8	R1039W
Q9NRD8	M1019V
Q9NRD8	E1017G
Q9NRD8	P982A
Q9NRD8	E902K
Q9NRD8	A728T
Q9NRD8	R701Q
Q9NRD8	H678R
Q9NRD8	P596S
Q9NRD8	G488R
Q9NRD8	N476K
Q9NRD8	R376W
Q9NRD8	V330G
Q9NRD8	P234S
Q9NRD8	L171P
Q9NRD8	P138L
P50440	R415Q
P50440	R413W
P50440	P320S
P50440	Y203S
P50440	T136M
P50440	Q110H
P50440	A86S
Q13621	A139T
Q13621	A232V
Q13621	C475Y
Q13621	A508T
Q13621	A733V
Q13621	A737V
Q13621	V958A
Q13621	G977S
Q6ZMI3	L20P
Q6ZMI3	L29P
Q6ZMI3	A32E
Q6ZMI3	P140L
Q6ZMI3	G343S
Q6ZMI3	L365F
Q6ZMI3	A475P
Q6ZMI3	F476L
Q6ZMI3	R479P
Q3MJ13	Q981R
Q3MJ13	L841Q
Q3MJ13	S833A
Q3MJ13	L819F
Q3MJ13	K781E
Q3MJ13	S580L
Q3MJ13	Q479H
Q3MJ13	K399Q
Q3MJ13	P306L
Q3MJ13	M100V
P51159	Y159H
P51159	A152P
P51159	L130P
P51159	R82C
P51159	S56N
Q92521	R71Q
Q92521	D155H
Q92521	R232H
Q92521	V286L
Q92521	A388P
Q99081	E113D
Q99081	A174V
Q99081	G300S
Q99081	L483R
Q99081	R589H
O94788	R412Q
P11150	V95M
P11150	A195T
P11150	N215S
P11150	Q355R
P11150	F356L
Q12965	L687S
Q12965	R523W
Q12965	I288V
Q12965	D185G
Q12965	A159P
Q96DP5	S293N
Q96DP5	I283V
Q96DP5	R266C
Q96DP5	L223M
Q96DP5	S209L
Q96DP5	A201T
Q96DP5	P151L
Q96DP5	V145G
Q96DP5	S125L
Q96DP5	Y118C
Q96DP5	F58I
Q96DP5	R6G
Q96DP5	V5A
O43541	D21N
O43541	S27G
O43541	P47S
O43541	R75Q
O43541	G154D
O43541	P257L
O43541	S296F
O43541	A319V
O43541	A335E
O43541	F357I
O43541	G365S
O43541	C484F
Q02241	N48S
Q02241	Q77R
Q02241	I230M
Q02241	L252H
Q02241	D648E
Q9Y5X4	K26Q
Q9Y5X4	G56R
Q9Y5X4	R76W
Q9Y5X4	G88V
Q9Y5X4	R97H
Q9Y5X4	R104W
Q9Y5X4	R104Q
Q9Y5X4	V118M
Q9Y5X4	E121K
Q9Y5X4	R125Q
Q9Y5X4	E140G
Q9Y5X4	M163T
Q9Y5X4	P188R
Q9Y5X4	V232I
Q9Y5X4	A256E
Q9Y5X4	V302I
Q9Y5X4	R309L
Q9Y5X4	R311Q
Q9Y5X4	E332Q
Q9Y5X4	V342A
Q9Y5X4	Q346H
Q9Y5X4	H361R
Q9Y5X4	M400K
Q9Y5X4	D406G
Q9Y3Q4	R1196H
Q9Y3Q4	P1117L
Q9Y3Q4	M1113V
Q9Y3Q4	P1063T
Q9Y3Q4	A944V
Q9Y3Q4	S891L
Q9Y3Q4	P890S
Q9Y3Q4	A886V
Q9Y3Q4	P883R
Q9Y3Q4	S841L
Q9Y3Q4	T822M
Q9Y3Q4	A765G
Q9Y3Q4	S672R
Q9Y3Q4	S568T
Q9Y3Q4	D491H
Q9Y3Q4	D491N
Q9Y3Q4	G482R
Q9Y3Q4	Y481H
Q9Y3Q4	G480V
Q9Y3Q4	G480S
Q9Y3Q4	G480R
Q9Y3Q4	T113M
Q9Y3Q4	G36E
Q9BX79	R655H
Q9BX79	T644M
Q9BX79	R638P
Q9BX79	G635S
Q9BX79	A591T
Q9BX79	P579A
Q9BX79	D560H
Q9BX79	M527I
Q9BX79	L464R
Q9BX79	Q438R
Q9BX79	A429P
Q9BX79	R408Q
Q9BX79	T321P
Q9BX79	V316M
Q9BX79	P293L
Q9BX79	A123P
Q9BX79	P90L
Q9BX79	S58L
Q9BX79	P88S
Q9BX79	G31S
P05108	V415E
P05108	Q364R
P05108	A359V
P05108	R353W
P05108	M323K
P05108	L222P
P05108	E217A
P05108	A189V
P05108	V179I
P05108	L141W
Q96ST3	M1156L
Q96ST3	L669H
Q96ST3	L669F
Q96ST3	K448R
Q96ST3	T350S
Q96ST3	I288V
Q96ST3	P279L
Q96ST3	P68S
P13804	I329L
P13804	T266M
P13804	V194M
P13804	T171I
P13804	V157G
P13804	G116R
O75838	K175Q
O75838	D150N
O75838	I123T
O75838	C99W
O75838	F91S
O75838	R66W
O75838	E64D
P50213	D139E
P50213	A175V
P50213	K177R
P50213	M204I
P50213	M239T
P50213	R316C
Q6P4I2	H347Y
Q6P4I2	G310R
Q6P4I2	G295D
Q6P4I2	R256Q
Q6P4I2	V141I
Q6P4I2	L98P
Q6P4I2	R96K
Q6P4I2	R77C
Q6P4I2	L23Q
Q9NVI1	M1T
Q9NVI1	P55L
Q9NVI1	A86V
Q9NVI1	E96K
Q9NVI1	V290M
Q9NVI1	V372I
Q9NVI1	I404T
Q9NVI1	G422R
Q9NVI1	L605F
Q9NVI1	L631F
Q9NVI1	I671V
Q9NVI1	Q686K
Q9NVI1	C742S
Q9NVI1	C750R
Q9NVI1	A797V
Q9NVI1	H858Y
Q9NVI1	E868D
Q9NVI1	I877L
Q9NVI1	K939N
Q9NVI1	R944S
Q9NVI1	L969F
Q9NVI1	C1014Y
Q9NVI1	T1114I
Q9NVI1	R1285Q
Q9NVI1	I1289V
Q2M1P5	N1060S
Q2M1P5	G1005R
Q2M1P5	S958I
Q2M1P5	L813P
Q2M1P5	E779Q
Q2M1P5	G725S
Q2M1P5	V693F
Q2M1P5	Q692E
Q2M1P5	P632L
Q2M1P5	E629K
Q2M1P5	A513P
Q2M1P5	A477T
Q2M1P5	A397T
Q2M1P5	R387S
Q2M1P5	T368A
Q2M1P5	D52N
Q2M1P5	R17W
P48735	H430Y
P48735	A347T
P48735	V335I
P48735	V297A
P48735	R261H
P48735	R172S
P48735	R172K
P48735	R172M
P48735	R172G
P48735	R172W
P48735	R140L
P48735	R140Q
P48735	R140G
Q9NPE2	K139E
Q9NPE2	D267G
Q9H267	C576R
Q9H267	G514S
Q9H267	R389Q
Q9H267	A281G
Q9H267	L30P
P08069	R40C
P08069	E121K
P08069	V388M
P08069	R437H
P08069	V492I
P08069	A578T
P08069	S621L
P08069	Y644C
P08069	R650Q
P08069	P853L
P08069	N857S
P08069	M1054I
P08069	G1152R
P08069	G1155D
P08069	S1180Y
P08069	E1283K
P47895	R15G
P47895	H41Q
P47895	V71M
P47895	R89C
P47895	R96H
Q9Y4R8	A11T
Q9Y4R8	G25D
Q9Y4R8	H80N
Q9Y4R8	V193A
Q9Y4R8	E229G
Q9Y4R8	P278A
Q9Y4R8	S317N
Q9Y4R8	L435F
Q9Y4R8	S442C
Q9Y4R8	A511V
Q9Y4R8	V515F
Q9Y4R8	R607W
Q9Y4R8	R609H
Q9Y4R8	R675W
Q9Y4R8	D763N
Q96RY7	E1437K
Q96RY7	R1433H
Q96RY7	R1405Q
Q96RY7	L1399P
Q96RY7	C1360R
Q96RY7	A1330T
Q96RY7	G1276E
Q96RY7	I1248T
Q96RY7	A1070V
Q96RY7	G857S
Q96RY7	L777R
Q96RY7	P726L
Q96RY7	G704S
Q96RY7	P670S
Q96RY7	E664K
Q96RY7	N645D
Q96RY7	D640N
Q96RY7	S626P
Q96RY7	R621Q
Q96RY7	D613N
Q96RY7	V611I
Q96RY7	S561N
Q96RY7	L514H
P35858	R548W
P35858	C540R
P35858	R509H
P35858	P498S
P35858	P307L
P35858	N276S
P35858	E198V
P35858	L97F
P35858	A43V
P55789	K90R
P55789	K90N
P55789	F166L
P55789	H172N
P55789	D187Y
P55789	R194H
O75157	M1I
O75157	K7R
O75157	R197K
O75157	Q373H
O75157	L426V
O75157	A460T
O75157	T584M
O75157	V591I
O75157	A678T
O75157	V709F
O75157	L733P
Q99758	E1701K
Q99758	Q1591P
Q99758	L1553P
Q99758	R1474W
Q99758	G1302E
Q99758	L1226P
Q99758	V1056I
Q99758	L960F
Q99758	H778R
Q99758	R605Q
Q99758	R589Q
Q99758	N568D
Q99758	L101P
Q99758	W78S
Q99758	R43H
P41002	G86E
P41002	S195R
P41002	R392T
P41002	E396D
P41002	R406Q
P41002	F604I
P41002	S621G
P41002	E624K
P41002	R691Q
P41002	V714M
P41002	Q737L
Q86W42	G46R
Q86W42	W100R
Q86W42	Q204P
Q86W42	N219H
Q86W42	G275D
Q96AJ1	A68S
Q96AJ1	M113R
Q96AJ1	L273F
Q96AJ1	K307Q
Q9NPG3	L290V
Q9NPG3	L623F
Q9NPG3	L786M
Q9NPG3	A832P
Q92889	V81F
Q92889	R153P
Q92889	L230P
Q92889	C236R
Q92889	R415Q
Q92889	E448Q
Q92889	R589W
Q92889	S662P
Q92889	R689S
Q92889	I873V
Q92889	E875G
Q92889	E883K
O95453	G581R
O95453	V564I
O95453	K421R
O95453	A383V
O95453	S368C
O95453	V293I
O95453	K59R
P35749	R1275L
P35749	D1235E
P35749	A1202T
P35749	A1104T
P35749	D1073N
P35749	E1061D
P35749	P758T
P35749	A334S
P35749	G290R
P35749	P127S
P35749	E11D
P35749	M1V
Q99807	D42H
Q99807	R46W
Q99807	V79I
Q99807	T103M
Q99807	V141E
Q99807	H182R
P51168	A61T
P51168	P267L
P51168	N288S
P51168	P369T
P51168	R388C
P51168	R397L
P51168	G442V
P51168	E539K
P51168	R563Q
P51168	G589S
P51168	T594M
P51168	P616R
P51168	P616L
P51168	P617S
P51168	P618S
P51168	Y620H
P51168	L628Q
P83436	A618T
P83436	T605M
P83436	R573Q
P83436	V279I
P83436	M1T
Q12789	P2014T
Q12789	Q1889E
Q12789	R1858G
Q12789	E1366K
Q13286	D416G
Q13286	H404R
Q13286	Q352H
Q13286	R341H
Q13286	S335Y
Q13286	R334H
Q13286	R334C
Q13286	V330F
Q13286	E295K
Q13286	G189R
Q13286	G187A
Q13286	L170P
Q13286	G165E
Q13286	A158P
Q13286	I105V
Q13286	L101P
Q13286	R24Q
Q13286	R8Q
Q13286	M1T
Q13286	M1V
Q13286	M1L
P15391	M16T
P15391	W52C
P15391	G92W
P15391	L174V
P15391	R514H
Q14807	E13D
Q14807	I33T
Q14807	P148S
Q14807	P148Q
Q14807	P148L
Q14807	R149L
Q14807	R149Q
Q14807	R257Q
Q14807	R264H
Q14807	R198Q
Q14807	R466Q
Q14807	D594N
Q7Z6L0	G13R
Q7Z6L0	A39T
Q7Z6L0	S79L
Q7Z6L0	S100N
Q7Z6L0	Q122K
Q7Z6L0	P138A
Q7Z6L0	P140S
Q7Z6L0	D147H
Q7Z6L0	E194K
Q7Z6L0	P215R
Q7Z6L0	P216H
Q7Z6L0	P216L
Q7Z6L0	R227G
Q7Z6L0	G237R
Q7Z6L0	R240Q
Q7Z6L0	G258E
Q7Z6L0	R266Q
Q7Z6L0	S275P
Q7Z6L0	P279A
Q7Z6L0	W281R
Q7Z6L0	A291D
Q7Z6L0	A306P
Q7Z6L0	A306V
Q7Z6L0	S317N
Q7Z6L0	G324R
Q7Z6L0	G324E
Q7Z6L0	G324A
Q7Z6L0	V333I
O95947	R378H
O95947	P337L
O95947	G162S
O95947	R156L
O95947	D142Y
O95947	L140F
Q9H2F3	H24R
Q9H2F3	R35G
Q9H2F3	E147K
Q9H2F3	T250A
Q9H2F3	A286T
Q9H2F3	L347P
P61266	G275R
P61266	R261Q
P61266	S239P
P61266	G226R
P61266	V216E
P61266	C144F
P61266	R115P
P61266	S98N
P61266	E38Q
Q96C12	S41G
Q96C12	A110T
Q96C12	L156F
Q96C12	G418A
Q96C12	R357C
Q96C12	R382H
Q96C12	Q408R
Q96C12	P559L
Q96C12	A776T
Q96C12	G798A
Q9Y5N6	M1V
Q9Y5N6	Y79N
Q9Y5N6	Y232S
Q8TD30	R134C
Q8TD30	S153R
Q8TD30	N271T
Q8TD30	P392L
Q8TD30	E400Q
Q8TD30	D422Y
Q8TD30	V479M
Q8TD30	A523V
Q93100	R131C
Q93100	Y167C
Q93100	M185I
Q93100	V762I
Q93100	Y770C
Q93100	E820V
Q93100	R1041W
Q9HC29	G5R
Q9HC29	E43K
Q9HC29	E72K
Q9HC29	L81V
Q9HC29	P125L
Q9HC29	S127L
Q9HC29	A140T
Q9HC29	W157R
Q9HC29	P173L
Q9HC29	A192V
Q9HC29	P209S
Q9HC29	P268S
Q9HC29	T307M
Q9HC29	R334W
Q9HC29	R334Q
Q9HC29	L349F
Q9HC29	H352R
Q9HC29	D382E
Q9HC29	E383K
Q9HC29	R391C
Q9HC29	R391H
Q9HC29	R393C
Q9HC29	R393H
Q9HC29	P427L
Q9HC29	L469F
Q9HC29	R471C
Q9HC29	C495Y
Q9HC29	H496L
Q9HC29	M513T
Q9HC29	R587C
Q9HC29	A612S
Q9HC29	S657G
Q9HC29	N670K
Q9HC29	R684W
Q9HC29	R708H
Q9HC29	A725G
Q9HC29	V733L
Q9HC29	R756Q
Q9HC29	R790Q
Q9HC29	V793M
Q9HC29	V816I
Q9HC29	D824N
Q9HC29	M863V
Q9HC29	I939V
Q9HC29	V955I
Q68CZ1	R1310G
Q68CZ1	D1264N
Q68CZ1	D1249Y
Q68CZ1	A1183G
Q68CZ1	T1143S
Q68CZ1	Q1132R
Q68CZ1	G1025S
Q68CZ1	R744Q
Q68CZ1	A695P
Q68CZ1	T677I
Q68CZ1	S659P
Q68CZ1	T615P
Q68CZ1	G603D
Q68CZ1	Q550R
Q68CZ1	H374Y
Q68CZ1	A229T
Q68CZ1	R69H
Q68CZ1	G25V
Q9C0B1	A134T
Q9C0B1	D144N
Q9C0B1	G182A
Q9C0B1	R316Q
Q9C0B1	S319F
Q9C0B1	E325V
Q9C0B1	A405V
Q9BXC9	R632P
Q9BXC9	A504V
Q9BXC9	R413Q
Q9BXC9	N354K
Q9BXC9	S332N
Q9BXC9	Y317C
Q9BXC9	I289V
Q9BXC9	V269G
Q9BXC9	D174E
Q9BXC9	G139V
Q9BXC9	I123V
Q9BXC9	D104A
Q9BXC9	D90G
Q9BXC9	V75G
Q9BXC9	S70N
Q9BXC9	K39N
Q8N1F7	T239M
Q8N1F7	Q264E
Q8N1F7	R486C
Q8N1F7	V570E
Q8N1F7	I583M
Q8N1F7	G591V
Q8N1F7	Y629C
Q8N1F7	K633Q
Q8N1F7	K637E
Q8N1F7	E779K
Q8N1F7	R781H
Q9Y653	R38W
Q9Y653	R38Q
Q9Y653	R79Q
Q9Y653	Y88C
Q9Y653	H89Y
Q9Y653	C91S
Q9Y653	S214L
Q9Y653	E256D
Q9Y653	S281R
Q9Y653	G282R
Q9Y653	Q306H
Q9Y653	C346S
Q9Y653	D457G
Q9Y653	M493T
Q9Y653	R565W
Q9Y653	W623S
Q9Y653	S478F
Q9BVA0	M1V
Q9BVA0	G33W
Q9BVA0	T73A
Q9BVA0	V316M
Q9BVA0	P452S
Q9BVA0	S535L
Q9BVA0	L540R
Q14028	P1243L
Q14028	P1186S
Q14028	P1176L
Q14028	G993V
Q14028	A961V
Q14028	A961S
Q14028	V952M
Q14028	K911R
Q14028	R894H
Q14028	P852L
Q14028	Y832C
Q14028	E774K
Q14028	R765L
Q14028	R762H
Q14028	R762C
Q14028	L745I
Q14028	R677C
Q14028	P650L
Q14028	P607L
Q14028	T556M
Q14028	V535A
Q14028	S508L
Q14028	P485L
Q14028	M480L
Q14028	D402N
Q14028	A241T
Q14028	G238S
Q14028	T212I
Q14028	A190T
Q14028	L147R
Q14028	P125L
Q14028	R100H
Q14028	R86Q
Q9ULV5	A19D
Q9ULV5	I86V
Q9ULV5	L114P
Q9ULV5	R116H
Q9ULV5	R118W
Q9ULV5	R119C
Q9ULV5	R132C
Q9ULV5	R175G
Q9ULV5	M212I
Q9ULV5	A331T
Q9ULV5	L376P
Q9ULV5	P439S
Q9ULV5	I472V
Q9ULV5	P492H
Q9H6T0	A701T
Q9H6T0	R325H
Q9NVM4	R32T
Q9NVM4	R360H
Q9NVM4	R387G
Q9NVM4	S573N
Q9NVM4	T667A
Q9P2E7	M1V
Q9P2E7	M1R
Q9P2E7	M1T
Q9P2E7	M1I
Q9P2E7	P373L
Q9P2E7	E388K
Q9P2E7	G693S
P49588	K967M
P49588	F958S
P49588	G931S
P49588	K820R
P49588	S769T
P49588	T726M
P49588	V666I
P49588	T562I
P49588	R329C
P49588	D289N
P49588	G275D
P49588	P234S
P49588	F110L
P49588	G102R
P49588	K81T
P49588	N71Y
P49588	N43S
P49588	E22K
Q9H9E3	A644P
Q9H9E3	F501L
Q9H9E3	Q445K
Q9H9E3	A516T
Q9H9E3	G512R
Q9H9E3	F372L
Q9H9E3	R233C
Q9H9E3	P354T
Q9H9E3	R194C
Q9H9E3	T158I
Q08AM6	S770N
Q08AM6	S583L
Q08AM6	A582S
Q08AM6	I120V
Q08AM6	L89F
Q93075	G114S
Q93075	M1V
Q92620	E301K
Q92620	R324Q
Q92620	T492M
Q92620	R511S
Q92620	P777S
Q92620	T1221M
Q7L5A8	T363P
Q7L5A8	P323L
Q7L5A8	Y317D
Q7L5A8	D312Y
Q7L5A8	G304S
Q7L5A8	V283I
Q7L5A8	R269H
Q7L5A8	T207M
Q7L5A8	R197Q
Q7L5A8	P173S
Q7L5A8	P148L
Q7L5A8	P97A
Q7L5A8	G45W
Q7L5A8	P44Q
Q7L5A8	P44S
Q7L5A8	F39L
Q7L5A8	M1T
Q86WU2	T463M
Q86WU2	E449K
Q86WU2	R443S
Q86WU2	W374C
Q86WU2	R370W
Q9H6L2	L310V
Q9H6L2	D309E
Q9H6L2	Q272P
Q9H6L2	D240G
Q9H6L2	V222I
Q9H6L2	A157V
Q9H6L2	L118V
Q9H6L2	W83G
Q9H6L2	R91G
Q9H6L2	N90T
Q9H6L2	R44W
Q9H6L2	A24T
Q9H6L2	L6V
Q9NZC7	H46Y
Q9NZC7	P47T
Q9NZC7	P47R
Q9NZC7	D58N
Q9NZC7	P98L
Q9NZC7	R120W
Q9NZC7	R156S
Q9NZC7	A179T
Q9NZC7	T181I
Q9NZC7	D183N
Q9NZC7	H205N
Q9NZC7	L216V
Q9NZC7	Q230P
Q9NZC7	P252A
Q9NZC7	R279C
Q9NZC7	P282A
Q9NZC7	R314H
Q9NZC7	L341M
Q9HAY6	G472A
Q9HAY6	A530T
A6NNN8	V431I
A6NNN8	T427M
A6NNN8	G412R
A6NNN8	G343R
A6NNN8	M321L
A6NNN8	S305P
A6NNN8	V236D
A6NNN8	E233G
A6NNN8	E233K
A6NNN8	V221D
A6NNN8	I32S
A6NNN8	T5I
Q02556	T80A
Q02556	T96M
Q02556	K108E
Q02556	V124M
Q02556	G139S
Q02556	Y242H
Q02556	G272R
Q99958	A189E
Q99958	D202A
Q99958	P402L
Q99958	N455S
Q99958	Y488C
Q92508	K2502R
Q92508	R2456H
Q92508	P2430L
Q92508	D2414N
Q92508	I2265V
Q92508	R2245Q
Q92508	A2227T
Q92508	M2225R
Q92508	V2171F
Q92508	T2127M
Q92508	K2070Q
Q92508	A2020T
Q92508	R1915S
Q92508	E1910K
Q92508	R1876K
Q92508	P1857S
Q92508	T1851M
Q92508	E1839K
Q92508	G1821S
Q92508	L1805F
Q92508	A1666V
Q92508	D1605N
Q92508	N1585S
Q92508	R1527H
Q92508	G1492D
Q92508	R1462Q
Q92508	E1430D
Q92508	P1398L
Q92508	P1397L
Q92508	R1358P
Q92508	V1310I
Q92508	V1223I
Q92508	S1117L
Q92508	D1066G
Q92508	P152L
Q92508	D88G
Q92508	I83T
Q6XQN6	V124G
Q6XQN6	M1I
Q6XQN6	M1T
Q6XQN6	M1V
Q15131	T242S
Q5VIR6	S799L
Q5VIR6	Q695R
Q5VIR6	I688V
Q5VIR6	L328I
Q5VIR6	P231L
Q12965	R131C
Q9BT40	T305M
Q9BT40	Y300C
Q9BT40	P289L
Q9BT40	P286A
Q9BT40	D269N
Q9BT40	G215R
Q9BT40	V143I
Q9BT40	G140S
Q9BT40	M93V
Q9BT40	S57A
Q9BT40	I50T
Q9BT40	V23M
Q6P2Q9	Y2334N
Q6P2Q9	E2331K
Q6P2Q9	F2314S
Q6P2Q9	R2310K
Q6P2Q9	R2310G
Q6P2Q9	H2309P
Q6P2Q9	H2309R
Q6P2Q9	F2304L
Q6P2Q9	P2301S
Q6P2Q9	P2301T
Q6P2Q9	S2264L
Q6P2Q9	S2118F
Q6P2Q9	R1935H
Q6P2Q9	T1931M
Q6P2Q9	V1785I
Q6P2Q9	R1578Q
Q6P2Q9	T1493A
Q6P2Q9	T1297K
Q6P2Q9	S1176F
Q9BZG8	M1K
Q9BZG8	K38T
Q9BZG8	Y107C
Q9BZG8	L125F
Q9BZG8	T157I
Q9BZG8	L159P
Q9BZG8	L229P
Q9BZG8	P244R
Q9BZG8	A282S
Q9BZG8	V338L
Q9BZG8	P417T
Q8NET8	T774I
Q8NET8	W692G
Q8NET8	L673F
Q8NET8	Q645H
Q8NET8	A628T
Q8NET8	Q580P
Q8NET8	G573V
Q8NET8	G573C
Q8NET8	G573S
Q8NET8	G568V
Q8NET8	G568D
Q8NET8	V552M
Q8NET8	L541S
Q8NET8	M479L
Q8NET8	T476M
Q8NET8	L473F
Q8NET8	R369W
Q8NET8	I360L
Q8NET8	E355K
Q8NET8	A349T
Q8NET8	M320V
Q8NET8	R319H
Q8NET8	R319C
Q8NET8	E285K
Q8NET8	D198N
Q8NET8	N180K
Q8NET8	V132A
Q8NET8	V132M
Q8NET8	V127A
Q8NET8	R117G
Q8NET8	A32G
Q8NET8	I25V
P07359	C33S
P07359	R36G
P07359	N57K
P07359	L73F
P07359	L86F
P07359	L115P
P07359	L136P
P07359	G138V
P07359	N150S
P07359	T161M
P07359	A172V
P07359	C225S
P07359	G249S
P07359	G249V
P07359	M255V
P07359	P411L
P13929	N71S
P13929	A76P
P13929	V85A
P13929	V332I
P13929	R403H
Q9NZN9	P376S
Q9NZN9	P335H
Q9NZN9	A273E
Q9NZN9	A273T
Q9NZN9	R272P
Q9NZN9	G262S
Q9NZN9	R258P
Q9NZN9	C239R
Q9NZN9	A197P
Q9NZN9	A128V
Q9NZN9	G122R
Q9NZN9	T114I
Q9NZN9	V96I
Q9NZN9	D90H
Q9NZN9	C89R
Q9NZN9	R80W
Q9NZN9	V71F
Q9NZN9	G64R
Q9NZN9	L17P
Q86YT5	L492P
Q86YT5	L471P
Q86YT5	S427L
Q86YT5	L262P
Q86YT5	T227M
Q86YT5	G219R
Q86YT5	T142M
Q86YT5	L111R
Q86YT5	P68S
O75352	L74S
O75352	G104S
O75352	L119P
O75352	Q126P
O75352	A135P
O75352	V218L
O75352	S221C
O75352	G225S
O75352	A229T
O14683	V173A
O14683	V173L
O14683	V173M
O14683	L145Q
O14683	L111R
O14683	G108S
O14683	F54L
O14683	P8L
Q9BYE0	D186Y
Q9BYE0	R127L
Q9BYE0	I58V
Q9BYE0	N29S
Q9BYE0	R25W
P11055	R1797H
P11055	A1752S
P11055	A1752T
P11055	A1703V
P11055	T1692A
P11055	K1558R
P11055	E1549Q
P11055	K1484R
P11055	V1453A
P11055	T1313I
P11055	E1273K
P11055	A1244V
P11055	A1198T
P11055	A1192T
P11055	A1170E
P11055	R1150Q
P11055	E1149Q
P11055	R1137C
P11055	R1130H
P11055	R1130G
P11055	Q1090P
P11055	Q1075P
P11055	A1003V
P11055	L874P
P11055	K838Q
P11055	V825D
P11055	L700P
P11055	R672H
P11055	R672C
P11055	F645C
P11055	S613F
P11055	Y583S
P11055	Y502D
P11055	Y387C
P11055	T333R
P11055	F287V
P11055	Y284D
P11055	L268P
P11055	S261F
P11055	T236P
P11055	A234T
P11055	T178I
P11055	E138K
P11055	N127D
P11055	M91L
Q9BQ52	S627L
Q9BQ52	E622V
Q9BQ52	A541T
Q9BQ52	T520I
Q9BQ52	S490A
Q9BQ52	R464W
Q9BQ52	L423F
Q9BQ52	M343R
Q9BQ52	E310A
Q9BQ52	V234I
Q9BQ52	S217L
Q9BQ52	F154L
Q9BQ52	S52F
Q9BQ52	P32R
Q12887	M1T
Q12887	T28I
Q12887	T62S
Q12887	Y97C
Q12887	R142Q
Q12887	R159Q
Q12887	T196K
Q12887	N204K
Q12887	T221A
Q12887	P225L
Q12887	D336G
Q12887	D336V
Q12887	R409W
Q6GV28	S72W
Q6GV28	S72L
Q6GV28	S72P
Q6GV28	M69K
O14836	P251L
O14836	V220A
O14836	K188M
O14836	C104Y
O14836	G76S
O14836	R72H
Q8NFG4	W553R
Q8NFG4	P472A
Q8NFG4	V400I
Q8NFG4	R320Q
Q8NFG4	C11W
Q9UKN7	S84T
Q9UKN7	T88M
Q9UKN7	P202H
Q9UKN7	Y236C
Q9UKN7	R248G
Q9UKN7	P371T
Q9UKN7	A408V
Q9UKN7	G462D
Q9UKN7	G528S
Q9UKN7	A595T
Q9UKN7	W718G
Q9UKN7	R746S
Q9UKN7	R1120H
Q9UKN7	R1129Q
Q9UKN7	Q1138R
Q9UKN7	G1220R
Q9UKN7	I1311T
Q9UKN7	G1315E
Q9UKN7	I1347F
Q9UKN7	V1400M
Q9UKN7	E1414K
Q9UKN7	L1485P
Q9UKN7	L1516R
Q9UKN7	D1594H
Q9UKN7	G1831V
Q9UKN7	C1977R
Q9UKN7	G1981W
Q9UKN7	G2018R
Q9UKN7	R2038C
Q9UKN7	P2049H
Q9UKN7	N2111Y
Q9UKN7	I2113F
Q9UKN7	V2114M
Q9UKN7	R2124Q
Q9UKN7	R2204C
Q9UKN7	G2263D
Q9UKN7	V2266M
Q9UKN7	R2298Q
Q9UKN7	A2311E
Q9UKN7	Y2401C
Q9UKN7	D2403Y
Q9UKN7	A2490T
Q9UKN7	Y2682F
Q9UKN7	Q2716H
Q9UKN7	T2721K
Q9UKN7	R2728H
Q9UKN7	T2780M
Q9UKN7	G2781R
Q9UKN7	V2792A
Q9UKN7	R2814Q
Q9UKN7	D2823N
Q9UKN7	R2923Q
Q9UKN7	H3146Y
Q9UKN7	R3165Q
Q9UKN7	L3169P
Q9UKN7	R3191H
Q9UKN7	R3207L
Q9UKN7	R3333Q
Q9UKN7	A3486V
Q9UKN7	S3525G
Q13045	T611I
Q13045	E364V
Q13045	T151A
Q13472	N773D
Q13472	L584R
Q13472	A461T
Q13472	M100V
Q9UPM9	G165C
Q9UPM9	R156W
Q9UPM9	I70T
Q9UPM9	R61W
Q13164	A296T
Q13164	P551S
Q13164	P587L
Q13164	P648L
Q8N511	A7E
Q8N511	A14P
Q8N511	R31P
Q8N511	Y86H
Q8N511	V158I
Q8N511	L166V
Q8NCQ7	G201S
Q15022	V71M
Q15022	Q411H
Q15022	F603L
Q15022	E610V
P0C7P3	R223W
P0C7P3	V220D
P0C7P3	K218E
P0C7P3	V172A
Q96FM1	D305G
Q96FM1	W287C
Q96FM1	H284R
Q96FM1	H284Y
Q96FM1	D282G
Q96FM1	L281P
Q96FM1	L271M
Q96FM1	R248Q
Q96FM1	N228S
Q96FM1	V185I
Q96FM1	C171R
Q96FM1	A141G
Q96FM1	S107L
Q96FM1	P105R
Q96FM1	G92D
Q7Z3Z0	L317P
Q7Z3Z0	E239A
Q7Z3Z0	V238L
Q7Z3Z0	A146T
P08779	R418C
P08779	R390C
P08779	T306A
P08779	A249V
P08779	R213W
P08779	A199V
P08779	L132P
P08779	L128P
P08779	L128Q
P08779	R127P
P08779	R127G
P08779	R127C
P08779	N125S
P08779	N125D
P08779	L124H
P08779	L124R
P08779	Q122R
P08779	Q122P
P08779	M121R
P08779	M121T
P08779	G71A
P08779	G67S
P08779	G23S
Q04695	R424H
Q04695	E223K
Q04695	R170C
Q04695	N109D
Q04695	E107K
Q04695	V102M
Q04695	L99P
Q04695	Y98D
Q04695	L95P
Q04695	L95Q
Q04695	R94P
Q04695	R94H
Q04695	R94C
Q04695	N92S
Q04695	N92H
Q04695	N92D
Q04695	M88T
Q04695	R6C
Q96AY3	P36T
Q96AY3	V45D
Q96AY3	E113K
Q96AY3	R115Q
Q96AY3	G124C
Q96AY3	E516K
Q13057	Q52H
Q13057	S55Y
Q13057	T173K
Q13057	A214V
Q13057	Y349C
Q13057	R499C
Q13057	I556V
P23258	Y92C
P23258	I257F
P23258	T274I
P23258	T331P
P23258	R341W
P23258	R341Q
P23258	L387P
P23258	R440W
P78357	L212P
P78357	C323R
P78357	R526Q
P78357	V636M
P78357	T815N
Q9BQB4	V21L
Q9BQB4	V21M
Q9BQB4	R19H
Q9BQB4	V10I
Q8N159	E61G
Q8N159	P95L
Q8N159	M169L
Q8N159	A279T
Q8N159	A314T
Q8N159	T431I
Q8N159	E433D
Q8N159	W484R
Q9NPE2	M1T
Q9NPE2	M1I
Q9NPE2	R19W
P10636	R5L
P10636	T17M
P10636	P126S
P10636	P140S
P10636	T178S
P10636	R182C
P10636	P202L
P10636	G213R
P10636	R222C
P10636	V224G
P10636	Q230R
P10636	A250T
P10636	S282L
P10636	D285N
P10636	V289A
P10636	A297G
P10636	K313N
P10636	S318L
P10636	R338Q
P10636	V368I
P10636	R370W
P10636	R398C
P10636	L410F
P10636	Y441H
P10636	S447P
P10636	I468T
P10636	Q482R
P10636	A495T
P10636	K574T
P10636	L583V
P10636	G589V
P10636	N596K
P10636	P618S
P10636	P618L
P10636	G620V
P10636	S276N
P10636	L632R
P10636	K634M
P10636	S637F
P10636	V654M
P10636	E659V
P10636	Q668R
P10636	S669L
P10636	S673T
P10636	H679Y
P10636	V680I
P10636	P335T
P10636	K686I
P10636	G706R
P10636	R723W
Q13352	C39G
Q13352	L59V
Q13352	L59P
Q13352	R117W
P26006	A310V
P26006	L371F
P26006	R463W
P26006	V474M
P26006	G541R
P26006	Q610P
P26006	A630V
P26006	T658R
P26006	G776W
P26006	G840S
P26006	P987R
O43497	L208P
O43497	L211P
O43497	G299S
O43497	S368F
O43497	R456Q
O43497	R530H
O43497	G549A
O43497	R567C
O43497	G627R
O43497	S630R
O43497	G674R
O43497	A675E
O43497	S690N
O43497	S715I
O43497	T867P
O43497	T1056M
O43497	R1067H
O43497	A1099T
O43497	R1235Q
O43497	M1531V
O43497	G1534D
O43497	R1715H
O43497	Q1975E
O43497	P1898L
O43497	P2100S
O43497	R2266Q
Q9NXB0	R497K
Q9NXB0	R463G
Q9NXB0	P421S
Q9NXB0	S403L
Q9NXB0	Q350E
Q9NXB0	G317E
Q9NXB0	P274L
Q9NXB0	W80C
Q9NXB0	D19Y
Q9NXB0	M1V
Q8IWB6	E1433K
Q8IWB6	L1426F
Q8IWB6	V468L
Q8IWB6	R136C
Q8IWB6	R85L
O43502	G125V
O43502	A126T
O43502	T132P
O43502	C135F
O43502	C135S
O43502	C135Y
O43502	L138F
O43502	E191K
O43502	R258H
O43502	T287A
O94972	V838I
O94972	P583H
O94972	A580V
O94972	G322V
O94972	S287N
O94972	A133V
O94972	L76P
Q9UHV7	A2037V
Q9UHV7	P2016L
Q9UHV7	S1750G
Q9UHV7	P1608L
Q9UHV7	S1548G
Q9UHV7	D1187N
Q9UHV7	K624E
Q9UHV7	T326I
Q9UHV7	L246W
Q9UHV7	I95V
Q9UHV7	S90N
Q9UHV7	T39A
Q86UE8	S278P
Q86UE8	L296P
Q86UE8	H493R
Q86UE8	H518R
Q86UE8	G378R
Q86UE8	D551G
Q86UE8	R568W
Q86UE8	G615D
Q86UE8	S563L
Q86UE8	D629N
Q86UE8	P680R
Q86UE8	Y740C
Q7RTN6	A135T
Q7RTN6	P64S
Q7RTN6	P35L
Q96EG1	A11V
Q96EG1	D45Y
Q96EG1	R95W
Q96EG1	G113D
Q96MK3	L53Q
Q96MK3	G3V
P22570	E477K
P22570	T472A
P22570	R386W
P22570	T345M
P22570	R306C
P22570	A291V
P22570	L215V
P22570	I207F
P22570	V158M
P22570	R115W
P22570	Q71R
P22570	P74L
Q7Z6J9	H38Q
Q7Z6J9	R109G
Q7Z6J9	I137L
Q7Z6J9	S174N
Q7Z6J9	V190M
Q7Z6J9	P231L
Q7Z6J9	G256D
Q7Z6J9	V288I
Q7Z6J9	A307S
Q7Z6J9	P320L
Q7Z6J9	K347N
Q7Z6J9	R374G
Q7Z6J9	Q389P
Q7Z6J9	A437V
Q7Z6J9	S443C
Q7Z6J9	P483A
Q7Z6J9	R490W
Q7Z6J9	L504P
Q7Z6J9	F512S
Q7Z6J9	G525R
P51570	T344M
P51570	R312H
P51570	R312C
P51570	R286Q
P51570	R256W
P51570	G137D
P51570	P28T
P51570	M1L
Q70J99	L1058P
Q70J99	K867E
Q70J99	F857C
Q70J99	E616G
Q70J99	R527W
Q70J99	L403P
Q70J99	L302F
Q70J99	I283V
Q15067	R591C
Q15067	I507T
Q15067	I312M
Q15067	Q309R
Q15067	M278V
Q15067	G178S
Q15067	G178C
Q15067	N166S
Q15067	P27L
Q9UFH2	R4285Q
Q9UFH2	H3953R
Q9UFH2	H3953Y
Q9UFH2	P3499L
Q9UFH2	A2877D
Q9UFH2	G1256R
Q9UFH2	R1220H
Q9UFH2	A1101G
Q8WVQ1	M375L
Q8WVQ1	A360D
Q8WVQ1	A323T
Q8WVQ1	R300H
Q8WVQ1	R300C
Q8WVQ1	P299L
Q8WVQ1	W247R
Q8WVQ1	V226M
Q8WVQ1	L224P
Q8WVQ1	E215K
Q8WVQ1	W125C
Q8WVQ1	A65V
Q8WVQ1	G23W
Q14781	P98L
Q14781	A189T
Q14781	L193M
Q14781	K283N
Q14781	G314S
Q14781	R443P
Q14781	P471A
Q9HC24	M1L
Q9HC24	M1V
Q9HC24	M1T
Q9HC24	H199R
Q9HC24	L226V
Q9BXL6	E3K
Q9BXL6	R62Q
Q9BXL6	V110A
Q9BXL6	G117S
Q9BXL6	M119R
Q9BXL6	L124P
Q9BXL6	C127S
Q9BXL6	E138K
Q9BXL6	E138A
Q9BXL6	E142K
Q9BXL6	E142G
Q9BXL6	Q157P
Q9BXL6	D176H
Q9BXL6	S200I
Q9BXL6	S200N
Q9BXL6	N237H
Q9BXL6	A364V
Q9BXL6	E422K
Q9BXL6	R426W
Q9BXL6	P506L
Q9BXL6	R547S
Q9BXL6	T591M
Q9BXL6	R597W
P51688	P483L
P51688	D477N
P51688	R456H
P51688	E447K
P51688	H446R
P51688	R433Q
P51688	R433W
P51688	V404I
P51688	M394I
P51688	N389K
P51688	N389S
P51688	V387M
P51688	Q380R
P51688	R377C
P51688	M372I
P51688	E369K
P51688	V361I
P51688	S298P
P51688	P293S
P51688	T271M
P51688	G251A
P51688	D235N
P51688	A234G
P51688	F225L
P51688	A214D
P51688	R206P
P51688	F193S
P51688	G191R
P51688	R182C
P51688	R150Q
P51688	A137V
P51688	P133T
P51688	G122R
P51688	G90R
P51688	T79P
P51688	R74H
P51688	R74C
P51688	S66W
P51688	R61C
P51688	R55C
P51688	Y40N
P51688	M1T
P51688	M1L
P47871	G40S
P47871	D458H
P32322	G297R
P32322	K289R
P32322	A213V
P32322	R266Q
P32322	V258L
P32322	R251H
P32322	H243R
P32322	A241V
P32322	A213T
P32322	G206R
P32322	G206W
P32322	D186G
P32322	A179T
P32322	R119H
P32322	R119C
P32322	R119G
P32322	V117F
P32322	R112Q
P32322	A110V
P32322	G4V
Q92539	R736H
Q92539	P623S
Q92539	E601K
Q92539	R517H
Q92539	K387E
Q92539	P348L
Q92539	S203F
Q9H5I5	S2739L
Q9H5I5	S2739P
Q9H5I5	R2718Q
Q9H5I5	R2718P
Q9H5I5	R2718L
Q9H5I5	R2706Q
Q9H5I5	R2686H
Q9H5I5	R2686C
Q9H5I5	I2602V
Q9H5I5	E2490G
Q9H5I5	V2463I
Q9H5I5	T2356M
Q9H5I5	T2316M
Q9H5I5	S2223L
Q9H5I5	T2221I
Q9H5I5	R2064T
Q9H5I5	A2050D
Q9H5I5	E1898Q
Q9H5I5	D1892N
Q9H5I5	A1827D
Q9H5I5	G1763A
Q9H5I5	T1735R
Q9H5I5	R1700Q
Q9H5I5	R1685P
Q9H5I5	R1611Q
Q9H5I5	H1542L
Q9H5I5	L1363P
Q9H5I5	V1354I
Q9H5I5	S1289F
Q9H5I5	R1240G
Q9H5I5	R1220Q
Q9H5I5	S1203N
Q9H5I5	C1148F
Q9H5I5	M998T
Q9H5I5	R980H
Q9H5I5	Y870N
Q9H5I5	I802F
Q9H5I5	M712V
Q9H5I5	N422I
Q9H5I5	Y409C
Q9H5I5	R386W
Q9H5I5	S331L
Q9H5I5	G223E
Q9H5I5	V207A
Q9H5I5	H55P
Q01718	F278C
Q01718	Y254C
Q01718	A252T
Q01718	C251F
Q01718	L225R
Q01718	W155C
Q01718	R146H
Q01718	R145C
Q01718	V142L
Q01718	R137P
Q01718	R137W
Q01718	R128C
Q01718	A126S
Q01718	S120R
Q01718	D107N
Q01718	S74I
Q01718	T33I
Q01718	P27R
Q92908	G15R
Q92908	A21G
Q92908	E68V
Q92908	A178V
Q92908	S184N
Q92908	A284G
Q92908	T452A
Q92908	R456C
Q92908	R456H
Q92908	N466D
Q92908	N466H
Q92908	A467T
Q92908	S511C
Q92908	A575P
Q9UHC9	M1142T
Q9UHC9	I1061T
Q9UHC9	R726T
Q9UHC9	P474L
Q9UHC9	C113R
Q9UHC9	M1I
Q9UHC9	M1V
Q02487	D879G
Q02487	R798Q
Q02487	I776V
Q02487	V661I
Q02487	V597F
Q02487	P587T
Q02487	T358I
Q02487	F250S
Q02487	I85V
Q02487	F58L
Q14126	M1I
Q14126	N19D
Q14126	H41N
Q14126	R46W
Q14126	R46Q
Q14126	R49H
Q14126	W51S
Q14126	Y89C
Q14126	V158G
Q14126	N266S
Q14126	I293V
Q14126	A313V
Q14126	S351G
Q14126	H425R
Q14126	V515I
Q14126	N525D
Q14126	A547V
Q14126	N575S
Q14126	Q603R
Q15555	N68S
Q15555	Y87C
Q15555	R127Q
Q15555	R143C
Q9Y6X0	D138Y
Q9Y6X0	G229R
Q9Y6X0	V231L
Q9Y6X0	N280S
Q9Y6X0	N309K
Q9Y6X0	V331L
Q9Y6X0	T346I
Q9Y6X0	R401Q
Q9Y6X0	S495T
Q9Y6X0	S568I
Q9Y6X0	R627C
Q9Y6X0	R627H
Q9Y6X0	Q634R
Q9Y6X0	E645K
Q9Y6X0	S854Y
Q9Y6X0	D868H
Q9Y6X0	D868N
Q9Y6X0	G870S
Q9Y6X0	I871S
Q9Y6X0	G872R
Q9Y6X0	D874G
Q9Y6X0	E931K
Q9Y6X0	H1100R
Q9Y6X0	V1101I
Q9Y6X0	P1130T
Q9Y6X0	G1145D
Q9Y6X0	D1161H
Q9Y6X0	T1260M
Q9Y6X0	S1264A
Q9Y6X0	R1321H
Q9Y6X0	V1377L
Q9Y6X0	E1466D
Q9Y6X0	T1547N
P25705	R329C
P25705	Y321C
P25705	I223V
P25705	R207H
P25705	A32S
Q7RTS9	C542R
Q7RTS9	N469Y
Q7RTS9	I167N
Q7RTS9	S141N
Q7RTS9	S141G
Q9ULV0	T1382M
Q9ULV0	G1321E
Q9ULV0	P1191L
Q9ULV0	D1011N
Q9ULV0	R918H
Q9ULV0	R911L
Q9ULV0	R901Q
Q9ULV0	K781N
Q9ULV0	R743H
Q9ULV0	P598L
Q9ULV0	V516I
Q9ULV0	G435R
Q9ULV0	R401H
Q9ULV0	S385L
Q9ULV0	R344H
Q9ULV0	G316V
Q9ULV0	K307N
Q9ULV0	I296V
Q9ULV0	R219H
Q9ULV0	T126A
Q9ULV0	F61L
Q9ULV0	L59P
Q9ULV0	R56L
Q9ULV0	E49Q
Q9ULV0	C10G
Q9NQB0	A583V
Q9NQB0	S333F
Q9NQB0	M1V
O43520	M674T
O43520	R600Q
O43520	S580N
O43520	I577V
O43520	D554N
O43520	T456M
O43520	G308V
O43520	L288S
O43520	H78Q
O43520	N45T
O95427	F904L
O95427	I804M
O95427	I804K
O95427	I746M
O95427	R709Q
O95427	S688R
O95427	M664I
O95427	G554R
O95427	I470L
O95427	L311W
O95427	S270P
O95427	D252G
O95427	D252V
O95427	I231V
O95427	H229D
O95427	K162E
O95427	R95Q
O95427	A56V
Q9Y6Q6	G53R
Q9Y6Q6	H141Y
Q9Y6Q6	P142L
Q9Y6Q6	R170G
Q9Y6Q6	C175R
Q9Y6Q6	A192V
Q9Y6Q6	V209I
Q9Y6Q6	A244S
Q9Y6Q6	R450W
Q9Y6Q6	V461M
Q9Y6Q6	R466H
Q9Y6Q6	C472S
Q9Y6Q6	A507T
P50452	M1T
Q86VV8	C2013F
Q86VV8	D1917G
Q86VV8	F1761S
Q86VV8	H1742R
Q86VV8	N1715D
Q86VV8	S1687C
Q86VV8	R1630T
Q86VV8	M1617T
Q86VV8	R1432H
Q86VV8	N1221K
Q86VV8	E1194G
Q86VV8	K1064Q
Q86VV8	R985G
Q86VV8	F976S
Q86VV8	S939G
Q86VV8	L932F
Q86VV8	I641V
Q86VV8	A578P
Q86VV8	N555K
Q86VV8	G444R
Q86VV8	N278S
Q86VV8	F269L
Q86VV8	K245R
Q86VV8	D212A
Q86VV8	S126A
Q86VV8	P76L
O00411	L1199S
O00411	S1193F
O00411	E947K
O00411	E900K
O00411	P566S
O00411	V60M
O00411	Q47H
Q969F8	L102P
Q969F8	T132I
Q969F8	L148S
Q969F8	A189T
Q969F8	R237P
Q969F8	Y313H
Q969F8	L364H
O75251	M1T
O75251	P23L
O75251	A49G
O75251	D139N
O75251	R145H
Q14353	A224T
Q14353	V194A
Q14353	C169Y
Q14353	C169R
Q14353	Y168S
Q14353	T136M
Q14353	D135N
Q14353	V110F
Q14353	A75V
Q14353	M50L
Q14353	W45R
Q14353	Y27H
Q14353	W20S
Q14353	A3S
Q14353	M1I
Q96HR9	V41I
Q96HR9	P128L
Q96HR9	L135P
Q96HR9	R138H
Q96HR9	A150D
Q96HR9	I184T
Q8TF64	R7Q
Q8TF64	G46R
Q8TF64	A134T
Q8TF64	R189C
Q8TF64	C209Y
Q8TF64	T221I
Q8TF64	G256D
Q8TF64	L262R
Q8TF64	A291T
P36507	V400M
P36507	R388W
P36507	M362T
P36507	P298L
P36507	V283L
P36507	P282S
P36507	K273R
P36507	I220V
P36507	E207K
P36507	R179W
P36507	Y134C
P36507	Y134H
P36507	G132D
P36507	P128L
P36507	N126D
P36507	C125S
P36507	R112L
P36507	V64G
P36507	V64F
P36507	K61N
P36507	K61E
P36507	Q60P
P36507	F57L
P36507	F57V
P36507	K52Q
P36507	Q50R
P36507	L46F
P36507	V35M
P36776	Y939H
P36776	T886M
P36776	G798S
P36776	R721G
P36776	A724V
P36776	V675L
P36776	A670S
P36776	V641I
P36776	S631Y
P36776	R538H
P36776	A481V
P36776	V437I
P36776	R241Q
P36776	E87D
P36776	L24M
Q9GZU1	T24N
Q9GZU1	A113V
Q9GZU1	T232P
Q9GZU1	R236Q
Q9GZU1	S257R
Q9GZU1	D362Y
Q9GZU1	R403C
Q9GZU1	N469S
Q15833	R65Q
Q15833	T166M
Q15833	V205I
Q15833	A274S
Q15833	T345M
Q15833	R405Q
Q15833	A433V
Q15833	P477L
Q15833	I526V
Q15833	G541S
Q15833	R555G
P26358	H1460Q
P26358	M1417T
P26358	A1200G
P26358	P1127L
P26358	S1122C
P26358	H1102Y
P26358	R1059C
P26358	R1017Q
P26358	D937G
P26358	T882I
P26358	G860R
P26358	L592R
P26358	V590F
P26358	G589A
P26358	A554V
P26358	Y495C
P26358	Y495H
P26358	A340T
P26358	I311M
P26358	I311V
P26358	Q310P
P26358	L293V
P26358	V270M
P26358	G228E
P26358	V120L
P26358	N111S
P26358	H97R
P26358	R69H
O95136	P308L
O95136	V286A
O95136	Y140C
O95136	R108P
O95136	N10K
P51532	P169S
P51532	P197S
P51532	Q201L
P51532	G239S
P51532	P240L
P51532	Y372H
P51532	N477D
P51532	R539G
P51532	E559K
P51532	D715N
P51532	M749I
P51532	V766G
P51532	L783P
P51532	S813L
P51532	K865E
P51532	R885C
P51532	R885H
P51532	C891Y
P51532	T894M
P51532	L921F
P51532	C936S
P51532	F943C
P51532	G951R
P51532	R967P
P51532	R978G
P51532	M1011T
P51532	K1024E
P51532	R1043W
P51532	G1080D
P51532	D1127G
P51532	R1157G
P51532	A1186T
P51532	I1214T
P51532	E1242K
P51532	R1243Q
P51532	A1245G
P51532	R1308W
P51532	T1358N
P51532	K1503M
Q5SZI1	N97K
Q5SZI1	R124G
Q5SZI1	C173G
Q5SZI1	C173R
Q5SZI1	C173S
Q5SZI1	C173Y
Q5SZI1	C173W
Q5SZI1	R183H
Q5SZI1	C184R
Q5SZI1	C184Y
Q5SZI1	C184W
Q5SZI1	D227H
Q5SZI1	D227N
Q5SZI1	D227V
Q5SZI1	D227E
Q5SZI1	G269D
Q63ZY3	S676F
Q63ZY3	A670V
Q63ZY3	Q563R
Q63ZY3	R559L
Q63ZY3	A490T
Q63ZY3	G471S
Q63ZY3	V447M
Q63ZY3	R197W
Q63ZY3	S181G
Q63ZY3	Y102H
Q63ZY3	V4I
O00754	R998H
O00754	N973D
O00754	R962C
O00754	L809P
O00754	S802G
O00754	G800R
O00754	R750W
O00754	G741R
O00754	W714R
O00754	P669L
O00754	P636S
O00754	Q582E
O00754	A481S
O00754	G451C
O00754	N413S
O00754	L352P
O00754	R337Q
O00754	T312N
O00754	T312I
O00754	L278V
O00754	P263L
O00754	A250S
O00754	R240Q
O00754	R229W
O00754	E203D
O00754	P197R
O00754	R140Q
O00754	E120K
O00754	I92V
O00754	D74E
O00754	H72L
Q9Y285	N410K
Q9Y285	F256L
Q14938	M1L
Q14938	R38H
Q14938	S106P
Q14938	K113E
Q14938	R115Q
Q14938	R116W
Q14938	G139E
Q14938	G147E
Q14938	C156S
Q14938	V163G
Q14938	T185A
Q14938	R263W
Q14938	S340G
Q14938	S412L
P17612	L206R
P17612	G137R
Q6NT55	F59L
Q6NT55	E79G
Q6NT55	G81D
Q6NT55	R156C
Q6NT55	R156H
Q6NT55	A162T
Q6NT55	S178C
Q6NT55	S196C
Q6NT55	D198Y
Q6NT55	I233L
Q6NT55	A238T
Q6NT55	R243C
Q6NT55	R243H
Q6NT55	R262Q
Q6NT55	R282Q
Q6NT55	R283W
Q6NT55	D304E
Q6NT55	I306T
Q6NT55	R362G
Q6NT55	R362Q
Q6NT55	R372W
Q6NT55	T388K
Q6NT55	R407C
Q6NT55	H435Y
Q6NT55	H436D
Q6NT55	R451C
Q6NT55	R451P
Q6NT55	F496L
Q6NT55	K505Q
Q6NT55	E511G
Q969Y2	M1K
Q969Y2	G55S
Q969Y2	R52Q
Q969Y2	R86C
Q969Y2	P119L
Q969Y2	A162T
Q969Y2	R173W
Q969Y2	V250A
Q969Y2	Q316R
Q969Y2	M335I
Q969Y2	V353I
Q969Y2	P362S
Q969Y2	R368H
Q969Y2	L350P
Q969Y2	P392R
Q969Y2	I480N
P51460	N110K
P51460	R102C
P51460	P93L
P52333	A1090T
P52333	E1072K
P52333	A919V
P52333	V722I
P52333	V715I
P52333	W709R
P52333	P664T
P52333	R615C
P52333	G589S
P52333	R582W
P52333	A572V
P52333	Q501H
P52333	R451Q
P52333	R403H
P52333	P396L
P52333	D169E
P52333	D144V
P52333	R142C
P52333	P132T
P52333	R103H
P52333	R103C
P52333	Y100C
P52333	I87T
P52333	L73R
O00459	P4S
O00459	V54M
O00459	R101H
O00459	L127F
O00459	P151S
O00459	T167R
O00459	S234R
O00459	S273C
O00459	V284M
O00459	H291R
O00459	S313P
O00459	W330G
O00459	F352L
O00459	G373R
O00459	G385R
O00459	L401P
O00459	A548V
O00459	D557H
O00459	N561D
O00459	K564E
O00459	S650G
O00459	A727T
O14593	E48D
O14593	D121V
O14593	R179C
O14593	L194P
P12955	G481V
P12955	I462T
P12955	G448R
P12955	R401H
P12955	L435F
P12955	D378G
P12955	E412K
P12955	R388H
P12955	I288T
P12955	G278D
P12955	D276N
P12955	R265Q
P12955	A212P
P12955	S202F
P12955	R184Q
P12955	E170V
P12955	R148C
P12955	G12R
Q07699	M1I
Q07699	R85H
Q07699	E87Q
Q07699	D103V
Q07699	I106F
Q07699	Y119D
Q07699	C121W
Q07699	V138I
Q07699	T189M
Q8N135	V434D
Q8N135	I429T
Q8N135	G394S
Q8N135	L344Q
Q8N135	A265T
Q8N135	R258P
Q8N135	R256S
Q8N135	W168C
Q8N135	L67R
Q8N135	M1T
Q9UMN6	G52D
Q9UMN6	A133V
Q9UMN6	P255S
Q9UMN6	E366K
Q9UMN6	V386A
Q9UMN6	T503M
Q9UMN6	V833I
Q9UMN6	A912V
Q9UMN6	R923Q
Q9UMN6	P1127A
Q9UMN6	G1211E
Q9UMN6	E1234K
Q9UMN6	R1488W
Q9UMN6	R1597W
Q9UMN6	W1614R
Q9UMN6	A1616V
Q9UMN6	C1644F
Q9UMN6	C1654R
Q9UMN6	H1663P
Q9UMN6	A1852T
Q9UMN6	R1864Q
Q9UMN6	A1908G
Q9UMN6	A2010T
Q9UMN6	R2161H
Q9UMN6	R2250H
Q9UMN6	R2273H
Q9UMN6	G2320R
Q9UMN6	P2340L
Q9UMN6	R2355W
O43914	R80W
O43914	R70Q
O43914	V55L
O43914	G49R
O43914	S39N
O43914	R23H
O43914	M1T
O43379	A37P
O43379	I40V
O43379	L48F
O43379	V65M
O43379	Q104H
O43379	R111T
O43379	S120Y
O43379	W224S
O43379	C260R
O43379	C279Y
O43379	K289R
O43379	N292T
O43379	N409D
O43379	R438C
O43379	R438H
O43379	F439V
O43379	F478L
O43379	D511N
O43379	H562D
O43379	L677P
O43379	H761Y
O43379	K771R
O43379	T829I
O43379	L850S
O43379	G862S
O43379	R863H
O43379	S992L
O43379	M1129R
O43379	R1225H
O43379	A1266V
O43379	Q1305L
O43379	Q1311E
O43379	G1370S
O43379	L1385F
O43707	W59R
O43707	R79Q
O43707	F153S
O43707	P179L
O43707	G195D
O43707	K255E
O43707	T259I
O43707	S262P
O43707	R310Q
O43707	S447L
O43707	V801M
O43707	D890E
Q3ZCQ8	S9W
Q3ZCQ8	G87A
Q3ZCQ8	T149M
Q3ZCQ8	A222T
Q3ZCQ8	G269S
Q9NYJ7	L54I
Q9NYJ7	L142Q
Q9NYJ7	L218P
Q9NYJ7	S225N
Q9NYJ7	C379Y
Q9NYJ7	G385D
Q9NYJ7	R436H
Q9NYJ7	A462T
Q9NYJ7	R463L
Q9NYJ7	G504D
Q9NYJ7	S521F
Q9Y463	S462R
Q9Y463	V209I
Q9Y463	R102C
Q9Y463	H90P
Q9Y463	L28P
P31751	S302G
P31751	R274H
P31751	N71S
P31751	E17K
Q9H254	A39V
Q9H254	R246P
Q9H254	V739M
Q9H254	A774V
Q9H254	A1237D
Q9H254	R1916Q
Q9H254	R2435C
Q9H254	A2464G
Q9H254	K2479N
Q96D53	R477Q
Q96D53	T352R
Q96D53	R343W
Q96D53	R320W
Q96D53	D286G
Q96D53	D250N
Q96D53	H174R
Q96D53	F167L
Q96D53	C147R
Q96D53	M115T
Q96D53	R78C
Q96D53	R63W
Q96D53	G7D
Q9BPU9	G155S
Q9BPU9	S101R
Q9BPU9	P74S
Q9BPU9	I51L
Q9BPU9	L36P
Q9BPU9	I11M
Q9BPU9	H5Q
O15554	R352H
O15554	S314P
O15554	V282E
O15554	V282M
O15554	E149D
O15554	V77M
Q2WEN9	F15L
Q2WEN9	S32I
Q2WEN9	E118K
Q2WEN9	G120A
Q2WEN9	T140P
Q2WEN9	G169R
Q2WEN9	V173I
Q2WEN9	S180F
Q2WEN9	A349T
Q2WEN9	T396A
Q2WEN9	V417L
Q8N196	V693M
Q8N196	P635S
Q8N196	A625T
Q8N196	V595M
O15399	P35S
O15399	S285F
O15399	P295L
O15399	D449N
O15399	V528G
O15399	S575L
O15399	V667I
O15399	M681V
O15399	M681I
O15399	S694R
O15399	S837R
O15399	A922V
O15399	G1042W
O15399	A1059S
O15399	P1066T
O15399	G1087A
O15399	D1107E
O00204	R33Q
O00204	L51S
O00204	E78K
O00204	R93C
O00204	R100W
O00204	P149L
O00204	R268H
O00204	R274Q
O15382	R333W
O15382	P215R
O15382	R170Q
O15382	Q100E
P34130	R206Q
P34130	Q174R
P34130	A88V
P34130	R68Q
P62070	A77T
Q8TCG5	M1R
Q8TCG5	R37C
Q8TCG5	Q97H
Q8TCG5	Y241H
Q8TCG5	R300H
Q8TCG5	G552V
Q8TCG5	A628T
Q8TCG5	P687A
Q8TCG5	L693M
Q8TCG5	I722N
Q8TCG5	M798V
Q96T60	V478G
Q96T60	A441G
Q96T60	C409R
Q96T60	L399P
Q96T60	G375W
Q96T60	E326K
Q96T60	Y196N
Q96T60	R180S
Q96T60	L176F
Q96T60	Q50E
Q96T60	R35G
Q96T60	P20S
Q14003	R698H
Q14003	I693M
Q14003	R625S
Q14003	S591G
Q14003	F448L
Q14003	T428I
Q14003	R423H
Q14003	R420H
Q14003	D408G
Q14003	A217T
Q14003	D63G
Q14003	P43S
Q14003	Q41H
Q14003	A16T
P05129	R41P
P05129	C52S
P05129	G63V
P05129	C66Y
P05129	C77S
P05129	H101Y
P05129	H101Q
P05129	C114Y
P05129	G118D
P05129	S119P
P05129	S119F
P05129	G123R
P05129	G123E
P05129	Q127K
P05129	Q127R
P05129	G128D
P05129	V138E
P05129	H139Q
P05129	R213Q
P05129	E237D
P05129	G360S
P05129	S361G
P05129	S361N
P05129	D480Y
P05129	F643L
P05129	S687G
Q8WX94	P651S
Q8WX94	K511R
Q8WX94	G487E
Q8WX94	A481T
Q8WX94	L398R
Q8WX94	V319I
Q8WX94	L311I
Q8WX94	Q310R
Q8WX94	R156Q
Q9H4I0	S537N
P14678	R236H
P14678	P202S
O43837	T360A
O43837	L132P
O43837	G25D
Q9BY32	N78S
Q9BY32	F91L
Q9BY32	E93G
Q9BY32	R180Q
Q8NBS3	R853H
Q8NBS3	R853C
Q8NBS3	M840V
Q8NBS3	L827P
Q8NBS3	R739Q
Q8NBS3	R739W
Q8NBS3	G693E
Q8NBS3	A688T
Q8NBS3	S473L
Q8NBS3	R472K
Q8NBS3	G448D
Q8NBS3	E383K
Q8NBS3	T255M
Q8NBS3	S197P
Q8NBS3	N134S
Q9BQL6	V543M
Q9BQL6	R526K
Q9BQL6	S400P
Q9BQL6	R255C
Q9BQL6	V241A
Q9BQL6	I160T
Q9BQL6	N156S
Q9BQL6	R98H
Q15147	A21T
Q15147	V141I
Q15147	H150Y
Q15147	W151C
Q15147	A203T
Q15147	N329T
Q15147	N329S
Q15147	E358V
Q15147	D360N
Q15147	D360V
Q15147	H375R
Q15147	K455R
Q15147	S488A
Q15147	M568V
Q15147	R617W
Q15147	R621C
Q15147	R621L
Q15147	R621H
Q15147	Y623C
Q15147	D630Y
Q15147	D630V
Q15147	N650H
Q15147	I844V
Q15147	S941Y
Q15147	Q967R
Q15147	T998A
Q15147	I1028T
Q15147	N1029S
Q15147	A1033S
Q15147	N1056S
Q15147	H1058Q
Q15147	A1154V
P60880	A5T
P60880	N9S
P60880	V48F
P60880	I67N
P60880	G132S
P60880	A185P
Q9NPJ1	G532V
Q9NPJ1	R517C
Q9NPJ1	C499S
Q9NPJ1	A488T
Q9NPJ1	C412F
Q9NPJ1	G250E
Q9NPJ1	A242S
Q9NPJ1	R139Q
Q9NPJ1	C99R
Q9NPJ1	H84Y
Q9NPJ1	T57A
Q9NPJ1	P39L
Q9NPJ1	Y37C
Q9NPJ1	A6T
P78504	T1197A
P78504	T1189M
P78504	P1186R
P78504	P1099L
P78504	T1078S
P78504	R1056S
P78504	A1050V
P78504	P972A
P78504	R937Q
P78504	L921P
P78504	I918V
P78504	G914R
P78504	E910K
P78504	H905Y
P78504	P871R
P78504	I870T
P78504	S851N
P78504	I778T
P78504	R744Q
P78504	T701P
P78504	C693Y
P78504	C682Y
P78504	V574L
P78504	P552L
P78504	C447R
P78504	C438Y
P78504	G386R
P78504	R348K
P78504	G274D
P78504	C234Y
P78504	C234S
P78504	C212R
P78504	R184H
P78504	R184C
P78504	V176I
P78504	V146I
P78504	V101L
P78504	G89R
P78504	L37S
P78504	G33S
P78504	M1I
P07204	D486Y
P07204	A473V
P07204	R403S
P07204	R403K
P07204	G251D
P07204	N116T
P07204	A48T
P07204	G14S
O43156	D921N
Q9Y366	N98S
Q9Y366	T186A
Q9Y366	A199T
Q9Y366	Y25C
Q9Y366	D259H
Q9Y366	E282K
Q9Y366	P350L
Q9BR39	P603L
Q9BR39	G591R
Q9BR39	G505S
Q9BR39	R475H
Q9BR39	A396T
Q9BR39	T286A
Q9BR39	D274N
Q9BR39	P191R
Q9BR39	P188S
Q9BR39	S165F
Q9BR39	T161K
Q9BR39	S101R
Q9H2X9	I293V
Q9H2X9	L311H
Q9H2X9	T406I
Q9H2X9	P407A
Q9H2X9	T420S
Q9H2X9	L426P
Q9H2X9	G551D
Q9H2X9	R747Q
Q96S44	R243L
Q96S44	T145A
Q96S44	T135I
Q96S44	T81R
Q96S44	V58L
Q96S44	A43V
Q96S44	G42D
Q96S44	T8M
Q07973	A510V
Q07973	R396Q
Q07973	R396W
Q07973	M374T
Q07973	E322K
Q07973	C303S
Q07973	D202H
Q07973	L193I
Q07973	R159Q
Q07973	L148P
Q07973	M1I
O95292	T46I
O95292	P56S
O95292	D130E
O95292	V166I
O95292	M170I
Q9H4B7	V5I
Q9H4B7	N99K
Q9H4B7	R306C
Q9H4B7	R307C
Q9H4B7	R318W
Q9H4B7	V349I
P14138	R93G
P14138	T98M
P14138	H112N
P14138	H112R
P14138	C159F
P14138	A224T
P55283	T27I
P55283	A33T
P55283	R659P
Q9BWX5	L233P
Q9BWX5	W200G
Q9BWX5	L199V
Q9BWX5	V190A
Q9BWX5	Y16D
Q9BWX5	Q3R
Q9BYT1	G84R
Q9BYT1	S185T
Q9BYT1	R311Q
Q9UL68	E116K
O43426	P1547L
O43426	P1288L
O43426	T1197M
O43426	S1069G
O43426	M981I
O43426	V516I
O43426	R420P
O43426	Y361N
O43426	A344T
O43426	M310I
O43426	K295R
O43426	K295Q
O43426	R219Q
O43426	P15S
Q9NYP3	E539K
Q9NYP3	T529I
Q9NYP3	K489R
Q9NYP3	K489T
Q9NYP3	M446T
Q9NYP3	I382M
Q9NYP3	F292L
Q9NYP3	Y270C
Q9NYP3	P224S
Q9Y6J6	Q9E
Q9Y6J6	V14I
Q9Y6J6	F60L
Q9Y6J6	V69M
P50747	H675R
P50747	H669Y
P50747	V659I
P50747	V641M
P50747	G581S
P50747	E558K
P50747	V550M
P50747	G510R
P50747	R508W
P50747	V363D
P50747	R324H
P50747	G301S
P50747	V284I
P50747	G241A
P50747	L237R
P50747	L237P
P50747	L216R
P50747	T158M
P50747	Y99C
P50747	V96I
P50747	P43L
P50747	E42D
P50747	M7I
Q8NHU6	M1V
Q8NHU6	M1L
Q8NHU6	R12G
Q8NHU6	Q275H
Q8NHU6	R303Q
O43822	R205H
O43822	Q236R
O43822	L224P
O43822	S166L
O43822	E128K
O43822	G154S
O43822	G153S
O43822	T150I
O43822	P116L
O43822	V111M
O43822	Y107C
O43822	Y107H
O43822	E96K
O43822	R73P
O43822	V58L
O43822	M1V
P05107	S730N
P05107	G716R
P05107	E630K
P05107	C612F
P05107	R593C
P05107	C590R
P05107	R586W
P05107	T391M
P05107	G284S
P05107	G273R
P05107	A270V
P05107	A239T
P05107	G236R
P05107	P178L
P05107	S138P
P05107	D128Y
P05107	D128N
P05107	R120W
P05107	D77N
P05107	G42C
P05107	A10T
P05107	R5C
P05107	M1K
P78563	K127E
P78563	S538G
P78563	R603Q
P78563	A705S
P78563	A722V
O60318	R1314W
O60318	S951P
O60318	L945V
O60318	E915K
O60318	R878H
O60318	L870S
O60318	A867D
Q9NZK5	V458D
Q9NZK5	Y456C
Q9NZK5	Y453C
Q9NZK5	P435A
Q9NZK5	G142S
Q9NZK5	N370K
Q9NZK5	T360A
Q9NZK5	V349I
Q9NZK5	W264S
Q9NZK5	P251L
Q9NZK5	R230Q
Q9NZK5	T187P
Q9NZK5	R171W
Q9NZK5	R169Q
Q9NZK5	R169W
Q9NZK5	H112Q
Q9NZK5	A109D
Q9NZK5	L52V
Q9NZK5	G47V
Q9NZK5	G47A
Q9NZK5	G47R
Q6ICL3	R26K
Q6ICL3	L50P
Q6ICL3	R140Q
Q6ICL3	G154R
Q6ICL3	E176K
Q6ICL3	D211E
Q96GP6	A838G
Q96GP6	A820G
Q96GP6	P661L
Q96GP6	C305W
Q96GP6	C258Y
Q96GP6	C64R
O95721	M1T
O95721	P38L
O95721	Y44H
O95721	E89K
O95721	S163G
Q8WYQ3	Y135H
Q8WYQ3	P96T
Q8WYQ3	S77G
Q8WYQ3	G66V
Q8WYQ3	S59L
Q8WYQ3	G58R
Q8WYQ3	A46S
Q8WYQ3	P38L
Q8WYQ3	P34S
Q8WYQ3	R15L
P26998	R105Q
P26998	H113D
P26998	V159I
P26998	G165R
P26998	V194E
P53673	G21S
P53673	V36M
P53673	G64W
P53673	L69P
P53673	F94S
P53673	A97V
P53673	R103C
O96017	I448S
O96017	V399F
O96017	D347A
O96017	N184S
O96017	R145W
O96017	R117G
O96017	P85L
O96017	A17S
Q9Y6X9	N904S
Q9Y6X9	S902T
Q9Y6X9	R893H
Q9Y6X9	S785L
Q9Y6X9	V682I
Q9Y6X9	R585H
Q9Y6X9	A431V
Q9Y6X9	C407Y
Q9Y6X9	A406V
Q9Y6X9	S388R
Q9Y6X9	H376Q
Q9Y6X9	R319H
Q9Y6X9	R266S
Q9Y6X9	R252W
Q9Y6X9	E236A
Q9Y6X9	E236G
Q9Y6X9	N209S
Q9Y6X9	E163D
Q9Y6X9	R132L
Q9Y6X9	G98R
Q9Y6X9	A88V
Q9Y6X9	S87L
Q9Y6X9	E27K
Q9Y6X9	T24I
O75140	V24G
O75140	D46E
O75140	L117V
O75140	V272I
O75140	R389C
O75140	T441A
O75140	G444R
O75140	A452V
O75140	S491T
O75140	L558P
O75140	A641V
O75140	R674C
O75140	F685L
O75140	L691P
O75140	S692F
O75140	S712F
O75140	G839V
O75140	K1052R
O75140	M1120V
O75140	V1215M
O75140	I1128T
Q9Y3I1	T22M
Q9Y3I1	Y52C
Q9Y3I1	A107T
Q9Y3I1	M115I
Q9Y3I1	V201M
Q9Y3I1	R378G
Q9Y3I1	F424Y
Q9Y3I1	R481C
O95461	V697L
O95461	R665H
O95461	R650Q
O95461	M592I
O95461	E509K
O95461	W495R
O95461	S331F
O95461	S84T
O95461	T55A
P33992	Q125H
P33992	V258I
P33992	T466I
P35579	G1940R
P35579	A1939T
P35579	L1848V
P35579	E1841K
P35579	K1775E
P35579	I1762M
P35579	G1715S
P35579	S1713G
P35579	I1626V
P35579	R1576Q
P35579	V1516L
P35579	D1447V
P35579	D1424G
P35579	D1424Y
P35579	D1424N
P35579	D1424H
P35579	R1400W
P35579	V1233M
P35579	R1165C
P35579	T1155I
P35579	A1072T
P35579	R718W
P35579	R705H
P35579	R702H
P35579	R702S
P35579	R702C
P35579	R424Q
P35579	K373N
P35579	M318V
P35579	V308I
P35579	S96L
P35579	A95T
P35579	N93K
P35579	P78L
P35579	K74E
P35579	L46F
P35579	V34E
P35579	W33C
P35579	W33R
P35579	W33G
P35579	Q4R
P35579	Q3E
Q8IU80	V795I
Q8IU80	V736A
Q8IU80	D552N
Q8IU80	R446W
Q8IU80	S288L
Q8IU80	K253E
P01127	R224W
P01127	T212M
P01127	T171M
P01127	L119P
P01127	T99M
P01127	I88V
P01127	G53R
P01127	R46H
P01127	C12F
P01127	M1I
P01127	M1R
P01127	M1V
Q9P0X4	A594S
Q9P0X4	M1109L
Q09472	S106G
Q09472	M126V
Q09472	G211S
Q09472	N217S
Q09472	N251S
Q09472	P261S
Q09472	M289V
Q09472	N301S
Q09472	P308L
Q09472	P318A
Q09472	S384A
Q09472	N439S
Q09472	P451A
Q09472	M480T
Q09472	S507G
Q09472	M514V
Q09472	Q540R
Q09472	T558A
Q09472	S697R
Q09472	P747L
Q09472	M749V
Q09472	N760S
Q09472	A783V
Q09472	P758L
Q09472	G787S
Q09472	P802L
Q09472	R838H
Q09472	T858A
Q09472	I859T
Q09472	P870L
Q09472	P860S
Q09472	T887I
Q09472	R915H
Q09472	S919N
Q09472	P925T
Q09472	D1217N
Q09472	C1250Y
Q09472	N1286S
Q09472	M1339T
Q09472	R1391S
Q09472	D1399Y
Q09472	D1399N
Q09472	T1411I
Q09472	Y1446C
Q09472	F1504C
Q09472	M1588T
Q09472	F1595V
Q09472	C1692G
Q09472	C1692R
Q09472	S1716T
Q09472	Q1824P
Q09472	L1828P
Q09472	R1831T
Q09472	T1890S
Q09472	M1972V
Q09472	S1996T
Q09472	P2001S
Q09472	M1989V
Q09472	P2097A
Q09472	P2078R
Q09472	M2130I
Q09472	A2138V
Q09472	M2161V
Q09472	P2163L
Q09472	V2217I
Q09472	P2221Q
Q09472	Q2223P
Q09472	V2340I
Q09472	S2345T
Q09472	M2372V
Q09472	P2380L
P17050	R329W
P17050	L263I
P00387	V300I
P00387	G292D
P00387	V253M
P00387	C204Y
P00387	C204R
P00387	A179P
P00387	L149P
P00387	S128P
P00387	T117S
P00387	G104C
P00387	L73P
P00387	L64V
P00387	R58Q
P00387	T35P
P00387	M11V
P00387	Q28E
Q8IVS2	E387D
Q8IVS2	Q376H
O75648	M1T
O75648	M1K
O75648	L4V
O75648	A10S
O75648	R25S
O75648	S72F
O75648	Y77H
O75648	F82L
O75648	K91R
O75648	N102D
O75648	V144I
O75648	E148K
O75648	A160V
O75648	V180F
O75648	I189M
O75648	S218I
O75648	I224S
O75648	L253P
O75648	G272D
O75648	V279M
O75648	L164V
O75648	Q336P
O75648	D375E
O75648	R398C
O75648	R398H
O75648	T404I
O75648	T404N
Q9Y285	L336P
Q9Y285	M1T
Q9BYB0	P141A
Q9BYB0	I245T
Q9BYB0	G250C
Q9BYB0	Q256H
Q9BYB0	V344L
Q9BYB0	G430S
Q9BYB0	R536W
Q9BYB0	R692H
Q9BYB0	D715N
Q9BYB0	A721T
Q9BYB0	P1005A
Q9BYB0	G1011V
Q9BYB0	D1043A
Q9BYB0	A1173T
Q9BYB0	D1265V
Q9BYB0	R1298K
Q9BYB0	V1333G
Q9BYB0	D1672Y
Q9BYB0	W1676R
Q9BYB0	L1710P
P51793	M1V
P51793	V140A
P51793	V212G
P51793	L221V
P51793	L221P
P51793	F268L
P51793	G269D
P51793	V275M
P51793	L401P
P51793	N418S
P51793	V455I
P51793	G467S
P51793	Q489K
P51793	S534L
P51793	V536M
P51793	G544R
P51793	G545D
P51793	I549T
P51793	K560E
P51793	P513S
P51793	T677M
P51793	G731R
O75665	Q58E
O75665	Y87C
O75665	V93F
O75665	I115N
O75665	T120I
O75665	V128I
O75665	M159T
O75665	L200P
O75665	I230V
O75665	F310S
O75665	K422E
O75665	K432E
O75665	S435R
O75665	V532I
O75665	K547R
O75665	V565A
O75665	N577S
O75665	E626Q
O75665	R644C
O75665	A678G
O75665	I682L
O75665	R726C
O75665	T776S
O75665	R800G
O75665	F828V
O75665	G842R
O75665	K888T
O75665	R890Q
O75665	G985D
O75665	L987I
P37287	G474V
P37287	G474R
P37287	R461W
P37287	D218V
P37287	D452N
P37287	I451T
P37287	S449C
P37287	A405V
P37287	E349G
P37287	V329A
P37287	K293E
P37287	I206F
P37287	S132C
P37287	R119Q
P37287	R119W
P37287	A103T
P37287	Y98C
P37287	V96A
P37287	P93L
P37287	T84A
P37287	R77Q
P37287	R77L
P37287	H65Y
P37287	V38A
P37287	R31H
P37287	T27A
P37287	R19Q
P37287	R19W
P37287	M1V
Q9UIG5	M1I
Q9UIG5	M1L
P46019	R1013Q
P46019	E986K
P46019	I984T
P46019	R916W
P46019	P789S
P46019	I693V
P46019	L660F
P46019	T651N
P46019	R568C
P46019	T557R
P46019	I545M
P46019	Q527E
P46019	A466T
P46019	G416R
P46019	E415D
P46019	D299G
P46019	R295L
P46019	R295H
P46019	R295C
P46019	K189E
P46019	R186H
P46019	R186C
P46019	T158A
P46019	S139P
P46019	H132P
P46019	H132Y
P46019	R45Q
P46019	R45W
P46019	W43S
P46019	E38Q
P46019	G13R
Q8WXI2	V330I
Q8WXI2	T750S
Q8WXI2	S767F
Q8WXI2	I800V
Q8WXI2	D995N
O43462	Y73C
O43462	M87I
O43462	A103T
O43462	T162M
O43462	F221I
O43462	W226L
O43462	H227L
O43462	H338L
O43462	R429H
O43462	N459S
O43462	F464S
O43462	F475S
O43462	L505F
O43462	N508I
O43462	N508S
Q96NR3	P32R
Q96NR3	V156I
Q96NR3	K181T
Q96NR3	G300R
Q96NR3	A310P
Q96NR3	S773A
P09884	I79S
P09884	G110R
P09884	A335S
P09884	D397N
P09884	R1336H
P09884	P1381L
Q6ZTR5	S1742G
Q96KN7	D677N
Q96KN7	Q467K
Q96KN7	E457D
Q96KN7	R425K
Q96KN7	M58K
A0A096LNW5	M1L
A0A096LNW5	M1V
A0A096LNW5	M1T
A0A096LNW5	M1I
A0A096LNW5	G39C
A0A096LNW5	G39A
A0A096LNW5	G195R
A0A096LNW5	G195A
A0A096LNW5	L201P
A0A096LNW5	G212V
A0A096LNW5	Q216E
A0A096LNW5	S267R
Q93008	V96L
Q93008	I131N
Q93008	W140C
Q93008	N188D
Q93008	S199G
Q93008	L224P
Q93008	N232S
Q93008	W435R
Q93008	K1266T
Q93008	P1469L
Q93008	T1739N
Q93008	V1758I
Q93008	V1758D
Q93008	I1974V
O15550	A30T
O15550	E47G
O15550	A130T
O15550	A303D
O15550	C468R
O15550	R559H
O15550	N569S
O15550	S573F
O15550	T581A
O15550	T584M
O15550	L615V
O15550	T726M
O15550	T726K
O15550	T734A
O15550	A788G
O15550	S911T
O15550	S1025G
O15550	H1060L
O15550	G1085R
O15550	C1153Y
O15550	P1195L
O15550	L1200F
O15550	Q1212R
O15550	W1227R
O15550	R1255W
O15550	P1327A
O15550	Q1359R
O15550	G1367R
Q9UET6	Y12N
Q9UET6	S54T
Q9UET6	G64R
Q9UET6	I102F
Q9UET6	Q103E
Q9UET6	A194T
Q9UET6	D200E
Q9UET6	D219N
Q9UET6	R291H
Q9UET6	S298N
Q9H237	G60R
Q9H237	V101I
Q9H237	M132R
Q9H237	S151L
Q9H237	W189R
Q9H237	C209S
Q9H237	T265M
Q9H237	T274M
Q9H237	N291T
Q9H237	P289L
Q9H237	Y334C
Q9H237	R365Q
Q9H237	S373L
Q9H237	F417S
Q9H237	T425I
Q9H237	G431R
P15976	M1T
P15976	A22T
P15976	P38L
P15976	A55T
P15976	H71R
P15976	L81P
P15976	R113L
P15976	V121M
P15976	N160S
P15976	G208R
P15976	A227V
P15976	V349M
P78381	R377H
P78381	R377C
P78381	P371L
P78381	G366R
P78381	V360I
P78381	A355T
P78381	R342Q
P78381	V331I
P78381	L330P
P78381	L315P
P78381	R314H
P78381	G282R
P78381	Y267C
P78381	A216T
P78381	S213F
P78381	L172P
P78381	A116P
P78381	A88V
P78381	C82F
P78381	K78R
P78381	L43P
P78381	P25L
P78381	E24D
P78381	P15T
P78381	A3V
P78381	M1I
P78381	M1K
P78381	M1V
P19532	A484T
P19532	G480V
P19532	G480A
P19532	S308N
P19532	Y189C
P19532	T187M
P19532	P186L
P19532	R117Q
Q9Y484	N344D
Q9Y484	S317F
Q9Y484	N315T
Q9Y484	V280M
Q9Y484	R279H
Q9Y484	R270S
Q9Y484	A254T
Q9Y484	R232H
Q9Y484	G204D
Q9Y484	N189S
Q9Y484	G167E
Q9Y484	L159P
Q9Y484	R133Q
Q9Y484	D130N
Q9Y484	V116M
Q9Y484	D113N
O60840	R1930H
O60840	M1781R
O60840	G1694E
O60840	G1684W
O60840	G1496E
O60840	P1491L
O60840	G1405S
O60840	R1296C
O60840	A1259T
O60840	R1141H
O60840	V1072D
O60840	N1071K
O60840	C1040R
O60840	E1032K
O60840	G1018E
O60840	G848S
O60840	I756T
O60840	F742C
O60840	N746T
O60840	L661R
O60840	S671C
O60840	R523H
O60840	R519Q
O60840	A472V
O60840	G369D
O60840	A276V
O60840	G271R
O60840	I254T
O60840	S84Y
O60840	P14L
O60840	P14T
Q9BZS1	K416N
Q9BZS1	R414H
Q9BZS1	V408M
Q9BZS1	R397Q
Q9BZS1	R397W
Q9BZS1	R386C
Q9BZS1	A384T
Q9BZS1	F371C
Q9BZS1	M370V
Q9BZS1	F367L
Q9BZS1	L360P
Q9BZS1	T359I
Q9BZS1	P339A
Q9BZS1	F324L
Q9BZS1	R299Q
Q9BZS1	R299W
Q9BZS1	A269T
Q9BZS1	C232G
Q9BZS1	Q231K
Q9BZS1	A145V
Q9BZS1	P133L
Q9BZS1	H121Y
Q9BZS1	G52V
Q9BZS1	A38S
Q9BZS1	M1I
Q8WWL7	S188T
Q8WWL7	H298R
Q8WWL7	K857Q
Q8WWL7	G1001R
Q8WWL7	V1251D
O95972	S5R
O95972	N103S
O95972	L148P
O95972	P174S
O95972	F194S
O95972	H200Y
O95972	Y235C
P41229	R1546Q
P41229	S1537L
P41229	T1533P
P41229	R1435C
P41229	A1394V
P41229	A1260S
P41229	K1023R
P41229	R888C
P41229	G875S
P41229	G835S
P41229	A718P
P41229	E698K
P41229	W622C
P41229	R599C
P41229	V583F
P41229	P554T
P41229	P538L
P41229	G536R
P41229	H514L
P41229	P500L
P41229	P480L
P41229	A388P
P41229	S299N
P41229	S287L
P41229	R198Q
P41229	A77T
P41229	L75P
P41229	W52C
P41229	Y30C
P41229	M1V
Q5JU85	V1488A
Q5JU85	A1470T
Q5JU85	A1402T
Q5JU85	A1324T
Q5JU85	P1279L
Q5JU85	H1244Y
Q5JU85	T1119M
Q5JU85	P1109L
Q5JU85	N1105S
Q5JU85	S1093W
Q5JU85	R1077S
Q5JU85	S1065G
Q5JU85	L999F
Q5JU85	R995Q
Q5JU85	R995W
Q5JU85	R956H
Q5JU85	R873H
Q5JU85	S861T
Q5JU85	A836V
Q5JU85	M826T
Q5JU85	I803V
Q5JU85	R778Q
Q5JU85	G760S
Q5JU85	S673N
Q5JU85	G571D
Q5JU85	P553Q
Q5JU85	R542L
Q5JU85	R531P
Q5JU85	R499L
Q5JU85	Q495H
Q5JU85	V447I
Q5JU85	R422Q
Q5JU85	P268H
Q5JU85	T244A
Q5JU85	P215S
Q5JU85	R200G
Q5JU85	A190V
Q5JU85	A155S
Q5JU85	A149V
Q5JU85	G115C
Q5JU85	Q109R
Q5JU85	E63G
Q5JU85	E25G
Q9UPP1	T957A
Q9UPP1	R943H
Q9UPP1	E747K
Q9UPP1	D109E
P98174	C736R
P98174	T673A
P98174	R610Q
P98174	R519C
P98174	R443H
P98174	P414L
P98174	R408Q
P98174	S365P
P98174	P306R
P98174	A226T
P98174	R186H
P98174	R172W
P98174	R132Q
P98174	A37V
P98174	A29P
P98174	A6D
Q9UNF1	K44E
Q9UNF1	E187D
Q9UNF1	T296M
Q9UNF1	R446C
Q9UHD9	Q425R
Q9UHD9	P497S
Q9UHD9	P497H
Q9UHD9	P506T
Q9UHD9	A572V
O43307	V482L
O43307	P471L
O43307	R418C
O43307	A461S
O43307	I437V
O43307	I402V
O43307	D375N
O43307	R338W
O43307	D306E
O43307	G181R
O43307	E143K
O43307	R104Q
O43307	C90R
O43307	G55A
O43307	I10V
O95239	R265L
O95239	N392H
O95239	A426S
O95239	A491V
O95239	D509N
P31785	T369A
P31785	P356S
P31785	A348T
P31785	E327G
P31785	A318V
P31785	L293Q
P31785	E253D
P31785	W240R
P31785	S225R
P31785	V223F
P31785	R222C
P31785	R218H
P31785	L172M
P31785	E171Q
P31785	L165R
P31785	L162R
P31785	A156V
P31785	I153T
P31785	I153N
P31785	V152G
P31785	V152A
P31785	L151P
P31785	R136W
P31785	Y125C
P31785	C115Y
P31785	C115R
P31785	G114D
P31785	I111T
P31785	E109K
P31785	Y105C
P31785	H104L
P31785	S94L
P31785	L87P
P31785	E68K
P31785	C62S
Q93074	Q31H
Q93074	S75T
Q93074	T127M
Q93074	M243L
Q93074	R296Q
Q93074	V312L
Q93074	I320V
Q93074	T341I
Q93074	S343L
Q93074	R585Q
Q93074	R621Q
Q93074	A735T
Q93074	T805P
Q93074	R961W
Q93074	N1007S
Q93074	F1021L
Q93074	R1050H
Q93074	R1148H
Q93074	S1165P
Q93074	A1169S
Q93074	L1224V
Q93074	L1224F
Q93074	T1241A
Q93074	R1261Q
Q93074	L1323P
Q93074	E1337K
Q93074	P1371S
Q93074	N1372S
Q93074	S1411G
Q93074	S1411N
Q93074	T1413N
Q93074	R1422H
Q93074	G1448R
Q93074	W1557R
Q93074	R1611C
Q93074	H1729N
Q93074	L1756P
Q93074	G1837A
Q93074	P1860S
Q93074	M1865V
Q93074	T1873A
Q93074	G1884S
Q93074	G1887S
Q93074	A1904V
Q93074	P1946S
Q93074	F2016L
Q93074	I2027V
Q93074	I2079V
Q93074	Q2136R
Q93074	Q2159P
Q9NZ94	K82Q
Q9NZ94	P534S
Q9NZ94	R617W
Q9NZ94	T652A
Q14202	N789K
Q14202	T354I
P36021	M1L
P36021	S33P
P36021	E84K
P36021	T88A
P36021	A89T
P36021	A89P
P36021	H118P
P36021	L128P
P36021	G147R
P36021	A150E
P36021	A150V
P36021	V180I
P36021	A212T
P36021	P215Q
P36021	R226C
P36021	Y280C
P36021	R297S
P36021	G327R
P36021	L360W
P36021	R371C
P36021	D379N
P36021	L397P
P36021	G421V
P36021	L438P
P36021	P464S
P36021	L494P
Q9NVW2	R611C
Q9NVW2	R599C
Q9NVW2	D598N
Q9NVW2	P587R
Q9NVW2	Y577H
Q9NVW2	S471P
Q9NVW2	Y421C
Q9NVW2	R387C
Q9NVW2	R365C
Q9NVW2	R360Q
Q9NVW2	Y356C
Q9NVW2	R220K
Q9NVW2	N178T
Q9NVW2	Y44C
O75027	G682S
O75027	A580V
O75027	R546K
O75027	Y530C
O75027	G498R
O75027	E433K
O75027	M412T
O75027	V411L
O75027	I400M
O75027	I392V
O75027	G388S
O75027	R313Q
O75027	G290S
O75027	I121V
O75027	A81T
O75027	K71E
O75027	Q67H
O75027	W41R
O75027	A2V
Q9Y458	G118C
Q9Y458	E187K
Q9Y458	L214P
Q9Y458	T260M
Q9Y458	N264Y
Q9Y458	A390D
Q9Y458	Y475F
Q6RI45	L1419V
Q6RI45	R1395H
Q6RI45	Q1363R
Q6RI45	K1288R
Q6RI45	G910A
Q6RI45	R793C
Q6RI45	S702N
Q6RI45	V257I
Q6RI45	E86K
P49335	P47S
P49335	T188M
P49335	G216E
P49335	I232T
P49335	L293V
P49335	A312V
P49335	L317W
P49335	R323G
P49335	R323H
P49335	R330S
P49335	K334E
Q9P2D0	S14Y
Q9P2D0	M1I
Q9P2D0	M1T
P05543	E414D
P05543	K352M
P05543	Y329F
P05543	L303F
P05543	D191N
P05543	I116N
P05543	V8F
O60488	V612G
O60488	N435D
O60488	S199Y
O60488	N194S
O60488	Y123F
Q5JSL3	S842L
Q5JSL3	Q866R
Q5JSL3	K1756R
P13473	A380V
P13473	V381A
P13473	I379V
P13473	L376I
P13473	V310I
P13473	I252S
P13473	Q178R
P13473	A100V
P13473	I78V
P13473	M1L
Q13620	R896Q
Q13620	R614L
Q13620	R572C
Q13620	R420G
Q13620	G22D
Q13620	G9E
P42263	R394Q
P42263	R501T
P42263	R591H
P42263	G630R
P42263	R631S
P42263	A654V
P42263	F655S
P42263	M706T
P42263	G803E
P42263	G833R
Q8NI27	A1349T
Q8NI27	H1187Y
Q8NI27	Y1102C
Q8NI27	I913V
Q8NI27	G713D
Q8NI27	T696I
Q8NI27	A648S
Q8NI27	A421T
Q8NI27	Y50S
Q8N3U4	Y159C
Q8N3U4	V181M
Q8N3U4	S327N
Q8N3U4	R560K
Q8N3U4	R862G
Q8N3U4	K1009N
Q6ZUT3	L658R
Q6ZUT3	H520D
Q6ZUT3	M491I
Q6ZUT3	R468H
Q6ZUT3	G361V
Q6ZUT3	G296R
Q6ZUT3	S281L
Q6ZUT3	C271Y
Q6ZUT3	L231V
Q6ZUT3	R229G
Q6ZUT3	A194T
Q6ZUT3	M186V
Q6ZUT3	L142R
Q6ZUT3	L130F
Q6ZUT3	L126I
Q6ZUT3	G24R
Q6ZUT3	M1I
Q92581	A9S
Q92581	A50S
Q92581	I57M
Q92581	H121R
Q92581	V144I
Q92581	G383D
Q92581	G491D
Q92581	R568Q
Q96P66	V409M
Q96P66	D366E
Q96P66	V238I
Q92913	S230P
Q92913	R14T
Q92913	R11P
Q92913	R11C
Q15738	M9V
Q15738	G44S
Q15738	L95V
Q15738	A105V
Q15738	S106L
Q15738	R119K
Q15738	A182P
Q15738	G205S
Q15738	R281C
Q15738	W298L
Q15738	Y349C
Q15738	R370Q
Q16720	S66L
Q16720	I232L
Q16720	R588H
Q16720	G1107D
Q16720	T1113M
Q16720	A1173V
Q16720	G1189D
Q16720	K1198N
P04000	I178V
P04000	C203R
P04000	G338E
Q9Y2U8	M1V
Q9Y2U8	M1I
Q9Y2U8	G156S
Q96L21	R3H
Q96L21	K78E
Q96L21	R153W
Q96L21	S202N
P03915	N109Y
P03915	N109S
P03915	N113S
P03915	F124L
P03915	T127A
P03915	V132I
Q5JTZ9	I339V
Q5JTZ9	A484D
Q5JTZ9	M850V
Q5JTZ9	V730M
O95477	V399A
O95477	R219K
O95477	R230C
O95477	V771M
O95477	T774P
O95477	K776N
O95477	V825I
O95477	I883M
O95477	E1172D
O95477	K1587R
O95477	S1731C
O95477	L2168P
O95477	I1555T
O95477	L1648P
O95477	S1181F
O95477	V1054I
O95477	P248A
O95477	S364C
O95477	K401Q
O95477	R496W
O95477	R638Q
O95477	T774S
O95477	E815G
O95477	P1065S
O95477	G1216V
O95477	R1341T
O95477	S1376G
O95477	R1615Q
O95477	A1670T
O95477	R1680Q
O95477	R1925Q
O95477	F2163S
O95477	D2243E
O95477	V2244I
Q86UK0	G1251D
Q86UK0	R1546C
Q86UK0	E2064K
Q86UK0	D2365N
Q99758	N140H
Q99758	P766S
O95342	R299K
O95342	V284A
O95342	R616G
O95342	T619A
O95342	R958Q
O95342	R415Q
O95342	S56L
O95342	V444D
O95342	V444G
O95342	Q558H
O95342	E592Q
Q9NP58	L293V
Q9NP58	R343Q
Q9NP58	A492T
Q9NP58	G588S
Q9NP58	A681T
O75027	R315G
O75027	F346I
O75027	V581A
Q9H222	Q604E
Q9H222	I523V
Q9H222	C600Y
Q9H222	M622V
Q9H222	T517S
Q9H222	R50C
Q8WTS1	H82R
P00519	T852P
P00519	P900S
P00519	L140P
P00519	S968P
P45954	S209G
P45954	E376G
Q16570	A100T
Q16570	L203Q
Q16570	S326F
Q15067	T153I
Q15067	G101S
O60488	D379N
O43707	G786R
O43707	P787L
O43707	P787S
Q04771	A15G
Q04771	S41F
Q04771	H47Q
Q13705	P176R
Q13705	E459D
Q9NZK5	H335R
Q76LX8	P475S
Q76LX8	R1095W
Q76LX8	P457L
Q76LX8	G982R
P55265	K384R
P55265	Y587C
P55265	R100G
P78563	V224A
O95622	P10L
O95622	A706V
O43306	A674S
Q9Y653	P527L
Q9NX46	E209K
P51826	N358S
P51826	N494S
Q8N157	I49N
Q8N157	R548H
Q8N157	S761L
Q8N157	R830W
Q8N157	T856S
Q8N157	Y933C
Q8N157	Q1018P
Q8N157	S1123F
Q8N157	P1140S
Q8N157	E1086G
Q9NZN9	V33A
Q9NZN9	Y134F
Q9NZN9	R302L
O43918	S278R
O43918	E298K
O43918	C299W
O43918	R303Q
O43918	R303W
O43918	G306R
O43918	I309M
O43918	R316Q
O43918	H319P
O43918	R328Q
O43918	R328W
O43918	S332R
P00568	E123Q
P52895	L172Q
P52895	F46Y
P31751	I188V
P31751	R208K
P13716	K59N
P13716	F12L
O94788	E50G
O94788	A110V
O94788	V348I
O94788	E436K
P47895	M386V
Q9H6U8	P506L
Q9H6U8	A232P
Q9UM73	S90L
Q9UM73	E296Q
Q9UM73	A704T
Q9UM73	G1121D
Q9UM73	A1274T
Q9UM73	M1328L
Q9UM73	K1416N
Q9UM73	E1419K
Q9UM73	Q1429R
Q9UM73	F1376S
Q9UM73	P1599H
Q9UM73	L868Q
O95076	P234A
Q9H161	R257T
Q9H161	V7F
Q9H161	K211E
Q9H161	P306L
P03971	S49I
P03971	Q185E
P03971	Q325R
P03971	V515A
P23109	P48L
P23109	E22K
Q01484	N687S
Q01484	V2369A
Q01484	V1555D
Q86XL3	H122Y
Q86XL3	Q148E
Q86XL3	R720H
Q9NW15	V583A
Q9BYT9	L781V
P50995	R230C
P50995	R191Q
O43747	P685H
O43747	V195G
P02649	E21K
P02649	T60A
P02649	Q99K
P02649	P102R
P02649	A117T
P02649	R152Q
P02649	A170P
P02649	R242Q
P02649	R246C
P02649	V254E
P02649	R269G
P02649	R292H
P02649	S314R
P02649	Q64H
P02649	A124V
Q96C12	I170V
Q96C12	F14Y
Q96C12	S115P
Q96C12	G56A
Q96C12	P483L
Q96C12	R502H
Q96C12	P507L
Q7Z3E5	L108F
Q7Z3E5	D330N
Q96EG1	T236S
Q96EG1	W274R
Q96EG1	R385H
Q96EG1	R326G
Q96EG1	R398W
Q96EG1	T444M
Q96EG1	E481K
Q96EG1	I493T
Q13510	V72M
Q13510	A70V
O14525	G1270R
O14525	R1278G
O14525	H932R
O14525	H942Q
Q9NVI7	G15D
Q9NVI7	S101N
P18850	M67L
P18850	M67V
P18850	A145P
P18850	P157S
O95352	V471A
Q16720	I198M
Q9HBG4	F554L
Q9HBG4	H604Q
P15313	E161K
P15313	R465H
O43520	R952Q
O43520	F305I
O43520	R384H
O43520	I393V
O43520	E429A
O43520	K814N
O43520	A1152T
O75366	K204E
O43505	T253S
Q9UPM9	S51P
O95817	A405V
O95817	I94F
O95817	P115S
O95817	A155T
Q92560	V616E
Q92560	S63C
Q92560	C91W
Q92560	E315A
Q92560	I47F
Q8NFJ9	G559D
Q8NFJ9	L206V
Q8NFJ9	P245L
Q6ZW61	I39T
Q6ZW61	I170V
Q6ZW61	K195R
Q6ZW61	N238K
Q6ZW61	A615V
Q6ZW61	Y263H
Q9BXC9	A122V
Q8N3I7	N184S
Q8N3I7	N251D
O15382	T186R
O95999	K45Q
O95999	R58Q
O95999	N93S
O95999	M153V
O95999	T162M
Q9HAY6	R267S
Q9HAY6	A379V
Q8TD16	K90R
P54132	S1209T
P54132	K137R
P54132	T298M
P54132	R591Q
P54132	P868L
P54132	V1205I
P54132	E1213K
P54132	V1321I
P54132	A1043D
Q2LD37	I978T
Q2LD37	T4352A
Q2LD37	T4786A
Q2LD37	D1951E
Q2LD37	S2521R
P12644	T116S
P12644	N150K
P12644	T225A
P12644	R226W
P12644	S367T
P12644	T102A
P12644	G168A
O00238	R224H
Q9BX63	R173C
Q9BX63	V193I
Q9BX63	L195P
Q9BX63	R419W
Q9BX63	F531V
Q9BX63	Q540L
Q9BX63	C832Y
Q9BX63	S919P
Q9BX63	V935G
Q9BX63	R264W
Q9BX63	I633M
Q9BX63	D1148E
P55201	G1117E
P55201	H1193Q
O60566	P378S
P00736	S152L
P00736	Y131H
P00736	H163Y
P00736	E184K
P00736	G261R
P00736	T186R
P06681	F533L
P06681	E318D
P06681	R734C
P01024	R102G
P01024	P314L
P01024	R863K
P01024	G1224D
P01024	I1367T
P01024	E469D
P01024	S1619R
P01024	Q1521R
P01024	H1601N
P10643	K420Q
P10643	S389T
P10643	T587P
P10643	C128R
P10643	R222H
P02748	R5W
P02748	I203V
P02748	T279S
P02748	D127Y
P02748	S427T
P00918	K18E
P00918	P236H
P00918	N252D
P22748	V237L
P22748	N177K
Q13936	A752T
Q13936	A2169T
Q13936	Q84R
Q13936	I391L
Q13936	P1868L
Q13936	M1869V
Q13936	K1893R
Q13936	I304T
Q13936	V1755I
Q13936	A1765G
Q13936	T1835M
Q13936	G1843R
Q13936	R1972C
Q13936	R2056Q
Q13936	N2174S
Q01668	D2097N
Q01668	G407R
Q01668	A749G
Q15878	D859E
Q15878	A1955T
O60840	A1270T
Q9P0X4	I1040V
Q9P0X4	G1782A
Q9P0X4	G1782R
Q9P0X4	T1513M
Q13698	E1840D
Q8WVQ1	G391E
P07384	T103A
P07384	R433P
P07384	G492R
P07384	V676I
Q9BXL7	T670M
Q9BXL6	R883H
Q9BXL6	V585I
Q9BXL6	R820W
Q9BXL6	R962Q
Q9BXL6	R38C
Q9BXL6	H171N
Q9BXL6	R179H
Q9BXL6	V191L
Q9BXL6	D285G
Q9BXL6	I593N
Q9BXL6	R682W
Q9BXL6	G714S
Q9BXL6	D973E
Q9BXL6	R218C
Q9BXL6	M338V
Q9BXL6	L350P
Q9BXL6	L357P
Q92851	I406L
Q92851	P444S
Q92851	R21C
P22681	L620F
P22681	P782L
P22681	V904I
Q13191	R584K
Q13191	N883D
Q9P2K1	V660I
Q9P2K1	K800E
Q9P2K1	L684I
Q9P2K1	L701V
Q9BSQ5	V53I
Q9BSQ5	V120I
Q9BSQ5	S289N
P30279	G268R
P22674	L161M
P41597	V64I
P41597	G355E
P41597	L45V
P41597	L133F
P15529	D266N
P15529	A353V
P15529	V355G
P15529	R59Q
P08174	R52P
P08174	L82R
P08174	A227P
P08174	R240H
P40200	A142P
Q9UNH5	S589F
Q12834	V402M
Q12834	R479Q
O75419	V81I
O75419	V376M
O75419	M356R
Q6P1J9	L384P
Q6P1J9	S59F
Q6P1J9	R91P
Q6P1J9	N272S
P12830	E336D
P12830	T470I
P12830	A617T
P12830	L711V
P12830	S270A
P12830	T340A
P12830	L630V
P12830	C695R
P12830	L478P
P12830	E880K
P12830	D72N
P12830	I393N
P12830	V473I
P12830	A634V
P19022	A21T
P19022	A118T
P19022	S196T
P19022	I212L
P19022	N845S
P19022	T454A
P22223	V237M
P22223	R477H
P22223	Q563H
P55283	K625R
P55283	A141V
Q96JP9	H53Q
Q96JP9	P532A
Q96JP9	T171S
Q15131	P96L
Q15131	N168S
Q15131	R342H
Q15131	C358Y
P11802	R82Q
P11802	R122H
P42771	I49T
P42771	A60T
P42771	A68V
P42771	N71S
P42771	A85T
P42771	A100P
P42771	R107H
P42771	A148T
P42771	A102E
P42771	H83Q
P42771	R99W
P42771	A102T
P42771	R124C
P42771	R24Q
P42771	E69G
P42771	P114S
Q8N726	P17S
Q8N726	G106R
Q8N726	P113L
Q8N726	G116D
O15078	I1836V
O15078	N2228K
O15078	R2210C
Q9Y592	Q78R
Q5SZL2	S137G
Q5SZL2	D166V
Q5SZL2	P251T
Q5SZL2	Q532H
Q5SZL2	M640V
Q9Y5P4	K599R
Q6ZTR5	V236M
Q6ZTR5	C345R
Q6ZTR5	A561T
Q6ZTR5	H634Y
P00751	W28R
P00751	W28Q
P00751	R32Q
P00751	A736S
P00751	L9H
P00751	R32W
P00751	G252S
P00751	K565E
P00751	D651E
P08603	Y402H
P08603	E936D
P08603	V62I
P08603	I551T
P08603	S890I
P08603	V1007I
P08603	T1017I
P08603	N1050Y
P08603	I1059T
P08603	T493R
P08603	R567G
P08603	V1007L
P08603	R1078S
P08603	Q1143E
P08603	N997T
P08603	A1010T
P28329	A392G
P28329	R222P
O14646	P264T
Q9P2D1	F2750L
Q9P2D1	M340V
Q9P2D1	A2789T
Q9P2D1	S103T
Q9P2D1	Q201R
Q9P2D1	P369A
Q9P2D1	S466L
Q9P2D1	G522V
Q9P2D1	G636V
Q9P2D1	G744S
Q9P2D1	A2160T
Q9P2D1	A2225T
Q9P2D1	G2330A
Q9P2D1	M2527L
Q9P2D1	R2653Q
Q9P2D1	L2806V
Q9P2D1	S2857A
Q9P2D1	L2984F
Q9P2D1	M37L
Q9P2D1	T93A
Q9P2D1	P167L
Q9P2D1	V238L
Q9P2D1	R286G
Q9P2D1	H524P
Q9P2D1	Q596K
Q9P2D1	K812N
Q9P2D1	P1594S
Q9P2D1	A1672V
Q9P2D1	A1972G
Q9P2D1	R2062W
Q9P2D1	N2118D
Q9P2D1	A2415S
Q9P2D1	G2488D
Q9P2D1	R2491C
Q9P2D1	I2725V
Q9P2D1	A2780V
Q9P2D1	L511V
Q9P2D1	S527A
Q9P2D1	G117D
O14757	R156Q
O14757	E223V
O14757	V312M
O96017	I157T
O96017	L436M
O96017	N446K
O96017	F447I
O96017	E501K
O96017	L512V
O96017	R137Q
O96017	S428F
O96017	R406H
O96017	D347N
O96017	S500C
O96017	H371Y
P35790	S220G
P35790	L422Q
P17787	Q397H
Q07001	Q288E
Q07001	V114L
P07510	A149T
Q7LGC8	I348M
Q9UPZ9	V320I
Q9UPZ9	T471K
Q9UPZ9	R476Q
Q9UPZ9	P98L
O14578	G7E
O14578	R9Q
O14578	L183F
P51788	G199A
P51801	S88R
P51801	N143H
P51801	V334L
P51801	M562T
P51801	K578E
P51801	V104I
P51801	A214G
P51801	I419V
P51801	R395W
P51801	T481S
P51801	S660L
P51801	A287V
O95500	T4M
O95500	I86V
O14967	A160S
O14967	V290I
O14967	R352W
Q8NHS4	A178V
Q8NHS4	V426I
Q8NHS4	A503V
Q8NHS4	D552Y
O75503	E219A
O75503	W26R
O75503	N193K
Q9H078	R327W
Q9H078	R603H
Q96AJ1	R401W
Q14028	L479I
Q14028	N731K
Q9NQW8	P750S
Q6P4Q7	G126R
Q92600	I143T
P78357	V522L
Q96BR5	K219R
O43405	T352S
O43405	P532S
O43405	G135R
O43405	D281N
O43405	I402V
O43405	E518G
Q9UP83	S558P
Q9UP83	H452R
P12107	W8G
P12107	G559S
P12107	L1805F
P13942	D593G
P13942	E824K
P13942	P879L
P13942	P236S
P13942	L894P
Q9UMD9	M231I
Q9UMD9	M238T
P08572	R517K
P08572	G1389R
P08572	V1399I
Q01955	L1474P
Q01955	Q1495R
Q01955	G43R
Q01955	E162G
Q01955	D326Y
Q01955	R408H
Q01955	H451R
Q01955	P574L
Q01955	D1269E
Q01955	L141P
Q01955	K834R
P53420	E570Q
P53420	P1402S
P53420	V1327M
P20908	A114D
P20908	D192N
P20908	N951S
P20908	P908L
P20908	E863V
P20908	V1140M
P25067	G3R
P25067	R155Q
P25067	T645I
P25067	T502M
Q9BWP8	H219R
Q96H96	V16L
Q96H96	P22L
Q96H96	R69H
Q96H96	N336H
Q9Y3A0	G50A
Q96D53	T318M
Q96D53	T462M
Q12887	G340D
Q12887	L258H
Q9H799	F2033S
Q9H799	W322G
Q9H799	S875F
Q9H799	L1196R
Q9H799	P2750S
Q66K79	L5P
Q66K79	T501M
Q66K79	P6L
Q66K79	Q130L
Q66K79	I486T
O43186	A158T
O43186	G122D
O43186	T154A
O43186	H10D
O43186	V66I
P02511	S41Y
P02511	P51L
P53673	T84M
Q8TDX6	V137I
Q8TDX6	F473Y
Q8TDX6	S193N
Q99895	R80W
Q99895	D35H
Q99895	D35N
Q99895	Q48R
Q99895	G218S
Q99895	E225A
Q99895	D260N
Q99895	I209M
Q99895	G227S
P07339	A58V
Q13620	L103P
Q69YN2	R523H
P00387	S66P
P13498	Y72H
P13498	V174A
P13498	E171G
P13498	E193D
P99999	M66L
P99999	K56R
P05108	E314K
P11511	R264C
P11511	W39R
P11511	T201M
P11511	R375L
P11511	R264H
Q16678	L432V
Q16678	P379L
Q16678	N453S
Q16678	S206N
Q16678	R266L
Q16678	Q68R
Q16678	D441H
Q16678	D449E
Q16678	P52L
Q16678	Q144H
Q16678	G184S
Q16678	A189P
Q16678	A330S
Q16678	V422G
Q16678	V518A
Q07973	R157Q
Q9NR63	L264S
Q9NR63	V181M
Q9NR63	A185V
Q9NR63	R191H
Q9NR63	D227N
Q9NR63	V479I
Q9NR63	H64R
O75881	H106Y
O75881	L287S
Q86T65	R105H
Q86T65	R617H
P14868	L426F
Q8N136	T27I
Q8N136	T121S
Q8N136	G259S
Q8N136	L317F
P11182	S384G
P43146	R201G
P43146	M1017V
P43146	I759M
P43146	F23L
P43146	L679R
P43146	H1191L
Q9UHG0	S221G
Q9UHG0	P152A
Q9UHG0	K456N
Q9H816	R46L
Q9H816	H61Y
Q96SD1	A140V
Q96SD1	G153R
Q96SD1	L329M
Q96C86	G73E
Q14203	A163P
Q14203	R495Q
Q14203	I196V
Q16531	L427F
Q92466	A293T
P20711	M17V
P20711	P210L
P20711	M217V
P20711	E61D
P20711	M239I
P20711	M239L
P20711	R462Q
P39656	R8G
Q16832	M441I
Q16832	R478C
Q16832	V543F
Q8TDD1	P821L
Q8TDD1	R570H
Q8TDD1	R693Q
Q8TDD1	V712A
Q9H4E7	N287T
Q16854	L266R
Q96HY7	F20L
Q96HY7	Y272D
Q96HY7	R308L
Q96HY7	I607M
O60231	L502F
O60231	D566G
Q8IY37	R458Q
Q8IY37	V717I
Q8IY37	S869G
Q8IY37	R1081Q
Q8IY37	M96I
Q92620	T1217A
P09622	L331V
P09622	K104T
Q9NYJ7	A115T
Q9NYJ7	F172C
P11532	Q133P
P11532	Q365H
P11532	L623I
P11532	A784G
P11532	D882G
P11532	V1197F
P11532	T1245I
P11532	A1278P
P11532	K1377N
P11532	Q1469L
P11532	R1745H
P11532	R1844S
P11532	R2155W
P11532	R2191W
P11532	K2366Q
P11532	E2910V
P11532	N2912D
P11532	R2937Q
P11532	N1672K
P11532	N2299T
P11532	T409S
P11532	A573V
P11532	T715S
P11532	T1136S
P11532	F1388V
P11532	R2108C
P11532	S666L
Q9P2D7	E205D
Q9P2D7	V441L
Q9P2D7	V1502M
Q9P2D7	R1663C
Q9P2D7	N2384S
Q9P2D7	R3832H
Q9UFH2	D492N
Q9UFH2	I792V
Q9UFH2	I963T
Q9UFH2	M1972V
Q96LL9	G34R
Q96LL9	F167L
O00115	R314L
O00115	R39I
O00115	H204R
Q05193	D744N
Q5JSL3	I813F
Q9UPQ8	D224V
Q9NYP3	S28R
Q9BZG8	K221R
Q9BZG8	I46M
Q12882	S534N
Q12882	I543V
Q12882	V995F
Q12882	V732I
Q12882	M166V
Q02487	N11S
Q02487	A596V
Q02487	Q638H
Q14126	R773K
Q14126	M863L
Q14126	T903I
Q14126	V56M
Q14126	E713K
Q14126	V920G
P15924	Y1512C
P15924	R1738Q
P15924	I305F
P15924	A1505V
P15924	N1526K
P15924	R1537C
P15924	E1833V
Q6XUX3	L432V
Q16828	S144A
Q16828	N313I
Q9Y463	R102H
Q9Y463	S234G
Q86YF9	P736S
Q86YF9	T172M
Q86YF9	M664L
O95672	H10Q
P05305	V186I
P14138	A17T
P24530	G57S
P24530	S305N
P24530	L7Q
P24530	L17F
P24530	F112V
P24530	T244M
P24530	P5T
P24530	R76M
Q12805	I220F
Q5JVL4	R285I
Q5JVL4	I174V
Q5JVL4	C259Y
Q5JVL4	R221C
Q9NR50	D288E
Q9UI10	R306G
Q9UI10	A93V
P41091	K125R
P41091	P432S
Q9BQ52	D436N
Q8N766	L295S
Q8N766	S345T
Q8N766	S347N
P50402	D149H
Q9Y6C2	R149Q
Q9Y6C2	E903K
Q9NRM1	D767G
P22413	K173Q
P22413	Y268H
P22413	R774C
P22413	N179S
P22413	R886T
P22413	L611V
P22413	R821H
Q09472	I997V
Q09472	T2174S
Q09472	N1511I
Q9HCS5	V132I
P54764	R269Q
P54764	R953K
P29323	C289G
P29323	I361V
P29323	R844W
P54760	P67L
P54760	V113I
P54760	D576E
P54760	R678H
P54760	A882T
P54760	E890D
P54760	K162R
P54760	A509G
P07814	D308E
P07814	Q334H
P07814	P893H
P07814	I1043V
P07814	S1107F
P07814	T1399N
P07814	E913G
P19447	K117R
P19447	G402C
Q92889	G703D
Q92889	P379S
Q92889	R576T
Q92889	I717T
Q92889	A168V
Q92889	I706T
Q92889	G912E
Q92889	V33L
Q92889	S768F
Q92889	A860D
Q92889	R150C
Q92889	R267H
Q92889	T621A
P28715	M254V
P28715	D1104H
P28715	S311C
P28715	V145I
P28715	Q256R
P28715	C529S
P28715	Q680R
P28715	N879S
P28715	A1119V
P28715	H181R
P28715	E399K
P28715	V590I
P28715	V597L
P28715	R1009H
P28715	G1080Q
P28715	F670L
P28715	G1053R
P28715	G1080R
P0DP91	R850K
Q03468	K255T
Q03468	G399D
Q03468	P1095R
Q03468	M1097V
Q03468	R1213G
Q03468	Q1413R
Q03468	D425A
Q03468	G446D
Q03468	T942M
Q03468	Y1002C
Q03468	R1230P
Q03468	V1308L
Q03468	G1322V
Q03468	G1372R
Q03468	G1382R
Q03468	G1410R
Q03468	T1441I
Q03468	T1220I
Q03468	D1355E
Q03468	R134W
Q13216	Y200C
Q13216	S150C
Q9H6T0	S111L
Q9H6T0	A528V
Q9H6T0	P627S
O95718	P386S
P57679	Q74P
P57679	Y258H
P57679	G403S
P57679	T449K
P57679	R576Q
P57679	R760Q
P57679	D953G
P57679	A114V
P57679	T372M
Q93063	E576K
O43909	L706P
Q99502	E41K
Q5T1H1	P94Q
Q5T1H1	V136F
Q5T1H1	S326N
Q5T1H1	K532N
Q5T1H1	R551L
Q5T1H1	K938R
Q5T1H1	N1163K
Q5T1H1	D1662V
Q5T1H1	T1664I
Q5T1H1	P1739L
Q5T1H1	W1837S
Q5T1H1	S1915G
Q5T1H1	T1987P
Q5T1H1	I1999V
Q5T1H1	V2040D
Q5T1H1	H2599R
Q5T1H1	A2757P
Q5T1H1	T2831I
P00748	A207P
P00748	G545D
P00748	Y605H
P00748	P342Q
P00488	P565L
P00488	V35L
P00488	L589Q
P00488	V40I
P00488	T650I
P05160	M49V
P05160	R115H
P05160	H350R
P05160	E388V
P05160	Y543S
P05160	D569E
P05160	I342T
P05160	L529P
P00734	T165M
P00734	P386T
P00734	E532Q
P12259	K858R
P12259	H865R
P12259	R334G
P12259	R513K
P12259	D107H
P12259	M413T
P12259	P809S
P12259	N817T
P12259	K925E
P12259	H1146Q
P12259	L1285I
P12259	H1327R
P12259	E1530A
P12259	T1685S
P12259	L1749V
P12259	M1764V
P12259	M1820I
P12259	D2222G
P12259	G15S
P12259	T915S
P12259	N969S
P12259	R980L
P12259	P1404S
P12259	M2148T
P12259	K2185R
P12259	S781R
P12259	L1397F
Q6SJ93	P731A
Q6SJ93	G218D
Q96MK3	N332K
Q96MK3	L530S
Q00597	S26F
Q00597	L190F
Q00597	I312V
Q00597	V449M
Q00597	Q465R
Q00597	I80T
O15287	T297I
O15287	G294E
O15287	S378L
O15287	K430E
O15287	R513Q
O15287	S603F
Q9NW38	S144F
Q8WVX9	E96K
O95363	S57C
Q9Y285	Q341R
Q9NYY8	V445E
Q9UBX5	D364Y
Q9UBX5	V126M
Q9UBX5	G202R
P09467	V325A
P09467	R218K
P09467	F233I
P09467	R255L
P22570	R123Q
P22570	R7L
P22570	G213V
P22570	P248L
P22570	R251W
P22570	R301C
P22570	P352S
Q9BQL6	A534T
P02671	D26N
P02671	G31V
P02671	R35H
P02671	P37L
P02671	R38S
P02671	R38G
P02671	S66T
P02671	R160S
P02671	S453N
P02671	V39D
P02671	I6V
P02671	T331A
P02671	T456A
P02671	K446E
P02675	R74C
P02675	A365T
P02675	P100S
P02675	N170H
P02675	P265L
P02675	K2E
P98174	P312L
Q92913	K197Q
P22607	A441T
P22607	I726F
P22607	T338M
P22607	D646N
P22455	V10I
P22455	P136L
P22455	T179A
P22455	D516N
P22455	G426S
P22455	V550M
P22455	R529Q
P02679	R301C
P02679	N334K
P02679	N334I
P02679	M336T
P02679	Q355R
P02679	D356Y
P02679	R401G
P02679	G191R
P02679	M410V
P02679	Y140H
P02679	E77G
Q92562	D48G
Q92562	R388G
Q92562	I411V
Q92562	Y647C
Q92562	I902T
Q96AY3	K197R
O75072	N446D
O75072	R56C
Q8NFG4	R362C
Q13045	R1243H
P21333	V320A
P21333	F370L
P21333	V552A
P21333	A1764T
P21333	V528M
P21333	S1012L
P21333	A1419G
P21333	E1803K
P21333	T429M
P35916	R1031Q
P35916	D1049N
P35916	R1075Q
Q9UPI3	V16A
P31513	E158K
P31513	E362Q
P31513	D132H
P31513	G503R
P31513	D198E
P31513	R205C
P31513	K416N
Q06787	R546H
Q06787	A145S
P02751	Q15L
P02751	I2051V
P02751	S1558R
P02751	I2212V
P02751	T817P
P02751	V2261I
P15328	W160C
P15328	W28R
Q99958	S191F
O00358	N132D
Q13461	G196A
Q13461	S300G
Q13461	G49A
Q9H334	S5P
Q9H334	M101V
Q9H334	S261P
Q9H334	T390S
Q9H334	T613N
Q96CU9	A343P
Q96CU9	V145I
Q96CU9	H380R
P04066	C269S
P04066	P146L
Q9ULV1	P168S
Q9ULV1	K203N
Q9UBS5	A20V
Q9UBS5	G489S
P18505	I429N
P18507	H357R
P18507	N79S
Q99259	V474G
Q99259	F565L
Q99259	I228L
Q99259	S12C
P51570	I184M
P51570	G274D
P51570	V338A
Q8IXK2	G3E
Q8IXK2	R552K
Q10471	V554M
Q10471	R245H
Q10471	M493V
Q14353	T209M
Q14353	P8T
Q14353	R44L
Q14353	M71V
Q14353	S76L
Q14353	V78M
Q14353	V95I
Q14353	R105Q
Q14353	Q106P
Q14353	T146R
Q14353	A156D
Q14353	F157L
Q14353	T167I
Q14353	A196T
Q14353	A196V
Q14697	R309C
Q14697	Q95R
P41250	S635L
P41250	R310Q
P23769	T235N
P23771	G242S
P43694	S377G
P43694	D425N
P43694	V39L
Q9BWX5	S19W
Q9BWX5	G166S
Q9BWX5	T67P
Q92908	P91S
Q92908	A177T
Q92908	A543G
Q92908	R585L
Q8WXI9	I316V
Q8WXI9	S586L
P50440	S231C
P50440	D234G
Q04446	T265S
Q04446	I334V
P47871	P114A
P47871	F303C
Q14397	P446L
Q14397	E77G
Q14397	G256S
Q14397	R540Q
P48506	L55S
P48506	P462S
Q9NR23	G213R
Q6KF10	K110E
Q8TEQ6	R682Q
Q8TEQ6	P1155S
P01241	T3A
P01241	S105C
P01241	V136I
P01241	C79S
P01241	I205M
P10912	R179H
P10912	C440F
P10912	P495T
P10912	I544L
P10912	P579T
P10912	V162F
P10912	E465K
O95452	S139G
P32189	S185N
P32189	N232H
P32189	A382T
P32189	N79K
P32189	P131T
Q8NCI6	R163P
Q8NCI6	V474M
Q6ZMI3	S141N
Q6ZMI3	S265N
Q6ZMI3	D351N
Q53GS7	G130D
Q53GS7	R590Q
Q8IVS8	L170V
Q96IJ6	S21F
Q96IJ6	V156A
P19087	G183D
Q3T906	E1200K
P07359	R72H
P07359	A254S
Q9HCN6	L317Q
Q9HCN6	N322H
Q9HCN6	P219S
Q9HCN6	E237K
Q9HCN6	A249T
Q9HCN6	R335G
Q96P66	V124L
Q96P66	L376P
Q8TE85	D55E
P42263	F525L
O43424	T68M
O43424	F398S
O43424	V490I
Q13002	M867I
Q13002	V766I
Q05586	I540M
Q05586	A682S
Q05586	A349S
Q05586	T419A
O15399	M883I
O15399	A982P
O15399	G1317S
Q15835	E136Q
Q15835	T298M
Q15835	N330S
Q15835	C514S
Q15835	M522T
Q15835	S536L
O15303	E227V
O15303	I236F
O15303	M712V
O15303	A807V
O15303	T817S
Q14831	Y433F
Q14831	I495V
Q14831	G745E
A8MXD5	G51E
O43708	K32E
O43708	R42G
O43708	M82T
O43708	N133H
Q12789	F1959S
Q12789	E2077K
Q969Y2	E225K
Q969Y2	A322P
P25092	C30R
P25092	R114Q
P25092	R464L
P25092	E610K
P25092	I859V
P25092	Q1045R
P25092	Y1072C
P25092	F281L
Q16836	L86P
Q16836	Q152H
Q16836	Y226H
P42357	V439I
P12081	A5E
O00165	P49S
O00165	S151G
O00165	S278P
O60741	P42S
Q9Y3Q4	R550C
Q30201	V53M
Q30201	V59M
Q30201	E277K
Q30201	T217I
Q30201	R224Q
A2PYH4	S115P
A2PYH4	I117V
A2PYH4	I939V
Q2TB90	D54G
Q2TB90	T124I
Q2TB90	L204P
Q2TB90	W721R
Q2TB90	N917K
P20823	I27L
P20823	H514R
P20823	S574G
P09651	G283R
P35453	S252A
P32754	T33A
P32754	I267F
P32754	V340L
P32754	R113Q
O43593	R620Q
O43593	G337D
O43593	P924L
O43593	L526P
P04196	P204S
P04196	D118G
P04196	H340R
P04196	I180T
P04196	G436R
P04196	R448C
P04196	N493I
P04196	S79L
P37058	V31I
P37058	G289S
P37058	G289C
P37058	G289R
P51659	F90L
P51659	A427V
P51659	A606S
P42858	E1382A
P42858	G893R
P42858	V1064I
P42858	I1091M
P42858	T1173A
P42858	N1385H
P42858	T1720N
P42858	D2113Y
P42858	Y2309H
P42858	V2786I
P42858	G551E
P41252	M769I
P41252	K1182E
P41252	M1188T
Q9P2D0	V1065I
Q9P2D0	A1185V
P48735	R172T
O43837	A3V
O43837	Q166H
Q96RY7	D165A
Q96RY7	R279P
Q96RY7	R280Q
Q96RY7	V398I
Q96RY7	A451V
Q96RY7	R110H
Q96RY7	P161T
Q96RY7	E243G
Q96RY7	W459S
Q96RY7	D787G
Q96RY7	P1353R
Q96FT9	R85H
Q96LB3	I55M
Q96LB3	T110A
Q96LB3	F224L
Q96LB3	N355T
Q96LB3	T597I
Q96LB3	K85R
P08069	R605H
P08069	R511Q
P08069	H808R
P08069	A828T
P08069	R595H
P08069	A1338T
P38935	P557A
Q8N6C5	N381H
Q8N6C5	E774G
Q13651	R212Q
Q13651	P353S
Q14626	R395W
Q8NFM7	T255M
Q8NFM7	V301M
P01589	I272T
P31785	T44S
P40189	L8V
P40189	G148R
P40189	L397V
P40189	I454T
P40189	V499I
P16871	E113D
Q17R60	H518D
Q17R60	R704W
Q17R60	G463V
Q17R60	K569R
Q17R60	R711H
Q17R60	S761N
Q9BZV3	K344N
Q9BZV3	P1013L
O15357	L632I
O15357	V721M
O15357	N982S
O15357	A1083G
O15357	A1114G
P51460	A24G
P51460	V43L
P51460	T60A
P51460	R102H
P06213	P220L
P06213	V1012M
P06213	M1180I
P06213	I448T
P06213	Q492K
P06213	I1023F
P06213	K1095E
P06213	Y1361C
P06213	Q695R
P06213	G811S
P06213	L1065V
P06213	T1282A
P06213	P830L
P06213	A2G
P06213	Y171H
Q9Y283	S888R
O15397	I6F
O15397	I640V
Q6DN90	P640S
P26006	I268F
P26006	A719T
P05107	H354Q
P05106	L59P
P05106	R169Q
P05106	P433A
P05106	R515Q
P05106	R662C
P05106	V453I
P05106	T166I
P05106	L66R
Q13352	I30V
P16144	R98H
P16144	R844L
P16144	H1216Q
P16144	Q478H
P16144	L1779P
P16144	T1764S
P18564	P437T
Q08881	R581W
Q14643	I1430V
P78504	V45L
P78504	R818K
P78504	R1213Q
P23458	N973K
P52333	P12L
P52333	R40H
P52333	L521V
P52333	I688F
Q9BR39	R436C
Q9BR39	E169K
Q63ZY3	G118S
Q63ZY3	M401T
Q9BVA0	M181V
Q9Y6J6	T8A
Q9Y6J6	A66V
Q9Y6J6	T8I
Q14654	E10K
Q14654	K23E
Q14654	L270V
Q14654	L355P
Q14654	S385C
Q14654	R195H
Q14654	I148S
Q14654	A18G
O60928	T175I
O60928	P290Q
O60928	G309C
O60928	R162Q
O60928	E276A
O43525	N468S
Q6UVM3	C413W
Q6UVM3	K429N
Q96MP8	R84W
Q8NAX2	Q100R
Q8NAX2	R107W
Q7LBC6	A256T
Q7LBC6	S1201N
O15550	Q497H
O60938	V235G
Q14807	R232Q
Q02241	F515L
O95239	L422W
O95239	L1193S
Q2M1P5	H1115Q
P10721	D820G
P10721	V532I
P10721	M541L
P10721	C691S
P10721	S715N
P10721	M541V
P21583	F232Y
Q99612	S180L
Q9UBX7	G49E
Q9UBX7	R166C
Q9UBX7	A32T
Q03164	P2354R
Q03164	Q2387R
Q03164	V3714I
Q03164	S3773A
Q03164	Q1975P
Q9UMN6	P587R
Q9UMN6	P754L
Q9UMN6	P1097L
Q9UMN6	P1829L
Q9UMN6	D2364G
Q9UMN6	K2408N
Q9UMN6	T172I
Q9UMN6	T215N
Q8IZD2	S1424P
Q8IZD2	P1376L
Q8N816	I4M
Q8N816	Y79H
Q8N816	L95R
P05783	S230T
Q7Z3Z0	S54L
P02538	N21S
P02538	G111D
P04259	N21S
P04259	N227S
P04259	I365V
Q7RTS7	N165K
Q7RTS7	E271D
Q7RTS7	L178Q
P05787	I63V
P05787	R401W
P05787	S417G
P05787	G429D
Q14533	G52R
Q14533	L248R
Q14533	R316C
Q16719	K412E
Q16719	R188Q
Q9H9P8	L18R
Q9H9P8	Y178F
Q9H9P8	R33S
P24043	L545Q
P24043	Y2586H
P24043	E2614K
P24043	R96S
P24043	Y240H
P24043	K1561Q
P24043	A1945T
P24043	A2587V
P24043	T2636A
P24043	T3029A
P24043	C199S
P55268	E987K
P55268	G700E
P55268	R1148H
P55268	A1765T
P13473	P256H
O95461	R68G
O95461	R68P
Q14739	T311A
Q14739	R169C
Q86VQ0	A546P
O75112	V55I
O75112	V635I
O75112	P101L
Q86WU2	R233K
Q5SZI1	N134T
Q5SW96	T56M
Q9Y2U8	D260Y
Q96B70	H153R
Q96B70	R499P
O95202	I305L
Q8NES3	G38R
Q8N145	A524T
Q5TDP6	N26Y
Q5TDP6	G46E
Q5TDP6	N137H
Q969G2	N328S
P49916	R867H
P49916	R224W
P49916	P986S
P49916	K898T
P49916	Y768H
P11150	S440N
P11150	V342I
P11150	D409A
P20700	K33T
Q0VAK6	A560V
Q0VAK6	K438M
Q0VAK6	I263T
Q0VAK6	R83H
P36776	A829T
P36776	V911I
P23490	S29G
P28300	R158Q
P43657	C137W
P43657	I33V
P43657	W307C
Q07954	A217V
Q07954	N166D
Q07954	V2059L
Q07954	D2080N
Q07954	Q2900P
Q07954	E4536G
Q07954	H3258Q
O75096	I1086V
O75096	S1554G
O75096	R1646Q
O75096	L314S
O75096	A1203V
O75096	A1238T
O75581	V1062I
O75581	V483I
O75581	S817C
O75581	R1401H
Q5S007	R50H
Q5S007	L119P
Q5S007	D944Y
Q5S007	P2119L
Q5S007	N2261I
Q5S007	D1375E
Q5S007	C228S
Q5S007	A716V
Q5S007	K871E
Q5S007	L1870F
Q5S007	E2395K
Q14767	P591S
Q99698	E702G
Q99698	V2936I
Q99698	T2116M
Q9NQ48	K152E
Q9NQ48	D246N
Q9NQ48	Q251R
Q9Y250	L475V
Q9Y250	S50F
O94854	I960V
O94854	T1105A
O94854	E1194K
Q9UPN3	M4357V
Q9UPN3	K6201R
Q9UPN3	A6308T
Q9UPN3	S6628T
Q9UPN3	T6752I
Q9UPN3	I6855V
Q9UNF1	Q266R
P20794	I189V
P20794	N384S
P20794	P520S
P20794	F550L
P20794	D329E
P20794	P325L
O00754	P248L
O00754	P282S
O00462	V253I
O00462	T701M
O00462	V253L
Q13233	S92N
Q13233	C443S
Q13233	D806N
Q13233	V906I
Q9NYL2	S531L
Q9NYL2	T267M
Q9NYL2	A281V
Q9NYL2	R580W
Q9NYL2	P740T
Q9NYL2	Y773H
Q9NYL2	K784T
Q13164	G550A
Q13164	R535H
Q15555	Y162C
P10636	T30A
P10636	V617I
P56192	A683D
P56192	P206L
P56192	R727Q
O60307	G883S
O60307	R203Q
O60307	G861S
O15232	T303M
O15232	P11S
P43243	E664A
Q8IVS2	A303G
Q96RQ3	N560T
Q96RQ3	P632S
O60318	S102L
O60318	M288V
O60318	R333L
O60318	P413L
O60318	P1051L
O60318	V1062M
O60318	D1449E
O60318	V1576I
O60318	A1795T
O60318	L1870R
O60318	A1941V
O60318	R1831C
P33992	S136T
P33992	T180S
Q03112	P120S
Q03112	Q295R
Q9BV79	F96L
Q9BV79	R227K
Q9BV79	R258L
Q93074	Q1392R
Q9UHV7	A1370P
Q9UHV7	A1385P
Q06413	C39R
Q96KG7	P897L
Q12866	R865W
Q12866	R293H
Q12866	I871V
Q12866	V185M
Q12866	E289K
Q12866	V452L
Q12866	E823Q
Q12866	N329S
Q12866	F214V
Q12866	P958L
P08581	A320V
P08581	L238S
P08581	I316M
P08581	N375S
P08581	R970C
P08581	R143Q
P08581	S156L
Q99797	A137V
Q99797	R340Q
Q99797	R453H
Q99797	S488G
O75030	E425K
Q9NPJ1	G49V
Q9NPJ1	I339V
Q9NPJ1	T325P
Q9NXB0	L39F
Q9NXB0	R123Q
Q9NXB0	D286G
Q9NXB0	I450T
P08473	Y497H
P45452	H2L
P08253	A447V
P08253	V621L
P08253	D210Y
Q8N119	V191A
Q8N119	A95E
Q8N119	P115Q
Q8N119	D263E
Q8N119	A311T
Q8N119	R360H
Q13724	E236Q
Q13724	R495P
Q9Y6X9	Y248C
Q9Y6X9	R283H
Q9Y6X9	D466H
Q9Y6X9	R585C
Q9Y6X9	E757G
Q9Y6X9	T228M
Q9Y6X9	E906K
P00540	R96L
P00540	A105S
P00540	S300P
P40238	A58V
P40238	E168K
P40238	K39N
P40238	V114M
P05164	I717V
P05164	V53F
P05164	R604C
P05164	E683Q
P49959	M157V
P49959	D468G
Q9Y399	H294R
Q9Y399	D112G
Q9Y399	M158V
O15457	A60V
O15457	A90T
O15457	A97T
O15457	E162K
O15457	Y589C
O15457	S914N
P52701	D1213V
P52701	V1260I
P52701	I886V
P52701	P623A
P52701	K13T
P52701	A25V
P52701	Y538S
P52701	S580L
P52701	V1232L
P52701	E1234Q
P52701	R1321G
P52701	K295R
P52701	L585P
P52701	S677T
P52701	P1087R
P00395	M273T
P00395	I280T
P00395	T10A
P00395	F94C
P00395	V155L
P00395	G224A
P00395	F305L
P00395	F235S
P00395	T415A
P00414	H3R
P00414	F35S
P00414	V91I
P00414	Q177R
P00414	V254I
P03905	A79P
P03905	T109P
P03905	I132T
P03905	M294T
P03915	A475T
P03915	P17S
P03915	F95S
P03915	S99P
P03915	G146D
P03915	A160V
P03915	N165S
P03915	F304S
P03915	T331A
P03915	D503G
P03915	T211P
P03915	I257V
P03915	M314V
P03923	Y165C
P03923	V31A
P03923	I33V
P03923	I58V
P42898	A222V
P42898	R68Q
P42898	E429A
P42898	R519H
P42898	G566E
P42898	E470A
P42345	M1083V
P42345	A1134V
P42345	S1178F
P42345	L2220F
P42345	V2406A
Q99707	R61K
Q99707	C255Y
Q99707	D919G
Q99707	R52Q
Q99707	D314N
Q9ULD2	C148R
Q9ULD2	T186S
Q9ULD2	T425M
Q9ULD2	K453T
Q9ULD2	K911T
Q9ULD2	K1063T
Q9ULD2	E1105Q
O15146	A27G
O15146	N222S
O15146	L629F
O15146	V644A
O15146	P696L
O15146	E782D
P35749	A1234T
P35749	V1289A
P35749	V1310M
P35749	M1508V
P35749	A616G
P11055	D1622A
P11055	A1637V
P13533	E88Q
P13533	L783M
P13533	T1737S
P13533	Q1593L
P13533	G56R
P13533	I275N
P35579	V967E
Q9UKN7	T2205I
Q12965	A221V
Q12965	G795R
Q12965	P1049H
Q12965	T469M
Q9ULV0	K942R
Q9ULV0	M1688V
Q99972	F4S
Q99972	C9S
Q99972	G12R
Q99972	Q19H
Q99972	N73S
Q99972	R76K
Q99972	R82H
Q99972	R189Q
Q99972	S203F
Q99972	V329M
Q99972	K398R
Q99972	V402I
Q99972	R422C
Q99972	V495I
Q99972	K500R
Q99972	P16L
Q99972	A17S
Q99972	N57D
Q99972	N57S
Q99972	D77E
Q99972	L95P
Q99972	L215P
Q99972	E414K
Q99972	R470H
Q6NSJ0	N4I
Q6NSJ0	D53E
Q6NSJ0	R199S
Q6NSJ0	F385Y
Q9UBF9	K74Q
Q9UBF9	Q50R
Q86TC9	R955Q
Q86TC9	L1161I
Q86TC9	V1306G
Q6IA69	V74L
Q6IA69	P297L
Q6IA69	G704S
Q6IA69	Q204H
Q6XQN6	A57V
Q8IW45	K140E
Q8IW45	V149I
Q8IW45	P152T
Q8NCW5	V19L
Q86XI2	E867D
P19878	R328K
P19878	M79V
P19878	G369R
Q92542	V75I
O75306	P20T
O75306	P229A
O75306	P352A
O75306	A224V
O75489	P249Q
P49821	I76V
P49821	N277Y
Q96NY8	F53L
P07196	E7K
P07196	I213M
Q6ZWH5	F50L
Q6ZWH5	G67S
Q6ZWH5	L513S
Q6ZWH5	L701V
Q8TD19	R429H
Q6NW34	E101K
Q6NW34	P352S
Q6NW34	F357I
Q6NW34	T476A
Q6NW34	S490P
Q13562	P197H
Q0ZGT2	G245R
Q0ZGT2	R335K
P35240	K79E
P35240	L117I
P35240	V219M
P35240	L339F
P35240	R418C
P35240	R351H
Q16236	S99P
P19838	T566I
P19838	R578K
P19838	A901T
Q96IV0	V581I
Q96IV0	Q591R
Q9NPE2	L174F
Q9H9Q4	H89R
Q9H9Q4	Q256L
Q8N2Q7	R756H
Q9NZ94	S92Y
Q9NZ94	L718I
Q9NZ94	G751W
Q9NZ94	G778S
Q9C000	R1366C
Q9C000	R404Q
Q9C000	T246S
Q9C000	V1059M
Q9C000	L155H
Q9C000	T878M
Q9C000	H1069Y
Q9C000	M1119V
Q9C000	M1184V
Q9C000	V1241L
Q8WX94	T971A
Q9HC29	T189M
Q9HC29	N289S
Q9HC29	A918D
Q9HC29	P463A
Q9HC29	G464W
Q9HC29	R791W
Q9HC29	N825K
Q9HC29	A849V
Q9UHC9	V55L
Q9UHC9	M510I
Q9UHC9	E1308K
O75161	R740H
O75161	L939Q
O75161	R1044H
O75161	V1236M
Q14995	P21H
Q14995	Q282K
Q14995	P288R
Q14995	M386L
P04150	F29L
P04150	L112F
P04150	D233N
P04150	C421Y
Q96L73	V614L
Q96L73	A691T
Q96L73	S726P
Q96L73	A1036P
Q96L73	L1091I
Q96L73	M2250I
Q96L73	M2261T
P34130	S89N
P34130	R90C
P34130	R114G
P34130	R133H
P34130	R140C
P34130	T207I
P34130	T207S
Q96CW9	T346A
P04629	G613V
P04629	R780Q
P04629	Q80R
P04629	V238G
P04629	R260G
P04629	R452C
P04629	V790I
P04629	R6W
Q16620	N338Y
Q16620	G309R
Q16620	G545V
Q8TB37	N198T
Q92621	P33S
Q92621	E1356Q
P35658	P574S
Q8N1F7	S509R
P00973	G162S
P00973	D354G
P00973	R361T
P00973	N31D
P00973	G127R
P00973	A352T
Q04671	A257D
Q04671	L440H
Q04671	L440F
Q04671	V350M
Q04671	I370T
Q04671	T387M
Q04671	E678K
Q04671	V519A
Q68BL8	Y10C
Q68BL8	W470R
P04000	A180S
P04000	I111V
P04000	S116Y
P04000	M153L
P04000	I230T
P04000	A298P
P04000	I274V
Q13415	R19S
Q13415	Q180H
Q13415	V190M
Q13415	A372V
Q13415	R441M
Q13415	K456E
Q13415	T466M
Q13415	C469Y
Q13415	M816T
Q9Y5N6	R32W
Q9Y5N6	P138Q
Q99650	G210W
Q99650	E527K
Q99650	D553N
Q99650	P936S
Q99650	H187Q
Q99650	P959R
Q9HC10	R1680H
Q9HC10	R773S
Q9HC10	D1322E
Q9HC10	G1888D
Q9HC10	R1236Q
Q9HC10	T1688K
Q9HC10	V1886A
Q96BN8	S227N
Q96BN8	M155L
Q96BN8	N311S
Q96BN8	Q115H
Q96RD7	Q5H
Q96RD7	I272V
O95340	R432K
O95340	E183K
Q99497	G150S
Q99497	A171S
P29120	R80Q
P29120	N221D
P29120	Q665E
P29120	S690T
Q9Y233	L579P
Q9Y233	R982K
Q9Y233	D983N
Q14432	D12N
P16499	V277A
P16499	P293L
P16499	K827Q
P16499	G850V
P16499	Q492H
P35913	E166K
P35913	Y212H
P35913	L228I
P35913	V320I
P35913	E654D
P16234	S478P
P16234	G426D
P16234	R764C
P16234	L507P
P16234	V561D
P16234	H570R
P16234	H650Q
P16234	N659S
P16234	D842V
P16234	Y849S
P09619	S180F
P09619	E282K
P09619	N718Y
P52945	C18R
P52945	Q59L
P52945	D76N
P52945	R197H
P36871	K68M
O95394	D466N
Q9C0D0	I247M
Q8WWQ0	V663G
Q8WWQ0	T874I
Q8WWQ0	L1093P
Q8WWQ0	T1135P
Q8WWQ0	N1445T
Q93100	Q657K
Q99453	R100L
Q99453	G197D
Q8WXW3	I167V
Q8WXW3	I630V
Q8WXW3	E89Q
Q92508	E2392K
Q92508	G2394S
Q92508	E2407K
Q92508	E2407Q
Q92521	I68L
Q92521	M162T
Q92521	W299L
Q92521	L484S
Q92521	K551T
Q92521	S502G
O95427	L469F
O95427	F904C
P27986	R409Q
P27986	E451K
Q9BXM7	P305L
Q9BXM7	A340T
Q9BXM7	N521T
Q9BXM7	L148W
Q9BXM7	P196S
Q9BXM7	P209L
Q9BXM7	A339T
Q9BXM7	M341I
Q9BXM7	C377F
Q9BXM7	S477T
Q9BXM7	L67F
Q9BXM7	R68P
Q9BXM7	R98W
Q9BXM7	I111S
Q9BXM7	Q115L
Q9BXM7	A124V
Q9BXM7	T145M
Q9BXM7	K186N
Q9BXM7	E231G
Q9BXM7	N235I
Q9BXM7	T257I
Q9BXM7	R263G
Q9BXM7	R276Q
Q9BXM7	P296L
Q9BXM7	V317I
Q9BXM7	M318L
Q9BXM7	P322L
Q9BXM7	D362H
Q9BXM7	A383T
Q9BXM7	G395V
Q9BXM7	G411S
Q9BXM7	P425S
Q9BXM7	Y431H
Q9BXM7	I442T
Q9BXM7	N451S
Q9BXM7	L461S
Q9BXM7	E476K
Q9BXM7	R501P
Q9BXM7	D525N
Q9BXM7	A537T
Q9BXM7	C575R
Q9BXM7	P399L
Q0ZLH3	R265C
Q0ZLH3	L299R
Q13563	R28P
Q13563	I452V
Q13563	P24L
Q13563	A190T
Q13563	F482C
Q13563	M800L
Q99959	S140F
Q99959	A195V
Q99959	P276S
Q99959	A372P
Q99959	T526M
Q99959	V587I
Q99959	R490W
Q99959	N76S
Q99959	K112N
P47712	R651K
P47712	G103R
Q15147	G710S
P51178	R257H
Q9P212	R1575P
Q9P212	K2173R
P19174	I813T
P19174	S279G
P19174	T209N
P19174	S739T
Q13393	A622S
Q13393	V820M
Q13393	P49A
Q13393	V1024I
Q6IQ23	L241I
Q6IQ23	A248V
Q6IQ23	Q279R
Q6IQ23	V693I
Q6IQ23	S689R
P00747	I46R
P00747	K453I
P00747	E57K
P00747	H133Q
P00747	R261H
P00747	R408W
P00747	D472N
P00747	A494V
P00747	R523W
P00747	V676D
P00747	R89K
Q02809	E67D
Q14651	I146M
Q14651	S216L
P54278	R20Q
P54278	T485K
P54278	T511A
P54278	T597S
P54278	T277K
P54278	P470S
P54278	N775S
P54278	K541E
P54278	I18V
P54278	D60E
P54278	R563L
P54278	L571I
P54278	G857A
P54278	A423T
P54278	T511M
P54278	T511P
P54278	S36R
P54278	V475E
P54278	D699H
P54278	D792N
P54278	I853M
P54278	G232E
P54278	S238R
P54278	N335S
P54278	G779R
P54278	R799Q
P54278	V816E
Q96T60	A63V
Q8TCS8	E230Q
Q8NBT0	G79S
Q8NBL1	K75R
Q8NBL1	P229T
P09884	Y740H
Q9UHN1	A169T
Q9UHN1	G416A
Q9Y253	G209V
Q9Y253	R334W
Q9Y253	T478M
Q9Y253	L584P
Q9Y253	M595V
Q9Y253	M647L
O95602	P150A
O95602	Q349E
O95602	K364E
O95602	A1141T
Q9H9Y6	S295L
Q9H9Y6	H887R
O00411	E555A
Q9H5K3	Y140F
Q9H5K3	V254M
Q9Y6A1	Q251W
Q9Y6A1	L285F
Q9Y6A1	R522K
Q9UKY4	A54E
Q99575	S127L
Q99575	K522N
Q99575	L994V
P16435	A500V
P16435	R551Q
P16435	P225L
P16435	D252N
Q9NUX5	V529M
P49335	G237A
P37231	P12A
P37231	V318M
P37231	P495L
P37231	P40A
P30048	S55R
P30048	A218T
P30048	T234I
P30048	R170Q
Q70Z35	D312N
Q96MT3	I69T
Q96MT3	N81H
Q96MT3	V121I
Q96MT3	T275M
Q96MT3	R682C
Q96MT3	S739F
Q96MT3	D771N
P17612	L41V
P17612	R46Q
P17612	S264C
P22694	R106Q
Q9UGJ0	M6L
Q02156	A333V
Q02156	P389R
Q02156	T563M
P05129	R141C
P05129	H415Q
P05129	A523D
P05129	R659S
O60260	Q100H
O60260	S167N
O60260	R271S
O60260	R334C
O60260	A339S
P16471	I100V
P04156	A117V
P04156	M129V
P04156	N171S
P04156	E219K
P04156	T188R
P04156	P238S
P04156	G127V
Q8NCQ7	D245A
Q8NCQ7	E320K
O43272	A167V
O43272	W185R
O43272	P406L
O43272	T466M
O43272	T275N
O43272	G444D
O43272	P8L
O43272	P19Q
O43272	P30S
O43272	A58T
O43490	A31G
O43490	A31S
O75360	N20S
Q6P2Q9	K68E
Q6P2Q9	R227H
Q6P2Q9	P874L
Q6P2Q9	N1293H
Q7Z6L0	A214P
Q7Z6L0	R245H
Q9Y617	P87A
P28065	R60H
P28065	G9E
P28065	V32I
P28065	R173C
Q9UIG5	P24T
Q9UIG5	E34Q
Q9UIG5	R37H
Q9UIG5	P133L
Q9UIG5	E34K
Q9UIG5	P43S
Q96NR3	L73F
Q96NR3	I173V
Q96NR3	V195I
Q96NR3	P251L
Q96NR3	H359R
Q96NR3	E479G
Q96NR3	N497K
Q96NR3	R82H
Q96NR3	V882A
Q96NR3	G303R
Q9H3S7	A944T
Q9H3S7	P1099S
Q9UMZ3	T1040I
Q9UMZ3	F1098L
Q9UMZ3	A1120P
Q9UMZ3	N1244D
Q9UMZ3	I1734T
Q9UMZ3	R2121K
Q9UMZ3	Q471E
Q92626	Q1261R
P32322	A189V
P06737	V231E
P06737	R715S
P06737	R425P
P06737	V698G
Q9ULC3	K40R
Q9ULC3	S101A
P51159	T62S
P51159	L84F
P51159	T85P
P51149	K32E
P63000	N26D
P63000	F28L
P63000	A59T
P63000	D63G
P63000	V93I
P63000	V93G
P63000	T108I
P63000	K130R
P63000	K133E
P63000	P180S
P63000	V182E
P63000	T135I
Q9H4I0	C90R
Q9H4I0	I152L
Q9H4I0	H423P
O43502	I144T
O43502	R249C
O43502	G3R
O43502	D159N
O43502	V169A
O43502	G264S
O43502	G264V
O43502	R366Q
O43502	I52L
O43502	G114V
O43502	A175T
O43502	L262V
P49792	P1892A
P49792	R784K
P49792	V548L
P49792	E580K
P49792	C581Y
P49792	P1870L
P49792	S725G
P49792	P1892R
Q13702	Q8K
P54136	R135G
Q5T160	D367G
P06400	Q436K
P06400	A525G
P06400	E746G
P06400	N133H
P06400	L569F
P06400	D697E
P06400	Y173H
Q06330	K291E
Q06330	D334H
Q06330	R419Q
Q06330	P425S
Q06330	A456V
Q06330	I408V
Q8NDN9	A24V
Q8NDN9	T500I
P46063	K487T
P46063	D495H
P46063	V102I
P46063	V372I
P00797	R33W
P00797	G217R
P00797	Q160K
O14593	Q251E
P47804	V132L
P47804	H152N
P47804	S241F
P47804	A234T
Q02094	N242D
Q02094	Q106E
Q02094	K164Q
Q02094	S227L
O95786	R7C
O95786	D580E
Q6NUQ1	F668S
Q6NUQ1	P759L
Q92963	S35T
Q92963	F82V
Q92963	T83P
Q92963	Y89H
Q9NVW2	H590P
Q96EP0	V1061I
Q8WZ75	Q54R
P35398	T476A
Q92834	R425K
Q92834	I431V
Q92834	G566E
Q92834	T533M
Q92834	S76I
Q92834	N345D
Q92834	Q184H
Q96KN7	S601L
Q96KN7	A960P
Q96KN7	M32L
Q96KN7	S135R
Q96KN7	A318V
Q96KN7	P585S
Q96KN7	C603S
Q96KN7	A635G
Q96KN7	T638I
Q96KN7	A764V
Q96KN7	R814L
Q96KN7	A837G
Q96KN7	I838V
Q96KN7	A841T
Q96KN7	R852Q
Q96KN7	G883D
Q96KN7	S601W
Q96KN7	H1057L
Q96KN7	D876G
Q68CZ1	L447S
Q68CZ1	L546F
Q68CZ1	V647I
Q68CZ1	R937L
P08865	R117W
P08865	M185V
P08865	V257G
P08865	A278T
Q9HB90	D116G
Q9NZ71	N124S
Q9NZ71	Q1042H
Q9NZ71	R684Q
Q9NZ71	Q829P
Q9NZ71	G849D
Q9NZ71	A929T
Q9NZ71	P1034H
Q9NZ71	A1059T
Q9BZR6	V53M
Q9BZR6	R68H
Q9BZR6	G141S
Q9BZR6	R227H
Q9BZR6	D259N
Q9BZR6	V263M
Q9BZR6	G314S
Q9BZR6	P329L
Q9BZR6	V363M
P19793	P261L
P19793	S336I
P19793	A327S
P19793	A398V
Q9NZJ4	K2017N
Q9NZJ4	N4217D
Q5K651	I143T
Q5K651	N449S
Q5K651	V549L
Q8IVG5	V266I
Q8IVG5	F289S
Q8IVG5	G1137A
Q8IVG5	N1516T
O94885	P298Q
O94885	Q884R
Q9UPW6	S263P
Q86WG5	P303L
Q86WG5	E679K
Q96GP6	E778D
Q96GP6	L779V
Q96GP6	T425S
Q96GP6	H522L
Q96GP6	P174S
Q8WU76	L512S
Q07699	D25N
Q07699	K208I
Q07699	C211Y
Q07699	G213D
O60939	R47H
Q9NY46	S606T
Q9NY46	L1813S
Q9NY72	S97N
Q15858	W1161R
Q15858	D1919G
Q15858	M932L
Q15858	M943L
Q15858	I228M
Q15858	S490N
Q15858	E519K
Q15858	K666R
Q15858	I695M
Q15858	I750V
Q15858	L1134F
Q15858	L1278V
P37088	P402H
P51168	A336P
P51168	V434M
P51168	R597H
P51168	R624C
P51168	E632G
Q96KG9	P479L
Q96KG9	W755S
P31040	F33V
P31040	D38V
P31040	E240Q
P31040	V657I
P31040	V333I
P31040	Y629F
P31040	T508I
Q86U17	T406S
Q86U17	E230A
P05543	S43T
P05543	A133P
P05543	A211T
P05543	L247P
P05543	H351Y
P05543	P383L
P50452	R68Q
P50452	K158N
P50452	T304A
P50452	H359R
P05546	A7T
P05546	H60P
P05546	K237R
P05546	T442M
P05546	S87N
P05546	L129V
Q9Y6X0	D908N
Q9C0A6	R119I
Q9C0A6	T1308I
Q7Z333	T1855P
Q7Z333	K992R
Q8IWL2	Q223K
Q8IWL2	P5L
Q8IWL1	L12W
Q13326	N287S
O95470	V21L
O95470	I184T
P51688	V226A
P51688	R304L
Q9BYB0	A198G
Q9BYB0	A224T
Q9BYB0	H493Q
Q9BYB0	A720T
Q9BYB0	S952T
Q9BYB0	G1010V
Q9BYB0	P1134H
Q9BYB0	I1546V
Q9BYB0	P1645T
Q9BYB0	A963G
Q9BYB0	R1231H
Q9BYB0	S1566G
Q6PI26	S140I
Q6PI26	S489N
P14410	V15F
P14410	T231A
P14410	M1523I
P14410	T1802S
Q9HAT2	K71R
Q9HAT2	A3G
Q9HAT2	N33S
Q9HAT2	R62H
Q9HAT2	Q161K
Q9HAT2	T312M
Q9HAT2	R314H
Q9HAT2	K400N
Q9HAT2	H447R
Q9HAT2	M456I
Q9HAT2	Q462R
Q9Y2K2	D1098E
Q9Y2K2	P1136R
Q8N196	L556V
Q12908	P290S
Q12908	V159I
Q9H2X9	P1100L
Q9H2X9	R1071W
Q9UHW9	F415S
Q86YT5	G219E
Q86YT5	D243N
Q86YT5	L420P
Q86YT5	L485R
P53985	D490E
P53985	S85G
P36021	I323L
Q9BYT1	N228S
Q9BYT1	T397M
Q16572	A13P
Q16572	R29W
Q16572	A520E
Q16572	R11Q
P43005	A27G
Q96S37	G65W
Q96S37	R92C
Q96S37	A226V
Q96S37	Q312L
Q96BI1	R309Q
Q96BI1	A6T
Q96BI1	R12Q
Q96BI1	W324C
Q9UJS0	E141K
Q9UJS0	L232I
Q9H2D1	R117H
Q96RN1	V73M
Q96RN1	I148V
Q96RN1	S230N
Q96RN1	I639V
O00337	E34G
O00337	V189I
O00337	N409S
O00337	D521N
O00337	A190S
O00337	Q237K
O00337	R510C
Q9BZD2	V452E
Q9BZD2	V407M
P11168	L478V
P11168	V197I
P11168	I404T
P14672	I385T
P14672	T78S
P14672	A358V
P14672	S55R
A6NNN8	S220T
Q92504	D87N
Q92504	G124R
Q92504	E280G
Q9NP59	N174I
Q9NP59	C326Y
Q53GD3	R6L
Q53GD3	V187I
Q53GD3	M326V
Q53GD3	R493C
Q53GD3	D123V
Q53GD3	G128E
Q53GD3	P397S
Q8NBS3	Q392H
Q8NBS3	K393N
Q8NBS3	M467T
Q8NBS3	T692A
Q8NBS3	M832I
Q8NBS3	N56T
Q8NBS3	M75V
Q8NBS3	A311V
Q8NBS3	T545M
Q8NBS3	S549L
Q9Y289	S481F
Q9H1V8	A57T
Q01959	V471I
Q9UHI5	V302I
Q9UHI5	T402M
Q9UHI5	R418C
Q9UHI5	V460E
Q92959	A396T
Q92959	R445C
P0C7P3	Q93R
P0C7P3	K385E
P0C7P3	G870S
P0C7P3	S880I
P0C7P3	L905F
P0C7P3	Y912F
O94813	S636P
O94813	S1277F
Q9H156	S601P
Q9H156	S323N
Q9H156	V589I
O43541	T306A
O43541	P323L
O43541	R465C
O43541	I490T
P51532	V561E
P51532	M1036I
Q9NZC9	I207F
Q9NZC9	D424V
Q9NZC9	D649N
Q9NZC9	T742M
Q9NZC9	A22G
Q8IY18	V306I
Q8IY18	C308R
Q8IY18	H682R
P14678	S79P
Q9Y5X0	S187I
Q00796	N269T
Q07889	Q977R
Q07889	H1320R
Q07889	P478L
Q07889	I784T
Q07889	R1131K
Q07889	L1140I
Q07889	T1257A
Q69YQ0	G301D
Q69YQ0	S712F
Q69YQ0	T717A
Q69YQ0	V943A
Q69YQ0	V951M
Q69YQ0	T190M
P00995	P55S
P00995	R67H
P02549	L1858V
P02549	S109F
P02549	A766T
P11277	S439N
P11277	N1151D
P11277	H1374R
P11277	R1403Q
P11277	S613I
P11277	G1408R
P11277	E525K
Q9H254	G1331S
Q13501	E274Q
Q13501	A17V
Q13501	K103R
Q13501	R107Q
Q13501	D108Y
Q13501	R110H
Q13501	P118S
Q13501	R119G
Q13501	N125S
Q13501	R139C
Q13501	S180L
Q13501	R217H
Q13501	T278I
Q13501	A308V
Q13501	S349T
Q13501	P439L
P31213	A49T
P31213	L89V
P31213	L113V
P31213	L224M
P31213	G203S
P31213	L224H
P31213	C5R
P31213	P48R
P31213	A51T
P31213	T187M
P31213	F194L
P31213	F234L
Q8WVM7	Q1132H
Q8WVM7	R377C
Q8N3U4	N699K
P49675	A203D
P49675	R121W
P42226	M181R
P42226	A321V
Q15468	P1012R
Q15468	A1145V
Q86WV6	R71H
Q86WV6	R293Q
Q6ZVD7	Y153H
Q6ZVD7	A863T
Q9BX79	G339S
Q9BX79	L517F
Q9BX79	G217E
Q7RTN6	R13W
Q7RTN6	S60I
Q9UMX1	G19V
Q9UMX1	I37V
Q9UMX1	V77M
Q9UMX1	R289Q
Q9UMX1	I293V
Q9UMX1	P382L
Q9UMX1	K442R
Q9UMX1	S481N
O00204	P345L
O00204	V240I
Q8TC36	E16K
Q8TC36	E39D
Q8TC36	A174T
Q8TC36	I120V
Q15022	N216I
Q5T5J6	I148V
Q5T5J6	H536R
Q5T5J6	L638F
Q5T5J6	N821D
Q96PV0	D201E
Q96PV0	R749Q
Q96PV0	T790N
Q96PV0	G991R
Q96PV0	I1115T
Q96PV0	P1283L
Q96PV0	T1310M
O43426	V1366A
P21675	L290V
P21675	A318G
P21675	V1404I
Q6ICL3	D125N
Q6ICL3	E200K
Q6ICL3	D245E
Q93075	H217R
Q93075	V256I
Q93075	P358L
Q8TEA7	R66L
Q8TEA7	I151M
Q8TEA7	D265N
Q8TEA7	T425M
Q8TEA7	M471I
Q8TEA7	R692C
Q9UHD2	N388D
Q9UHD2	K570Q
Q9UHD2	K291E
Q9UHD2	S151F
Q16650	H289Q
Q9Y458	F249Y
O95947	S178F
O95947	P179S
O15273	L74H
O15273	E132Q
O15273	R106C
Q9NQB0	K346N
Q8NHU6	P456L
Q7Z6L1	S733Y
Q7Z6L1	P944L
Q5HYJ1	Y169H
Q9Y4R8	E7G
Q9Y4R8	Q146R
Q9Y4R8	Q674R
Q9Y4R8	E7Q
O14746	A1062T
O14746	S948R
O14746	P65A
O14746	V299M
O14746	R522K
O14746	R381P
Q8IWB6	D88G
Q8IWB6	S443C
Q8IWB6	I559M
Q9H5Q4	P156L
Q9H5Q4	H264Y
Q9H5Q4	S48F
Q9H5Q4	A64T
P19532	S96C
P19532	T313A
Q92734	A211V
Q92734	T364P
Q9UP52	D230E
Q9UP52	I238M
Q9UP52	R752H
Q9UP52	R455Q
P01266	Q870H
P01266	Q135H
P01266	Q830E
P01266	D1312G
P01266	D1838N
P01266	W2501R
P01266	R2530Q
P01266	Q515E
P01266	S604D
P01266	G653D
P01266	H1043Y
P01266	I1059T
P01266	W1437R
P01266	P1463H
P01266	A1936T
P01266	D2091E
P01266	P2149L
P01266	Q2170R
P01266	R2242H
P01266	P777L
P01266	G815R
P01266	R988P
P01266	L1063M
P01266	S1222L
P01266	T1740K
P01266	R2455H
P01266	L2469P
P01266	F2526L
P01266	N2616S
P01266	M1974T
Q15582	N544S
Q15582	N622H
Q15582	I200F
Q15582	V113I
Q15582	D123H
Q15582	V539D
P07204	G79A
P07204	A162P
P40225	L14P
P40225	G116E
Q9NS62	V125G
Q9NS62	R224G
Q9NS62	K768R
Q9NS62	D491H
Q9BSI4	A43T
Q86UE8	H6R
Q86UE8	E54D
Q86UE8	A95G
Q86UE8	A108G
Q86UE8	R109L
Q86UE8	R262Q
Q9HC24	I88T
Q9HC24	A2V
Q8TC26	S61R
Q8TC26	S95C
Q8TC26	S193P
Q8TC26	E286K
Q6GV28	C196R
Q6GV28	S134N
Q9NX78	A245S
Q9NX78	S565N
O94886	V622M
O94886	F121I
P57727	V53I
P57727	I253V
P57727	G111S
P57727	D173N
Q8IU80	E262K
Q8IU80	G763D
Q8IU80	G228D
Q8IU80	L674F
Q96GM8	R341H
Q96GM8	E381K
Q96HA7	G493S
Q96HA7	A714V
Q96HA7	P1276L
Q13472	C596Y
Q13472	D459N
Q13472	D742N
Q96S44	A25T
Q96S44	T129A
Q96S44	R123Q
P34981	N10K
P34981	I168M
Q13049	T257R
Q13049	R408C
Q9NQ86	D678N
Q9NQ86	K428R
Q9NQ86	N456S
O94972	T108A
O94972	Q432R
O75962	S291T
O75962	T1644M
O75962	H1690R
O75962	T2242M
O75962	D348E
O75962	A1613T
O75648	G14S
Q9Y210	N157T
Q7Z4N2	R1422G
Q7Z4N2	R6W
Q7Z4N2	M962T
Q7Z4N2	Q1161H
Q7Z4N2	R1422W
Q9HCF6	R1695Q
Q9HCF6	T1653I
Q9HCF6	N1732T
Q9HCF6	R1717K
Q9UHF7	S654L
Q9HBA0	E183K
Q9HBA0	Y602C
Q9Y4A5	R878L
Q9Y4A5	S1070G
Q9Y4A5	A1925V
Q9Y4A5	W2139G
Q9Y4A5	S2433G
Q9Y4A5	E2750D
Q9Y4A5	K2801E
Q9Y4A5	S722F
P49815	A607T
P49815	P94T
P49815	I490V
P49815	A536V
P49815	F615S
P49815	R1329H
P49815	L160V
P49815	R261W
P49815	M286T
P49815	M286V
P49815	L309Q
P49815	R367Q
P49815	P378L
P49815	G440S
P49815	I463V
P49815	A583T
P49815	H593R
P49815	S1282G
P49815	G1787S
P49815	G1791S
P49815	A862V
P49815	A1429S
P49815	P1450R
P49815	S1341R
P49815	D1636N
P49815	V1673L
P49815	A1141V
P49815	S1774T
P49815	L619F
P49815	S802R
O75157	A419T
Q7Z6J9	E4D
O95859	L57S
Q7Z4L5	V201M
Q7Z4L5	K846R
Q7Z4L5	K66R
Q7Z4L5	Y255C
Q7Z4L5	R411G
Q7Z4L5	Q412R
Q7Z4L5	D424E
Q7Z4L5	R616C
Q7Z4L5	H645R
Q7Z4L5	S724T
Q7Z4L5	R867H
Q7Z4L5	R939Q
Q7Z4L5	R939W
Q7Z4L5	M1011V
Q7Z4L5	Y1035C
Q7Z4L5	T1103R
Q7Z4L5	I1208S
Q7Z4L5	D1284H
Q7Z4L5	R1311G
Q9ULT0	V538L
Q9ULT0	V545I
O43156	A671V
O43156	A979T
O43156	R450H
O43156	R1028K
O43156	K751E
Q9H4B7	Q43H
Q9H4B7	Q43P
Q9H4B7	T274M
Q9H4B7	R307H
P23258	M413V
O43914	Y111H
P17643	R326H
P17643	R93C
Q9NPG3	Y435C
Q9UHD9	L235H
Q9UHD9	A282V
Q5T4S7	T1107A
Q5T4S7	M4867L
Q5T4S7	V5084M
Q70J99	H858Q
Q70J99	A59T
Q8N2C7	D1505G
P13051	Q4R
P31930	N301S
P31930	D215H
Q5ST30	V680L
Q5ST30	V765M
P18206	P943A
P18206	V234L
Q96RL7	F565L
Q96RL7	Y1587C
Q96RL7	I2486T
Q96RL7	P3172L
Q7Z7G8	V2584A
Q7Z7G8	G3432R
Q7Z7G8	V866I
Q7Z7G8	I1994V
Q7Z7G8	Y2822C
Q7Z7G8	S3142R
Q7Z7G8	V2481I
Q5THJ4	S1341L
Q5THJ4	E1505V
Q5THJ4	S1707F
Q5THJ4	I1624T
Q9H267	F513S
P49754	T146P
P49754	C647R
P49754	R843H
Q5VIR6	L375R
A3KMH1	R165H
A3KMH1	M383T
A3KMH1	R660G
A3KMH1	E1300K
A3KMH1	R898K
P23381	A54S
P23381	A443S
P23381	D83A
Q9UGM6	A267P
Q9UGM6	G50S
Q2M389	V323L
Q2M389	V901I
Q8IZQ1	I3032V
Q9BZH6	K978Q
Q9Y2I8	I225V
Q9Y2I8	A11T
Q9Y2I8	Q221K
P57081	K71N
P57081	P266S
P57081	R390Q
Q6P4I2	R249H
O76024	R456H
O76024	G576S
O76024	G674R
O76024	R708C
O76024	E737K
O76024	K193Q
O76024	V871M
O76024	A326V
O76024	I802V
O76024	P16L
O76024	G107R
Q5T9L3	V465I
Q9GZT5	P302T
Q9NZC7	L272F
Q9NZC7	L291P
P23025	R228Q
P23025	L252V
P23025	V234L
P23025	V97I
P23025	M256V
Q13426	Q240P
Q13426	A247S
Q13426	A56T
Q13426	I134T
Q86Y38	P325R
Q86Y38	P766A
Q86Y38	V839I
Q86Y38	R892Q
Q86Y38	R406W
Q86Y38	T665M
P61981	Y133S
P43403	R175L
P43403	P191L
P43403	W523L
P0C7U3	R42Q
P0C7U3	R200G
P0C7U3	V228L
P37275	G90R
Q9NU63	N114S
Q9NU63	D284V
O75844	T137A
P52746	S751G
P52746	L956H
P52746	A1313T
Q9H9D4	G492R
Q9H9D4	Q583K
Q8N1G0	G259E
Q8N1G0	R344T
P49588	R329H
P49588	R751G
P49588	G913D
P49588	R326W
P49588	T606I
P49588	S698F
Q5JTZ9	L155R
Q5JTZ9	R592W
Q5JTZ9	F50C
Q5JTZ9	E405K
Q5JTZ9	G965R
O95477	R587W
O95477	W590S
O95477	Q597R
O95477	N935S
O95477	A937V
O95477	D1289N
O95477	C1477R
O95477	I1517R
O95477	N1800H
O95477	A255T
O95477	T929I
O95477	A1046D
O95477	M1091T
O95477	S1506L
O95477	N1611D
O95477	R2081W
O95477	P2150L
O95477	P85L
O95477	D1099Y
O95477	N935H
O95477	R1680W
O95477	F2009S
O95477	E284K
O95477	Y482C
O95477	W590L
O95477	W840R
O95477	R1068C
O95477	L1379F
O95477	V1704D
O95477	R1851Q
O95477	R1901S
O95477	Q2196H
Q86UK0	T345P
Q86UK0	S387N
Q86UK0	G1136D
Q86UK0	W1235S
Q86UK0	I1494T
Q86UK0	G1559V
Q86UK0	P1798L
Q86UK0	T1980K
Q99758	Q215K
Q99758	E690K
Q99758	L982P
Q99758	T1114M
Q99758	G1221S
Q99758	P1301L
Q99758	K1388N
Q99758	V1399M
Q99758	L1580P
O95342	V284L
O95342	K461E
O95342	G1004D
O95342	R1268Q
O95342	E186G
O95342	G238V
O95342	C336S
O95342	T923P
O95342	A926P
O95342	R1128H
O95342	Y472C
O95342	D1131V
O95342	C129Y
Q9NP58	A453V
Q9NP58	S322R
Q9NP58	Y424H
Q9NP58	R723Q
O75027	E208D
O14678	Y319C
O14678	N141K
O14678	R432Q
Q9H222	E146Q
Q9H222	R389H
Q9H222	R419H
Q9H222	R419P
Q9H222	R550S
Q9H222	N437K
Q8WTS1	E7K
Q8WTS1	S115G
Q9H845	R127K
Q9H845	A220V
Q9H845	R469W
Q9H845	R532W
Q9H845	C271G
Q9H845	V384M
Q9H845	L606H
Q15067	S184L
Q15067	G231V
Q15067	S310P
Q15067	N237S
O60488	R570S
P35609	Q9R
P35609	T495M
P35609	E583A
O43707	S262F
O43707	A427T
O43707	N748D
O43707	E72Q
Q04771	R206H
Q04771	R202I
Q04771	Q207E
Q04771	G328E
Q04771	G328R
Q04771	G328W
Q04771	G356D
Q04771	R375P
Q13705	V494I
Q9NZK5	V119A
Q76LX8	V88M
Q76LX8	H234Q
Q76LX8	W390C
Q76LX8	C908Y
Q76LX8	G1239V
Q76LX8	R1336W
Q76LX8	I79M
Q76LX8	I178T
Q76LX8	S203P
Q76LX8	L232Q
Q76LX8	D235H
Q76LX8	S263C
Q76LX8	Y304C
Q76LX8	C311Y
Q76LX8	C347S
Q76LX8	P353L
Q76LX8	R507Q
Q76LX8	G525D
Q76LX8	A606P
Q76LX8	Y658C
Q76LX8	P671L
Q76LX8	C758R
Q76LX8	C908S
Q76LX8	R1219W
P55265	L923P
P55265	F1165S
P55265	C966F
P55265	R1155W
P55265	P193A
P55265	A870T
P55265	I872T
P55265	R892H
P55265	K999N
P55265	G1007R
P55265	Y1112F
P55265	D1113H
O95622	D588N
O95622	R1238W
O43306	R1116C
Q9Y653	W349S
Q9Y653	E496K
Q9Y653	L640R
P51826	P231A
P51826	P231L
P51826	A233S
P51826	A233V
P51826	V235G
Q8NDL9	R276W
Q8N157	V443D
Q8N157	R723Q
Q8N157	R351L
Q8N157	T671I
Q8N157	D719G
Q8N157	H896R
Q9NZN9	R270H
O43918	L28P
O43918	K83E
O43918	R15L
O43918	T16M
O43918	L29P
O43918	W78R
O43918	V80L
O43918	Y85C
O43918	Y90C
O43918	L93R
O43918	V301M
O43918	C311Y
O43918	P326Q
O43918	G228W
O43918	R15C
O43918	A21V
O43918	F77S
O43918	P252L
O43918	P326L
O43918	P539L
P00568	R128W
P00568	G40R
P00568	G64R
P00568	Y164C
P13716	G133R
P13716	R240W
P13716	A274T
P13716	V275M
P13716	V153M
O94788	Q182K
O94788	R347H
O94788	S461Y
P47895	A145V
P47895	I369F
P47895	A493P
P47895	C174Y
P47895	P355R
P47895	G382R
P47895	E411K
P47895	N466K
Q2TAA5	L381S
Q2TAA5	E398K
Q9UM73	D1091N
Q9UM73	T1151M
Q9UM73	A1234T
Q9UM73	I1250T
P03971	V12G
P03971	L70P
P03971	G101V
P03971	R123W
P03971	Y167C
P03971	R194C
P03971	V477A
P03971	H506Q
P03971	C525Y
P23109	R388W
P23109	R425H
Q01432	N310K
Q01432	V311L
Q01432	A320V
Q01432	M324T
Q01432	R331C
Q01432	R402C
Q01432	W450R
Q01432	P585L
Q01432	Q712P
Q01484	L3740I
Q01484	T3744N
Q01484	R3906W
Q01484	E3931K
Q86XL3	A109P
Q9NW15	L510R
Q75V66	G231V
Q75V66	R58W
Q75V66	C356Y
O43747	R15Q
O43747	R35Q
O43747	R35W
O43747	P243H
O43747	M366V
O43747	P817R
P02649	E31K
P02649	C130R
P02649	R154S
P02649	R154C
P02649	R160C
P02649	R163C
P02649	K164Q
P02649	K164E
P02649	R176C
P02649	R43C
P02649	R163P
O43307	R290H
Q3SXY8	Y86C
Q3SXY8	V143A
Q3SXY8	W185G
Q96C12	R315Q
Q96C12	R315W
Q96C12	R593W
Q96C12	R898W
Q96C12	C139R
Q96C12	L331P
Q96C12	R362L
Q96C12	R362W
Q96C12	L365P
Q96C12	C657R
Q96C12	C657W
Q96C12	I664S
Q96C12	P731R
Q96C12	Y736S
Q96C12	L754P
Q96C12	H808P
Q13510	Q22H
Q13510	H23D
Q13510	G168W
Q9NVI7	T53I
Q9NVI7	L77R
P18850	R324C
P18850	Y567N
O95352	P234T
O95352	G511D
O95352	L512P
O95352	R576H
O95352	V588M
O95352	H624Y
P50993	R1007W
P50993	G366A
P50993	R593W
P50993	R908Q
Q16720	R482H
Q9HBG4	G820R
Q9HBG4	G175D
Q9HBG4	R449H
P15313	R124W
P15313	M174R
P15313	T275P
P15313	G316E
P15313	G364S
P15313	G123V
O43520	I661T
O43520	G892R
O43520	L127P
O43520	G308D
O43520	I344F
O43520	S403Y
O43520	R412P
O43520	S453Y
O43520	D454G
O43520	Y500H
O43520	H535L
O43520	R600W
O43520	R628W
O43520	D688G
O43520	I694T
O43520	G733R
O43520	F853S
O43520	R867C
O43520	G1040R
O43520	P209T
O43520	S1012I
Q13825	A240V
Q8NCR0	G247E
Q8NCR0	V268M
Q00973	R300C
Q9UPM9	Y32C
Q9UPM9	R156Q
O95817	R71W
O95817	R477H
O95817	R218W
O95817	V468M
Q92560	P12A
Q92560	P12T
Q92560	C91G
Q92560	C91R
Q92560	C91S
Q92560	H169R
Q92560	T93A
Q8NFJ9	E234K
Q8NFJ9	M390R
Q8NFJ9	L518P
Q8NFJ9	H35R
Q8NFJ9	K53E
Q8NFJ9	D148N
Q8NFJ9	R160Q
Q8NFJ9	G305S
Q8NFJ9	Y434S
Q8NFJ9	L503H
Q8NFJ9	L518Q
Q8NFJ9	I330T
Q6ZW61	A289P
Q6ZW61	G540V
Q6ZW61	I346T
Q6ZW61	L88R
Q6ZW61	Q293E
Q6ZW61	R355Q
Q6ZW61	V400M
Q6ZW61	R674C
Q9BXC9	R315Q
Q9BXC9	R315W
Q9BXC9	T558I
Q9BXC9	R23P
Q9BXC9	L349W
Q9BXC9	R643H
Q9BXC9	G81C
Q9BXC9	L125R
Q9BXC9	A136P
Q9BXC9	C307W
Q9BXC9	A33D
Q9BXC9	P134R
O15382	E264K
Q9HAY6	T170M
Q8TD16	C542W
P54132	Q672R
P54132	T843I
P54132	C1055S
P54132	G891E
P54132	C901Y
P54132	C1036F
P54132	I841T
P54132	C878R
O95972	R61Q
O95972	R61W
O95972	R68W
O95972	R76C
O95972	R76H
O95972	R138H
O95972	N196K
O95972	R206H
O95972	W221R
O95972	I243V
O95972	R329C
P12644	S91C
P12644	R162Q
O00238	R486W
O00238	R486Q
O00238	C53R
Q9BX63	P47A
Q9BX63	M299I
Q9BX63	Q255H
Q9BX63	A349P
Q9BX63	W647C
Q9BX63	R707C
Q8WZ55	I12T
O60566	R36Q
O60566	L844F
O60566	I909T
O60566	Q921H
O60566	L1012P
P00736	V50D
P00736	Y302C
P00736	C309W
P00736	C338R
P00736	C358F
P00736	C371W
P06681	C131Y
P06681	S209F
P06681	G464R
P01024	D549N
P01024	R592Q
P01024	R592W
P01024	R735W
P01024	A1094V
P01024	D1115N
P01024	C1158W
P01024	Q1161K
P01024	H1464D
P01024	F603V
P01024	R1042L
P01024	K155Q
P10643	R220Q
P10643	G379R
P10643	R521S
P10643	E682Q
P10643	R687H
P02748	C119G
P02748	P167S
P00918	Q92P
P00918	H107Y
P00918	H94Y
P00918	G144R
P22748	R14W
P22748	R219S
P22748	A12T
P22748	R69H
Q13936	I1186V
Q13936	E1544K
Q13936	P857L
Q13936	F166L
Q13936	K177R
Q13936	R324W
Q13936	V403M
Q13936	L601R
Q13936	M611T
Q13936	L614P
Q13936	L614R
Q13936	S643F
Q13936	L657F
Q13936	E1135K
Q13936	V1187A
Q13936	L1408V
Q15878	G348R
Q15878	G690D
Q15878	A700T
Q15878	I1422F
Q15878	T1425N
Q15878	G1430R
Q15878	A1720G
O60840	R1060W
O60840	L1375H
O60840	C74R
O60840	G150R
O60840	S229P
O60840	G261R
O60840	G674D
O60840	F753C
O60840	L860P
O60840	A928D
O60840	G1018R
O60840	L1079P
O60840	C1499R
O60840	P1500R
O60840	L1508P
O60840	G603R
O43497	A961T
Q9P0X4	I860M
Q9P0X4	I860N
Q9P0X4	I1306T
Q9P0X4	M1425I
Q13698	R1086H
Q13698	R900S
Q13698	F275L
Q13698	P742Q
Q13698	P742S
Q8WVQ1	D112E
Q8WVQ1	M165T
Q8WVQ1	S303R
Q8WVQ1	I374N
P07384	R295P
Q9BXL7	E57D
Q9BXL7	L194P
Q9BXL6	L150R
Q9BXL6	L156P
Q9BXL6	R69W
Q9BXL6	Q136L
Q9BXL6	E197K
Q9H257	G72S
Q9H257	R101C
Q9H257	R373P
Q9H257	R18W
Q9H257	R35Q
Q9H257	R57H
Q9H257	R70W
Q9H257	Y91H
Q9H257	R101L
Q9H257	K196E
Q9H257	A380P
Q92851	L285F
Q92851	M147T
P31415	G103D
P31415	I385T
P22681	Q367P
P22681	K382E
P22681	D390Y
P22681	R420Q
Q13191	H257L
Q9P2K1	Q1096H
Q9P2K1	P1122S
Q9P2K1	T1114M
Q9P2K1	D1556V
Q9P2K1	T1116M
Q9P2K1	E1447A
Q9P2K1	E1126K
Q9P2K1	N1520S
Q9P2K1	Y1568H
Q9P2K1	K507E
Q9BSQ5	L198R
Q9BSQ5	Q215H
Q9BSQ5	L229Q
O95389	C78Y
O95389	C114R
O95389	C114W
O95389	C223G
O95389	C114Y
O95389	G226V
P30279	V284G
P22674	H239R
P41597	M61R
P41597	L119R
P41597	T296N
P15529	P165S
P15529	S240P
P15529	C35Y
P15529	W216C
P15529	P231R
Q8IWY9	E698K
Q8IWY9	V869M
Q8IWY9	D1043V
Q12834	Y228C
Q12834	R322Q
Q12834	W385C
O75419	Q68R
O75419	N76H
O75419	R157C
O75419	D226G
O75419	A298V
O75419	P463L
Q6P1J9	L64P
Q6P1J9	D379N
P12830	D244G
P12830	V487A
P12830	V832M
P12830	D254Y
P12830	D257V
P19022	D353N
P19022	D597N
P19022	D597Y
P19022	N601T
P19022	C613W
P19022	D627G
P19022	Y676C
P19022	H150Y
P22223	R503H
P22223	N322I
Q96JP9	P574A
P11802	N41S
P49918	L53P
P42771	R24P
P42771	L32P
P42771	G35A
P42771	G35E
P42771	P48L
P42771	Q50R
P42771	M53I
P42771	S56I
P42771	V59G
P42771	L62P
P42771	A68L
P42771	N71K
P42771	D84Y
P42771	R87P
P42771	G89D
P42771	G89S
P42771	L97R
P42771	H98P
P42771	H98Q
P42771	R99P
P42771	A100L
P42771	G101W
P42771	R107C
P42771	L117M
P42771	A118T
P42771	V126D
P42771	R87W
P42771	L94Q
P42771	G122R
P42771	G35V
P42771	G67R
P42771	D74Y
P42771	T77P
P42771	R80P
P42771	P81T
O15078	E534K
O15078	I2134T
Q5JTW2	L150S
Q9Y592	L87P
Q49MI3	R106S
Q9Y5P4	S132L
Q9Y5P4	G243R
O43822	C61Y
P00751	F286L
P00751	K323E
P00751	S166P
P00751	R203Q
P00751	I242L
P00751	K323Q
P00751	M458I
P00751	K533R
P08603	C536R
P08603	C959Y
P08603	L1189R
P08603	S1191L
P08603	R78G
P08603	C630W
P08603	E850K
P08603	Q950H
P08603	Y951H
P08603	T956M
P08603	W978C
P08603	Y1021F
P08603	C1043R
P08603	Q1076E
P08603	D1119G
P08603	V1134G
P08603	Y1142D
P08603	W1157R
P08603	C1163W
P08603	W1183L
P08603	W1183R
P08603	T1184R
P08603	G1194D
P08603	V1197A
P08603	E1198A
P08603	R1210C
P08603	R1215G
P08603	R1215Q
P08603	P1226S
P08603	R127L
P08603	Q400K
P08603	C431S
P08603	C673S
P08603	C673Y
P08603	H893R
P08603	C915S
P08603	F1199S
P08603	C325Y
P08603	V609I
P08603	I1169L
P08603	W1183C
P28329	E441K
P28329	R560H
P28329	I336T
O14646	R141G
O14646	R460K
O14646	R618Q
O14646	R1708Q
Q9P2D1	I1028V
Q9P2D1	L1257R
Q9P2D1	W1031G
Q9P2D1	Q1214R
Q9P2D1	L1294P
Q9P2D1	L1815P
Q9P2D1	H2096R
Q9P2D1	R2319S
Q9P2D1	H55R
Q9P2D1	S834F
Q9P2D1	P2880L
Q9P2D1	K2948E
Q9P2D1	E871D
Q9P2D1	L1020S
Q9P2D1	Q1395H
Q9P2D1	G1684S
Q9P2D1	L1739R
Q9P2D1	G1802D
Q9P2D1	R2065S
Q9P2D1	G2108R
Q9P2D1	I2116N
Q9P2D1	R2418G
Q9P2D1	W840C
Q9P2D1	W1031R
Q9P2D1	T1082N
Q9P2D1	C1101R
Q9P2D1	L1292P
Q9P2D1	C1318R
Q9P2D1	R1345H
Q9P2D1	G1797V
Q9P2D1	D1812G
Q9P2D1	D1812H
Q9P2D1	W2091R
Q9P2D1	G2286A
Q9P2D1	R758H
Q9P2D1	R886W
Q9P2D1	R944S
Q9P2D1	N1030S
Q9P2D1	K1291E
Q9P2D1	L1302P
Q9P2D1	L1375F
Q9P2D1	V1742D
Q9P2D1	M1838V
Q9P2D1	R1912G
Q9P2D1	R2065C
Q9P2D1	R2398G
Q9P2D1	Q2833P
Q9P2D1	G2108W
O14757	R379Q
O14757	R420K
O14757	R442Q
O96017	R180C
O96017	R181C
O96017	R181H
O96017	E239K
O96017	E64K
O96017	R145P
O96017	G167R
O96017	R180H
O96017	T323P
O96017	T476K
O96017	Y390C
P35790	R141W
P35790	P194S
P35790	F341L
Q9UQN3	I29V
Q07001	L42P
Q07001	E402K
Q7LGC8	R304Q
O75838	R186W
Q9UPZ9	K220E
Q9UPZ9	K305T
O14578	G106V
O14578	K126Q
O14578	D230V
P51788	R235Q
P51788	R577Q
P51793	G78S
P51793	A555V
P51793	R718W
P51801	P124L
P51801	A204T
P51801	A349D
P51801	Y432H
P51801	R438C
P51801	A77T
P51801	L139P
P51801	S297R
P51801	S337F
P51801	H357Q
P51801	R438H
P51801	R538P
P51801	K560M
P51801	S573Y
O95500	V85D
O95500	R81H
O95500	S87I
O95500	A94V
O95500	G232R
Q8N6F1	R81W
Q8N6F1	G123R
Q13286	C134R
O75503	D230N
O75503	R63P
O75503	W330C
O75503	L149P
O75503	P156S
O75503	W158R
O75503	Y325C
Q9H078	Y272C
Q9H078	R408G
Q9H078	M411I
Q9H078	C486R
Q9H078	E501K
Q9H078	Y567C
Q9H078	I682N
Q9H078	T388K
Q9H078	K404T
Q9H078	P427L
Q9H078	N496K
Q9H078	E557K
Q9H078	G560R
Q9H078	R561G
Q9H078	R561Q
Q9H078	R561W
Q9H078	R620C
Q14028	N986I
Q9NQW8	S156F
Q9NQW8	Y469D
Q9NQW8	F525N
Q9NQW8	G558C
Q9NQW8	L595F
Q9H8M5	L330F
Q6P4Q7	S196P
P78357	R388P
P78357	R764C
P78357	P50Q
P78357	R714P
O43405	P51S
O43405	V66G
O43405	G88E
O43405	I109N
O43405	W117R
O43405	A119T
O43405	C162Y
O43405	G87V
O43405	G87W
O43405	I109T
O43405	M512T
O43405	F527C
O43405	C542Y
O43405	G38D
Q9H9E3	R729W
P12107	G625V
P12107	G676R
P12107	G565V
P12107	G1027R
P12107	G1042R
P13942	G1441E
P13942	P621T
Q9UMD9	S265C
Q9UMD9	G627V
Q01955	G297E
Q01955	G407R
Q01955	G640R
Q01955	G1167R
Q01955	G1207E
Q01955	G1277S
Q01955	G1334E
Q01955	R1661C
Q01955	G532D
Q01955	G739R
Q01955	G853R
Q01955	G985V
Q01955	G1015E
Q01955	G1216R
Q01955	G631V
P53420	G1030V
P53420	P1572L
P53420	G116E
P53420	G999E
P53420	P1132L
P20908	C1639S
P20908	G530S
P20908	G1489D
P20908	L25P
P20908	L25R
P20908	G1486C
P20908	G514S
P25067	R304Q
P25067	R434H
Q96H96	N178S
Q96H96	F29L
Q96H96	P49H
Q96H96	S57T
Q96H96	M78V
Q96H96	I97T
Q96H96	P107S
Q96H96	S113F
Q96H96	T267A
Q96H96	S297C
Q96H96	R337Q
Q96H96	M132R
Q96H96	A252V
Q9Y3A0	P64S
Q9Y3A0	F146C
Q9Y3A0	R145C
Q9Y3A0	R145H
Q9Y3A0	R158Q
Q9Y3A0	W184R
Q9Y3A0	P193S
Q9Y3A0	R240H
Q99807	R54Q
Q99807	L111P
Q96D53	R178W
Q96D53	L98R
Q96D53	P310L
Q96D53	A498E
Q12887	G288R
Q12887	P420L
Q9H799	V2837L
Q9H799	R1184C
Q9H799	A1200V
Q9H799	R1184H
Q9H799	A1200E
P36551	G189S
P36551	G197W
P36551	P249S
P36551	G280R
P36551	W427R
P36551	R447C
P36551	V135A
P36551	L214R
P36551	P249R
P50416	R123C
P50416	C304W
P50416	T314I
P50416	A414V
P50416	L484P
P50416	Y498C
P50416	R316G
P50416	F343V
P50416	G465W
P23786	S113L
P23786	D553N
P23786	M214T
P23786	Y479F
P23786	G549D
P23786	Y210D
P23786	R296Q
P23786	Q550R
P23786	G600R
P23786	P604S
P78560	G128R
A4D126	R126H
A4D126	Y226H
A4D126	T238I
A4D126	P149L
A4D126	R205H
A4D126	Y226C
A4D126	A53T
O43186	R41W
O43186	E80A
O43186	R41Q
O43186	V242M
O43186	R90W
O43186	K88N
P02511	G154S
P02511	R157H
P07333	M766T
P07333	I775N
P07333	F849S
P07333	L868P
P07333	P878T
P07333	C653R
P07333	I843F
P07333	I906T
P07333	H643Q
P07333	G765D
P07333	P824S
Q8TDX6	P384R
P35221	R54C
P35221	I431M
Q99895	A73T
Q99895	G217R
Q99895	G217S
Q99895	V235I
Q99895	P249L
Q99895	R254W
Q99895	G32V
Q99895	C155Y
Q99895	Q178R
Q99895	V250E
Q13620	V745A
P00387	V106M
P00387	A179V
P13498	R90Q
P13498	H94R
P13498	S118R
P13498	P156Q
P13498	G24R
P13498	G25V
P13498	L52P
P13498	E53V
P13498	R90W
P13498	A124V
P13498	A125T
P13498	G25D
P11511	R365Q
P11511	R375C
P11511	R435C
P11511	C437Y
P11511	R192H
Q16678	G365W
Q16678	R469W
Q16678	W57C
Q16678	P437L
Q16678	R368H
Q16678	Y81N
Q16678	S28W
Q16678	L77P
Q16678	A115P
Q16678	M132R
Q16678	Q144P
Q16678	Q144R
Q16678	R145W
Q16678	D192V
Q16678	P193L
Q16678	V198I
Q16678	N203S
Q16678	S215I
Q16678	E229K
Q16678	G232R
Q16678	S239R
Q16678	L345F
Q16678	V364M
Q16678	A388T
Q16678	R390C
Q16678	R390S
Q16678	I399S
Q16678	V409F
Q16678	N423Y
Q16678	R444Q
Q16678	F445C
Q16678	G466D
Q16678	E499G
Q16678	R523T
Q16678	D530G
Q07973	L409S
Q02318	R479C
Q02318	R395S
O75881	S363F
O75881	G87V
O75881	H285L
Q14118	T192M
Q14118	V74I
Q14118	C669F
P14868	R487C
P14868	R494C
Q8N136	N143D
Q8N136	S364T
Q8N136	W372C
P43146	V793G
P43146	G805E
Q9UHG0	Q424P
Q9UHG0	K17N
Q9H816	L142F
Q9H816	L142S
Q96SD1	G118V
Q96SD1	G135E
Q96C86	T316M
Q14203	G71A
Q14203	T72P
Q14203	M571T
Q14203	R785W
Q14203	R1101K
Q14203	F52L
Q14203	Y78C
Q16531	R188Q
Q16531	R188W
Q16531	E213K
Q16531	F429V
P20711	G102S
P20711	P47H
P20711	A91V
P20711	S147R
P20711	S250F
P20711	A275T
P20711	F309L
P20711	R347Q
P20711	L408I
P39656	G217D
Q16832	R124W
Q16832	Y740C
O75398	Q264P
Q9H4E7	Y210D
Q9H4E7	E331K
O75140	R485Q
O75140	S1073R
O75140	V90I
O75140	V272L
O75140	T864M
O75140	S1162G
O75140	T337R
O75140	R806C
Q16854	L250S
Q16854	N154K
Q96HY7	G729R
Q96HY7	R715C
Q9UPY3	S839F
O00548	C179F
P11532	L54R
P11532	A168D
P11532	Y231N
P11532	K773E
P11532	H2921R
P11532	A3421V
P11532	K18N
P11532	A171P
P11532	T279A
P11532	D645G
P11532	F3228L
P11532	C3313F
P11532	D3335H
P11532	C3340Y
Q86X45	C87R
Q9P2D7	K1154Q
Q9P2D7	V1287G
Q9P2D7	D1293N
Q9UFH2	C1829Y
Q9UFH2	L3595P
Q96LL9	P78S
Q96LL9	L101Q
O00115	Y95C
O00115	G116A
O00115	D121V
Q05193	A177P
Q05193	K206N
Q05193	R237W
Q05193	G359A
Q5JSL3	L1298R
Q5JSL3	R1885C
Q5JSL3	Y108C
Q5JSL3	W1707S
Q9NYP3	C278R
Q9NYP3	Y282C
Q9NYP3	P433S
Q9NYP3	E504K
Q9BZG8	L120P
Q12882	C29R
Q12882	R235W
Q12882	R886H
Q02487	R203C
Q02487	I231T
Q02487	T275M
Q02487	T340A
Q02487	V364M
Q14126	C507Y
Q14126	G812C
Q14126	T335A
P15924	N287K
P15924	R2366C
P15924	G2375R
P15924	R1255K
P15924	I445V
P15924	T564I
P15924	S597L
Q9NZW4	P17S
Q9NZW4	P17L
Q9NZW4	V18D
Q6XUX3	D200G
Q6XUX3	S843L
Q9NRD8	Q36H
Q9NRD8	G1518S
Q16828	F77I
Q16828	S182F
Q16828	N189S
Q7RTS9	E87K
Q96EX3	C148F
Q96EX3	A341V
Q96EX3	T354M
Q96EX3	P390L
Q96EX3	G393S
Q96EX3	S410I
Q96EX3	R182W
Q86YF9	S24R
Q86YF9	R63Q
P42892	R754C
O95672	R404C
O95672	G607S
Q8WWZ3	D114Y
P14138	Y127C
P24530	A183G
P24530	W276C
P24530	R319W
P24530	M374I
P24530	P383L
P24530	F292L
Q12805	C55R
Q12805	N80Y
Q5JVL4	D210N
Q5JVL4	D253Y
Q5JVL4	R353W
Q5JVL4	R118C
Q5JVL4	H89R
Q5JVL4	E322K
Q5JVL4	Y355C
Q5JVL4	R372W
Q5JVL4	K378E
Q5JVL4	R436C
Q5JVL4	Y485H
Q5JVL4	N519S
Q5JVL4	V556L
Q5JVL4	I619S
Q5JVL4	Y631C
Q14232	N208Y
Q9NR50	A87V
Q9NR50	G47E
Q9UI10	R357Q
Q9UI10	R374C
Q9UI10	C465R
Q9UI10	Y489H
Q9UI10	R209Q
Q9UI10	L269R
P41091	I222T
P41091	I259M
P41091	T144I
P41091	I159L
Q9BQ52	R211Q
Q9BQ52	G487R
Q9BQ52	R781H
Q9BQ52	G806R
Q8N766	T82M
Q8N766	G868R
P50402	S54F
P50402	P183H
P50402	P183T
P50402	Q133H
Q9Y6C2	R250C
Q9NRM1	S216L
P13929	G156D
P13929	G374E
P22413	L91P
P22413	P305T
P22413	G586R
P22413	G92D
P22413	C126R
P22413	C133R
P22413	C177S
P22413	C195R
P22413	C195S
P22413	D218V
P22413	Y301C
P22413	R456Q
P22413	Y471C
P22413	H500P
P22413	S504R
P22413	Y513C
P22413	Y570C
P22413	Y659C
P22413	C726R
P22413	H777R
P22413	N792S
P22413	D804H
P22413	R888W
P22413	C120R
Q99814	P534L
Q99814	M535T
Q99814	F540L
P29323	R199H
P29323	H679N
P29323	M883V
P29323	I909M
P54760	I782S
P54760	D802G
P54760	R838W
P54760	C845R
P54760	C856Y
P54760	R864W
P54760	F867L
P07814	P1115R
Q92889	R799W
Q92889	I225M
Q92889	R454W
Q92889	R490Q
Q92889	E502K
Q92889	G513R
Q92889	I529T
Q92889	T567A
Q92889	L608P
Q92889	S786F
P28715	A792V
P28715	P72H
P28715	A874T
P28715	L858P
P28715	A28D
P28715	W968C
P0DP91	G746D
P0DP91	V1056I
Q03468	R670W
Q03468	W851R
Q03468	V957G
Q03468	P1042L
Q03468	N680D
Q03468	W686C
Q03468	S687L
Q03468	L871P
Q03468	L987P
Q13216	A160V
Q13216	A205P
Q13216	A160T
Q13216	W194C
Q13216	L202S
O95718	A110V
O95718	L320P
O95718	V342L
O95718	L347P
P57679	S307P
P57679	R443Q
P57679	S206N
P57679	L623P
Q93063	C85R
Q93063	L152R
Q93063	R179S
Q93063	A202V
Q93063	I380T
Q93063	R95C
O43909	R339W
O43909	R513C
O43909	N657S
O43909	Y670D
Q99502	G426S
Q99502	D429G
Q99502	P95S
Q99502	G140S
Q99502	E363V
Q99502	L514P
Q99502	Y527C
Q99502	M569T
O95677	G171R
O95677	T548R
Q5T1H1	G618S
Q5T1H1	T1110S
Q5T1H1	C1176R
Q5T1H1	I1232F
Q5T1H1	L1869M
Q5T1H1	C2139Y
Q5T1H1	L2189P
Q5T1H1	A2829T
Q5T1H1	C2911Y
Q5T1H1	G2928E
Q5T1H1	W1484R
Q5T1H1	E2503K
Q5T1H1	Q2945E
P00748	R372P
P00748	C590S
P00748	Y53C
P00748	R142P
P00748	T328K
P00748	T328R
P00748	A411T
P00748	L414M
P00748	R417Q
P00748	Q440K
P00748	D461N
P00748	W505C
P00748	G589R
P00488	P167L
P00488	R172Q
P00488	G274V
P00488	H343Y
P00488	Q416R
P00488	L530P
P00488	Q602K
P00488	R704Q
P00488	R716G
P00488	R38Q
P00488	Y168C
P00488	P290R
P00488	R541Q
P00488	G593S
P00488	R612H
P00488	D669G
P05160	C450F
P05160	C25R
P05160	I101N
P05160	C336F
P05160	V421E
P05160	P448S
P00734	E200K
P00734	R314C
P00734	R314H
P00734	M380T
P00734	R425C
P00734	R431H
P00734	R461W
P00734	E509A
P00734	G601V
P00734	E72G
P12259	R534Q
P12259	R334T
P12259	R2102H
P12259	I387T
P12259	C613R
P12259	Y1730C
P12259	R2102C
Q7L5A8	D35Y
Q7L5A8	R235C
Q7L5A8	R154C
Q96PZ2	Y511H
Q96MK3	L173R
Q96MK3	G331D
Q96MK3	D403N
Q8IXL6	G379R
Q8IXL6	R549W
Q8IXL6	I258N
Q8IXL6	T268M
Q8IXL6	G280R
Q9Y2M0	C871R
Q9Y2M0	Q929P
Q9Y2M0	G937D
Q9Y2M0	D960N
Q00597	D195V
Q00597	L496R
Q00597	L554P
Q8WVX9	D365G
Q8WVX9	R480C
Q8WVX9	R480H
Q8WVX9	R480L
O95363	Y144C
O95363	D142Y
Q9UBX5	V60L
Q9UBX5	R71Q
Q9UBX5	P87S
Q9UBX5	I169T
Q9UBX5	R351W
Q9UBX5	A363T
Q9UBX5	G412E
Q9UBX5	Q124P
Q9UBX5	G267S
Q9UBX5	T48I
Q9UBX5	G90S
Q9UBX5	R373C
P09467	G164S
P09467	A177D
P09467	F194S
P09467	P284R
P22570	R242W
P22570	R327S
Q9BQL6	W559R
P02671	R35C
P02671	R573C
P02671	E545V
P02671	R573L
P02671	C55R
P02671	R129P
P02671	C184W
P02675	A98T
P02675	R196C
P02675	C95R
P02675	T407K
P98174	R522H
P98174	S205I
P98174	E380A
Q96M96	M298T
Q92913	I5S
P11487	L6P
P22607	Y373C
P22607	I538V
P22607	N540S
P22607	K650Q
P02679	R301H
P02679	G318V
P02679	D356V
P02679	S404P
P02679	T303P
P02679	D327H
P02679	N345D
P02679	R401W
Q92562	I41T
Q92562	L17P
Q92562	E302K
Q96AY3	P136L
O75072	C250G
O75072	R179T
O75072	A114T
O75072	R246G
O75072	Y371C
Q8NFG4	S108I
Q8NFG4	E132K
Q8NFG4	R239C
Q8NFG4	H429Y
Q8NFG4	K508R
Q13045	R1168W
Q13045	R1240C
P21333	L656F
P21333	E82V
P21333	P207L
P21333	E254K
P21333	D1159A
P21333	A1188T
P21333	S1199L
P21333	Q170P
P21333	L172F
P21333	R196G
P21333	R196W
P21333	A200S
P21333	A273P
P21333	T555K
P21333	D1184E
P21333	S1186L
P21333	C1645F
P21333	A39G
P21333	M102V
P21333	A128V
P21333	S149F
P21333	D203Y
P21333	G1728C
P21333	C210F
P21333	P1291L
P21333	G288R
P21333	P637Q
P21333	V711D
P35916	P954S
P35916	P1137S
P35916	Q1020L
P35916	S1235C
Q9UPI3	P280R
Q9UPI3	R84H
Q9UPI3	T352R
Q9UPI3	G412R
Q9UPI3	S203Y
P31513	P153L
P31513	M434I
Q06787	I304N
Q06787	R138Q
Q06787	G266E
P02751	Y973C
P02751	W1925R
P02751	L1974R
P02751	C87F
P02751	C123R
P02751	C225W
P02751	Y240D
P02751	C260G
Q99958	S125L
O00358	R73S
O00358	A248G
Q13461	R90L
Q13461	R120G
Q13461	E103K
Q13461	N117K
Q13461	G137D
Q13461	D153H
Q9BZS1	I363V
Q9BZS1	L242P
Q9BZS1	R347H
Q9BZS1	F373A
Q9BZS1	F374C
Q7Z6J6	S351G
Q7Z6J6	S351R
Q7Z6J6	C352R
Q6ZUT3	G24E
Q6ZUT3	N221D
Q6ZUT3	A226T
Q6ZUT3	A266P
Q6ZUT3	Y301C
Q6ZUT3	S340L
Q6ZUT3	G24W
Q6ZUT3	R146W
Q6ZUT3	W225G
Q6ZUT3	R229C
Q6ZUT3	R261G
Q6ZUT3	R261Q
Q6ZUT3	C271F
Q6ZUT3	H275P
Q6ZUT3	F16S
Q6ZUT3	H208R
Q6ZUT3	L212P
Q6ZUT3	C271S
Q6ZUT3	Q306R
Q9C0B1	R322Q
Q9UET6	A26P
P04066	G65D
P04066	S68L
Q9ULV1	M105V
Q9ULV1	M157V
Q9ULV1	G36D
Q9ULV1	E40Q
Q9ULV1	M105T
Q9ULV1	I114T
Q9ULV1	C181R
Q9ULV1	C204R
Q9ULV1	C204Y
Q9ULV1	M223K
Q9ULV1	I256V
Q9ULV1	W335C
Q9ULV1	M342V
Q9ULV1	R417Q
Q9ULV1	T445P
Q9ULV1	G488D
Q9ULV1	S497F
Q9ULV1	G525R
Q9UBS5	E368D
Q9UBS5	A397V
Q9UBS5	A535T
Q9UBS5	G673D
P14867	A322D
P14867	R112Q
P14867	D219N
P14867	L146M
P18507	I107T
P18507	R323W
Q99259	E509K
P51570	V32M
P51570	A198V
P51570	G36R
P51570	H44Y
P51570	R68C
P51570	R239Q
P51570	T288M
P51570	G346S
P51570	G349S
P51570	A384P
Q8IXK2	R297W
Q8IXK2	D303N
Q8IXK2	E341D
Q8IXK2	R373H
Q8IXK2	R382H
Q8IXK2	C479F
Q8IXK2	T491M
Q8IXK2	Y396C
Q10471	F104S
Q10471	R210P
Q14353	H51P
Q14353	A54P
Q14353	L197P
Q14353	G68C
Q14353	V78E
Q14353	H147Y
Q14353	L159P
Q14353	G164D
Q14353	L166P
Q14353	R208P
Q14697	R400L
P41250	E125G
P41250	A111V
P41250	D554N
P41250	G652A
P41250	D200Y
P15976	V205M
P15976	G208S
P15976	D218G
P15976	R216Q
P15976	D218Y
P15976	R307C
P15976	R307H
P23769	P254L
P23769	R361P
P23771	W274R
P23771	R298Q
P43694	A6V
P43694	R43W
P43694	P163S
P43694	T280M
P43694	E359K
P43694	L403M
P43694	S429T
P43694	A442V
P43694	A9P
P43694	L51V
P43694	N285S
Q9BWX5	R187G
Q9BWX5	H207R
Q9BWX5	Y138F
Q9BWX5	C210G
Q9BWX5	G240D
Q9BWX5	T252P
Q92908	K473Q
P50440	R413Q
P50440	P105L
P50440	E181K
P50440	A185P
P50440	R189C
P50440	A208T
P50440	R282H
P50440	L329V
P50440	P346L
P50440	T336A
P50440	T336I
P50440	P341L
Q04446	H628R
P47871	P86S
P47871	D63N
P47871	R225H
P47871	V368M
P48506	P158L
P48506	R127C
O75603	R110W
O75603	N502H
O75603	Q251E
O75603	Y394S
Q9UK05	R333W
Q9NR23	R266C
Q9NR23	R274W
Q6KF10	A249E
Q6KF10	L289P
Q6KF10	D216G
Q6KF10	Q253L
Q6KF10	K424R
Q6KF10	A199T
Q6KF10	D57H
Q8TEQ6	H913R
Q8TEQ6	I988F
Q8TEQ6	L1068P
Q8TEQ6	Y1286C
Q8TEQ6	Y1286N
Q96RP9	S57Y
P01241	L16P
P01241	D37N
P01241	R42C
P01241	T53I
P01241	K67R
P01241	N73D
P01241	S97F
P01241	E100K
P01241	R103C
P01241	Q117L
P01241	S134C
P01241	S134R
P01241	D138G
P01241	T201A
P01241	R209H
P10912	E62K
P10912	R89K
P10912	F114S
P10912	V143A
P10912	V162D
P10912	D170H
P10912	R179C
P10912	R229G
P10912	C56S
P10912	S58L
P10912	W68R
P10912	P149Q
P10912	I171T
P10912	Q172P
P10912	V173G
P10912	Y226C
P10912	S244I
P10912	D262N
Q8TF64	M88I
Q8TF64	G94D
P48165	V64G
P48165	D67G
P48165	R76C
P48165	S73F
P48165	P88L
P48165	P88Q
O95452	V37E
P32189	D446V
P32189	W509R
P32189	N294D
P48167	M199R
P48167	L307R
P48167	W332C
P48167	A477P
Q8IVS8	F493C
Q96IJ6	G182D
Q96IJ6	T334M
Q96IJ6	T334P
Q96IJ6	R390P
Q96IJ6	N401T
Q3T906	K1236M
Q3T906	C442Y
Q3T906	C461G
Q3T906	Q926P
Q3T906	L1001P
Q3T906	N1153S
Q3T906	K732N
Q3T906	C468S
Q3T906	R587P
Q3T906	G575R
Q3T906	T644M
Q3T906	D76G
Q3T906	S385L
P07359	C81R
P07359	L145P
Q9HCN6	R58C
Q9HCN6	S175N
P14770	C113Y
O43292	L290P
Q96P66	E308D
Q8TE85	R520Q
P42263	R450Q
O43424	A654D
O43424	A654T
O43424	L656V
Q13002	A657T
Q13002	T660K
Q13002	T660R
Q13002	I668T
Q05586	R217W
Q05586	Y647S
Q05586	G815V
Q05586	F817L
Q05586	G638V
Q05586	M641L
Q05586	M641V
Q05586	Y647C
Q05586	A653T
Q05586	L655Q
O15303	E781K
O15303	G58R
O15303	I405T
O15303	C522Y
A8MXD5	P38L
A8MXD5	G64S
A8MXD5	R138C
A8MXD5	F153V
O43708	A150V
Q969Y2	E142K
Q969Y2	E159V
Q969Y2	A162P
Q969Y2	A222G
Q969Y2	P257H
Q969Y2	D337H
Q969Y2	E459K
Q9UMX6	G157R
P25092	S840I
P25092	D387G
P46976	A16P
P46976	D102H
Q16836	A40T
Q16836	D57E
Q16836	P258L
P40939	E510Q
P42357	R206T
P42357	R208L
P42357	P259L
P42357	R322P
P12081	R137Q
P12081	Y330C
O00165	F141L
O00165	L130R
O00165	V172I
O60741	D401H
O60741	G391C
O60741	I397L
O60741	S399P
Q9Y3Q4	D553N
Q9Y3Q4	A485V
Q9P2P5	E1445G
Q14CZ8	L23H
Q14CZ8	D128N
Q14CZ8	R288C
Q30201	H63D
Q30201	S65C
Q30201	C282Y
Q30201	Q127H
Q30201	R330M
Q30201	G93R
Q30201	I105T
Q30201	Q283P
Q30201	G43D
Q30201	R66C
Q30201	R224G
Q30201	V295A
A2PYH4	G736S
A2PYH4	I884S
Q6NVY1	Y122C
P50747	V333E
P50747	T462I
P50747	D571N
P50747	N511K
P50747	G582R
P50747	R183P
P50747	R360S
P50747	Y456C
P50747	L470S
P50747	G518E
P50747	V547G
P50747	D615Y
P50747	D634N
P50747	D634Y
P50747	D715G
P50747	G241W
P50747	G505R
P20823	S142F
P20823	R583G
P20823	L12H
P20823	L107R
P20823	K117E
P20823	I128N
P20823	P129T
P20823	V133M
P20823	H143Y
P20823	K158N
P20823	A161T
P20823	R203C
P20823	K205Q
P20823	C241G
P20823	V259D
P20823	G415R
P20823	P519L
P20823	T537R
P20823	S594I
P20823	E619K
P20823	T620I
P20823	S432C
P20823	I618M
P20823	R271G
P09651	D314N
P09651	D314V
P09651	N319S
P09651	P340S
O14979	D378N
P35453	T313R
P32754	Y160C
P32754	A268V
P32754	I335M
Q9UPZ3	L624R
O43593	T1022A
O43593	V1136D
O43593	D1012N
P04196	G103E
P04196	C241R
O60243	R306Q
O60243	R306W
O60243	R323Q
O60243	R382W
O60243	M404V
O60243	P218S
P37058	R80Q
P37058	R80W
P37058	A203V
P37058	S232L
P37058	M235V
P37058	A56T
P37058	S65L
P37058	N130S
P37058	Q176P
P37058	V205E
P37058	F208I
P37058	C268Y
P37058	P282L
P37058	E215D
P37058	G133R
P51659	G16S
Q9H2F3	G19S
Q9ULV5	R73H
Q9UJY1	K141E
Q9UJY1	K141N
Q9UJY1	P90L
P42858	P703L
P42858	F2717L
Q9BYI3	C57R
P48735	P158L
P48735	P162S
Q9HBG6	S322F
Q9HBG6	V502G
Q9HBG6	G495R
Q9HBG6	G572V
Q96RY7	G212R
Q96RY7	I233M
Q96RY7	V292M
Q96RY7	Y311C
Q96RY7	G522E
Q96RY7	R576Q
Q96RY7	L152F
Q96RY7	E267G
Q96RY7	R280W
Q9UG01	R296W
Q9UG01	C1727R
Q9UG01	H1567Q
Q9UG01	D1605E
Q96FT9	E34K
Q96LB3	G86S
Q96LB3	Q179E
P08069	R138Q
P08069	K145N
P08069	R739Q
P08069	N359Y
P08069	Y865C
P08069	R1256S
P35858	C60S
P35858	P73L
P35858	L134Q
P35858	L244F
P35858	D440N
P35858	L127P
P38935	L192P
P38935	T221A
P38935	C241R
P38935	E334K
P38935	L364P
P38935	L426P
P38935	E514K
P38935	L577P
P38935	V580I
P38935	N583I
P38935	G586C
P38935	R603H
P38935	R637C
P38935	L17P
P38935	Q196R
P38935	P216L
P38935	L251P
P38935	L472P
P38935	R581S
P38935	R603C
P38935	F202V
P38935	A528T
Q8N6C5	S765N
Q8N6C5	S858F
Q8N6C5	C942R
Q13651	G141R
Q13651	W69R
Q13651	Y91C
Q13651	R117H
Q8NFM7	K131T
Q8NFM7	K162R
Q8NFM7	P306S
Q8NFM7	Y379C
Q8NFM7	S468L
Q8NFM7	P577Q
Q8NFM7	A735V
P31785	D39N
P31785	C62G
P31785	E68G
P31785	N84K
P31785	Y89C
P31785	C115F
P31785	H123P
P31785	Y125N
P31785	Q144P
P31785	L162H
P31785	L172P
P31785	L172Q
P31785	C182R
P31785	L183S
P31785	R224W
P31785	R226C
P31785	R226H
P31785	F227C
P31785	L230P
P31785	C231Y
P31785	G232R
P31785	W240C
P31785	S241I
P31785	M270R
P31785	R285Q
P40189	N404Y
P40189	P498L
P40189	A517P
P16871	P132S
Q17R60	L579P
Q9BZV3	F124L
Q9BZV3	C1077F
Q3KP66	Y333F
Q9BT40	I363T
O15357	W688C
P06213	N42K
P06213	V55A
P06213	G58R
P06213	R113P
P06213	H236R
P06213	L260P
P06213	G393R
P06213	F409V
P06213	K487E
P06213	N489S
P06213	R762S
P06213	R1020Q
P06213	G1035V
P06213	A1075D
P06213	A1161T
P06213	A1162E
P06213	R1191Q
P06213	P1205L
P06213	W1220L
P06213	W1227S
P06213	I146M
P06213	R279C
P06213	W439S
P06213	D86G
P06213	L89P
P06213	A119V
P06213	V167L
P06213	C280Y
P06213	C301Y
P06213	S350L
P06213	T858A
P06213	I925T
P06213	R926W
P06213	T937M
P06213	P997T
P06213	A1055V
P06213	R1119W
P06213	I1143T
P06213	R1158Q
P06213	R1158W
P06213	R1201Q
P06213	R1201W
P06213	E1206D
P06213	E1206K
P06213	R1378Q
P06213	L120Q
P06213	R279H
P06213	G386S
P06213	N458D
P06213	I56T
P06213	R256C
P06213	C286Y
P06213	S635L
P06213	V657F
P06213	W659R
P06213	Y818C
P06213	S835I
P06213	A842V
P06213	P874L
P06213	N878S
Q9Y283	P482R
Q9Y283	L493S
O15397	D88N
O15397	C749R
O15397	R834W
Q5JU85	R359C
Q5JU85	R758Q
Q5JU85	Q801P
Q5JU85	R863W
Q5JU85	A789V
P26006	R628P
P26006	G125R
P26006	R274Q
P05107	L149P
P05107	G169R
P05107	K196T
P05107	N351S
P05107	D300V
P05107	G716A
P05106	D145Y
P05106	R240Q
P05106	R240W
P05106	H306P
P05106	C400Y
P05106	C586F
P05106	G598S
P05106	S778P
P05106	L143W
P05106	S188L
P05106	C568R
P05106	G605S
P05106	R119W
P05106	Y141C
P05106	D145N
P05106	M150V
P05106	L222P
P05106	R242Q
P05106	D243V
P05106	L288P
P05106	M321L
P05106	I330N
P05106	C532Y
P05106	C586R
P05106	C601R
P05106	C64Y
P05106	M144R
P05106	G247D
P05106	K279M
P05106	D749H
P16144	C61Y
P16144	L156P
P16144	C245G
P16144	R252C
P16144	C562R
P16144	R1281W
P16144	C38R
P16144	D131Y
P16144	G273D
P16144	R283C
P16144	V325D
P16144	L336P
P16144	G931D
P16144	R1225H
Q9BY32	P32T
Q14643	N602D
Q14643	E2109Q
Q14643	G2554R
Q14643	F2601L
Q14643	P1083L
P78504	L79H
P78504	A127T
P78504	P129R
P78504	I152T
P78504	P163L
P78504	R184G
P78504	R184L
P78504	C187S
P78504	C220F
P78504	C229G
P78504	C229Y
P78504	C284F
P78504	W288C
P78504	C438F
P78504	C731S
P78504	C740R
P78504	C753R
P78504	A31V
P78504	G33D
P78504	G33V
P78504	I39S
P78504	L40P
P78504	F75S
P78504	C78S
P78504	C92R
P78504	C92Y
P78504	I120N
P78504	P123S
P78504	A155P
P78504	P163R
P78504	Y181N
P78504	C187Y
P78504	W224C
P78504	R252G
P78504	G256S
P78504	P269L
P78504	C271R
P78504	N504S
P78504	C714Y
P78504	C902S
P78504	C911Y
P78504	S913R
P78504	C436W
P78504	P810L
P78504	S577R
P78504	S650P
Q8N5M9	R20Q
Q8N5M9	E21D
Q8N5M9	H44Y
P23458	A634D
P52333	P151R
P52333	E481G
P52333	C759R
P52333	L910S
Q9BR39	Y141H
Q14003	V535M
Q9Y6J6	M54T
Q9Y6J6	I57T
Q9Y6J6	V65M
Q9Y6J6	R77W
Q9Y6J6	R27C
Q14654	L147P
Q14654	F35V
Q14654	G53S
Q14654	V59M
Q14654	K67N
Q14654	W91R
Q14654	K170N
Q14654	K170R
Q14654	R201C
Q14654	R201H
Q14654	P254L
Q14654	I296L
Q14654	E322K
Q14654	R34H
Q14654	G40D
Q14654	C42R
Q14654	H46Y
Q14654	F55L
Q14654	A101D
Q14654	S116P
Q14654	G134A
Q14654	R136L
Q14654	L164P
Q14654	C166Y
Q14654	K170T
Q14654	R201L
Q14654	H259R
Q14654	P266L
Q14654	R301H
Q14654	Y330S
Q14654	F60Y
Q14654	G156R
Q14654	D204E
Q14654	E227K
Q14654	E282K
O60928	R162W
O60928	Q117R
O60928	L241P
O14649	E182K
O43525	D305G
Q5JUK3	R379Q
Q5JUK3	R409Q
Q5JUK3	R455H
Q5JUK3	I741M
Q5JUK3	Y777H
Q5JUK3	M877I
Q5JUK3	R909C
Q5JUK3	A915T
Q5JUK3	M497V
Q5JUK3	K928E
Q5JUK3	G269S
Q5JUK3	A947T
Q6UVM3	R190H
Q8TDN2	L126Q
Q8TDN2	W188C
Q8TDN2	A259V
Q8TDN2	R244P
Q96MP8	R94W
Q96MP8	R184C
Q7LBC6	W117R
Q7LBC6	R943W
Q7LBC6	R1028Q
Q7LBC6	L1509P
Q7LBC6	L1734R
P41229	D402Y
P41229	L731F
P41229	D87G
P41229	S451R
P41229	F642L
P41229	R750W
P41229	Y751C
P52732	F144L
P52732	R234C
P52732	S235C
P52732	R944C
Q02241	P916R
Q12840	A361V
Q12840	K253N
Q12840	Y63C
Q12840	M198T
Q12840	K257N
Q12840	R280H
Q12840	R280L
Q12840	S203C
Q2M1P5	R641G
Q2M1P5	R702Q
Q2M1P5	Q994R
Q2M1P5	R1068W
Q969F8	C223R
Q969F8	R297L
Q969F8	R386P
Q969F8	A194D
Q969F8	S262L
P10721	E583K
P10721	F584L
P10721	G664R
P10721	R791G
P10721	G812V
P10721	D816V
P10721	D816Y
P10721	K550I
P10721	V559A
P10721	V559D
P10721	F584C
P10721	G601R
P10721	L656P
P10721	R796G
P10721	D816F
P10721	E839K
P10721	T847P
P10721	D816I
P10721	N822I
P21583	N36S
Q2TBA0	D34H
Q2TBA0	L86P
Q2TBA0	V194E
Q2TBA0	R311L
Q2TBA0	P397L
Q2TBA0	H455R
Q2TBA0	E588K
Q2TBA0	A505P
Q9UBX7	G50E
Q9UBX7	G50R
Q9UMN6	C1222Y
Q9UMN6	C1682W
Q8IZD2	V140I
Q8IZD2	Y284H
Q8IZD2	P1376S
O00522	F97S
O00522	K569E
P08779	K354N
P08779	L124P
P08779	N125G
P08779	L421P
Q04695	M88K
Q04695	L91P
Q04695	L388P
Q04695	L388R
P05783	H128L
P05783	T103A
P05783	R261Q
P05783	G340R
Q7Z3Z0	L376R
P02538	R164P
P02538	Q166P
P02538	I167N
P02538	N171Y
P02538	F174C
P02538	S176P
P02538	I178N
P02538	I462S
P02538	T464P
P02538	Y465S
P02538	L468P
P02538	L468Q
P05787	G53V
P05787	Y54C
P05787	G62C
Q14533	E402K
Q14533	E413K
Q14533	R408C
Q16719	T198A
Q9H9P8	G57R
Q9H9P8	K81E
Q9H9P8	H98Y
Q9H9P8	H434P
P24043	C527Y
P24043	C862R
P24043	W152G
P24043	G284R
P24043	W1311G
P24043	A1496V
P24043	G2633A
P55268	R246Q
P55268	R246W
P55268	C321R
P55268	N1380K
P55268	L1393F
P55268	H147R
P13473	W321R
O95461	C443Y
Q14739	R372C
O75112	S189L
O75112	T206I
O75112	I345M
O75112	D673N
Q5SW96	S202H
O95202	I293N
O95202	R294Q
O95202	P300S
O95202	D358N
Q8N145	L141H
Q8N145	D331N
Q969G2	R84C
Q969G2	L190R
Q969G2	A210P
Q969G2	P389T
O43766	R249H
P49916	K537N
P49916	P609L
P49916	G964R
P49916	C999Y
P11150	S289F
P11150	T405M
Q0VAK6	G326R
P36776	E476A
P36776	A670V
P36776	R672C
P36776	P676S
P36776	R679H
P36776	P749S
P36776	G767E
P28300	Q267P
P28300	S280I
P28300	M298R
P28300	S348R
P43657	D63V
P43657	I188F
P43657	E189K
P43657	G146R
P43657	N248Y
P43657	L277P
P43657	C278Y
Q92539	S734L
Q07954	K1245R
Q07954	R1783W
O75096	D137N
O75096	C160Y
O75096	D449N
O75096	T461P
O75096	L473F
O75096	D529N
O75096	C1017R
O75096	R1170W
O75096	W1186S
O75096	E1233K
O75096	R1277H
O75581	R611C
O75581	A19V
O75581	R360H
O75581	N433S
O75581	R473Q
Q5S007	R1067Q
Q5S007	S1228T
Q5S007	R1941H
Q5S007	T2356I
Q5S007	G2385R
Q5S007	M712V
Q5S007	R1728H
Q5S007	R1728L
Q5S007	T2141M
Q5S007	R2143H
Q5S007	L2466H
Q5S007	T2031S
Q5S007	D2175H
Q5S007	Y2189C
Q5S007	V2390M
Q5S007	L2439I
Q99698	R1563H
Q99698	F1397V
Q99698	I1907V
Q9UPN3	C7135F
Q9UPN3	D7186Y
Q9UPN3	C7188F
Q9UPN3	C7188G
P20794	G13S
P20794	G27R
P20794	N130H
P20794	R166H
P20794	I181T
Q9UKM7	E397K
O00754	T355P
O00754	P356R
O00754	H200L
O00754	S453Y
O00754	G801D
O00754	C55F
O00754	A95P
O00754	Y99H
O00754	D159N
O00754	H200N
O00754	R202P
O00754	S318L
O00754	P379L
O00754	G390C
O00754	G420V
O00754	H445Y
O00754	S453F
O00754	V457E
O00754	C501S
O00754	L565P
O00754	T745R
O00754	G800W
O00754	G891R
O00754	L892P
O00754	R916C
O00754	R916H
O00754	R950P
O00754	L956R
O00754	F1000S
O00462	R182W
O00462	G392E
O00462	S505P
P36507	F57C
P36507	P128Q
Q13233	L189P
Q13233	L189R
Q9NYL2	F368C
Q9NYL2	A505S
P10636	S622N
P10636	R5H
P10636	N613H
P10636	G590R
P56192	F370L
P56192	R618C
Q96GW9	R142W
O60307	S104L
O60307	R406P
O60307	G510S
O60307	G515S
O60307	L516P
O15232	E134K
O15232	I192N
O15232	C304S
O15232	F105S
O15232	R70H
O15232	T195K
O15232	Y218N
O15232	A173D
O15232	R209P
O15232	K231N
O15232	V245M
P43243	F115C
P43243	T622A
Q01718	D103N
Q8IVS2	L81R
Q8IVS2	R212W
Q8IVS2	E275K
Q96RQ3	A289V
Q96RQ3	C276R
Q96RQ3	R281Q
Q96RQ3	M65L
Q96RQ3	Q123H
Q96RQ3	I125M
Q96RQ3	E134K
Q96RQ3	M160R
Q96RQ3	G180V
Q96RQ3	S187P
Q96RQ3	R232W
Q96RQ3	A268D
Q96RQ3	E288G
Q96RQ3	A291V
Q96RQ3	Q372P
Q96RQ3	G379D
Q96RQ3	G379S
Q96RQ3	H380P
Q96RQ3	V439M
Q96RQ3	Y79C
Q96RQ3	S120F
Q96RQ3	G130S
Q96RQ3	G209V
Q9GZU1	L106P
Q9GZU1	V446L
Q9GZU1	L447P
Q9GZU1	F465L
Q03112	R929W
Q03112	T935A
Q9BV79	G232E
Q9BV79	R258W
Q9BV79	Y285C
Q9UHV7	P327Q
Q9UHV7	P327S
Q12866	E540K
Q12866	S661C
Q12866	I871T
P08581	M1131T
P08581	V1188L
P08581	L1195V
P08581	V1220I
P08581	D1228N
P08581	D1228H
P08581	Y1230C
P08581	Y1230H
P08581	M1250T
P08581	V1092I
P08581	H1094L
P08581	H1094R
P08581	H1094Y
P08581	H1106D
P08581	T1173I
P08581	Y1230D
P08581	K1244R
P08581	M1250I
P08581	F841V
P08581	Y1234C
Q99797	L71Q
Q99797	L306F
Q99797	K343E
O75030	N385D
O75030	S405P
O75030	K313N
O75030	R324G
Q9NPJ1	G52D
Q9NPJ1	L277P
Q9NPJ1	I32M
Q9NPJ1	S236P
Q9NPJ1	D286A
Q9NPJ1	S511A
Q9NPJ1	R518H
Q9NPJ1	R155L
Q9NPJ1	G345E
Q9NPJ1	A181P
Q9NPJ1	T237A
Q9NPJ1	T237P
Q9NPJ1	S460P
Q9NPJ1	G41R
Q9NPJ1	P299L
Q9NPJ1	H395R
Q13064	C340G
Q13064	F417I
Q13064	H420Q
Q9NXB0	C492W
Q9H3L0	Y249C
P08473	C143Y
P08473	Y347C
P08473	A422D
P08473	C621R
P45452	F75S
P45452	F74S
P45452	M91T
P08253	R101H
P08253	E404K
Q8N119	R31W
Q8N119	E215K
Q8N119	I226T
Q8N119	H283Y
Q8N119	I285T
Q8N119	A321P
Q8N119	R360C
Q8N119	R375H
Q9NZB8	G126D
Q9NZB8	G127D
Q9NZB8	G324E
Q9NZB8	R67W
Q9NZB8	C80G
Q9NZB8	C84F
Q9NZB8	R123W
Q9NZB8	G324R
Q9Y6X9	R132C
Q9Y6X9	Y394C
Q9Y6X9	Q400R
Q9Y6X9	V413F
P00540	N95K
P00540	H199L
P00540	S264C
P00540	A292V
P00540	R319H
O75352	G73E
P40238	S505N
P40238	W515K
P40238	W515L
P40238	R102C
P40238	R102P
P40238	F104S
P40238	P106L
P40238	P136L
P40238	W154R
P40238	R257L
P40238	P275T
P40238	W435C
P40238	L594W
P05164	Y173C
P05164	M251T
P05164	R569W
P49959	N117S
P49959	A47V
P49959	W243R
Q9Y399	R110C
Q9Y399	D114N
Q9Y399	R138H
O15457	P638L
P52701	G566R
P52701	V800A
Q15800	H173Q
Q9BUK6	V8M
P28360	E84V
P28360	G97D
P28360	V120G
P28360	R157S
P35548	L154P
P00395	S142F
P00395	L196I
P00395	G125D
P00395	S458P
P00414	G78S
P00414	A200T
P03905	T109A
P03905	R340H
P03905	V313I
P03915	A458T
P03915	G465E
P03915	E145G
P03915	A171V
P03915	A236T
P03915	M237L
P03915	S250C
P03915	D393N
P03923	M64V
P03923	A72V
P03923	I26M
P03923	G36S
P03923	Y59C
P03923	M64I
P03923	L60S
P03923	A74V
P03923	M63V
P42898	T227M
P42898	P251L
P42898	R325C
P42898	R335C
P42898	R357C
P42898	R51P
P42898	R377C
P42898	G387D
P42898	P572L
P42898	E586K
P42898	T129N
P42898	G149V
P42898	A175T
P42898	V218L
P42898	V253F
P42898	P254S
P42898	I256N
P42898	R335H
P42898	H354Y
P42898	R363H
P42898	F435S
P42898	V536F
P42898	V574G
P42898	L598P
P42345	S2215Y
P42345	E1799K
P42345	Y1450D
P42345	W1456G
P42345	A1459D
P42345	A1459S
P42345	L1460P
P42345	C1483R
P42345	W1490R
P42345	M1595I
P42345	A1832T
P42345	F1888C
P42345	T1977K
P42345	R2193C
P42345	S2215F
P42345	M2327I
P42345	L2427P
P42345	L2427Q
Q99707	H920D
Q99707	P1173L
Q9UBK8	V56M
Q9UBK8	A129T
Q9UBK8	C405R
Q9UBK8	G554R
Q9ULD2	A563S
Q9ULD2	N873H
Q9ULD2	Q1201R
O15146	V790M
O15146	M605I
O15146	D38E
O15146	M835V
Q00872	Y849H
Q00872	E161K
Q99836	R196C
P35749	R1758Q
P35749	R677H
P11055	E498G
P11055	G769V
P11055	K838E
P13533	R795Q
P13533	A1004S
P13533	Q1065H
P13533	E1457K
P13533	R721W
P35579	S1114P
P35579	R1165L
P35579	I1816V
P35579	K910Q
Q9UKN7	L1806P
Q12965	T119I
Q12965	D388H
Q9ULV0	V108G
Q9ULV0	R656C
Q9ULV0	A143E
Q9ULV0	G168R
Q9ULV0	G316R
Q9ULV0	N456S
Q9ULV0	C514R
Q9ULV0	P660L
Q9ULV0	L1556R
Q9ULV0	F538S
Q9ULV0	I550F
Q9ULV0	H81R
Q9ULV0	E82K
Q9ULV0	R92C
Q9ULV0	C266R
Q9ULV0	M392T
Q9ULV0	R401C
Q9ULV0	Y654C
Q9ULV0	R824C
Q9UM54	E216V
Q99972	G246R
Q99972	Q337R
Q99972	G364V
Q99972	G367R
Q99972	P370L
Q99972	V426F
Q99972	Y437H
Q99972	I477S
Q99972	N480K
Q99972	I499F
Q99972	V53A
Q99972	C433R
Q99972	R82C
Q99972	W286R
Q99972	T293K
Q99972	P361S
Q99972	T377M
Q99972	D380A
Q99972	D380G
Q99972	S393R
Q99972	R422H
Q99972	K423E
Q99972	A445V
Q99972	I465M
Q99972	R470C
Q99972	I477N
Q99972	P481L
Q99972	P481T
Q99972	S502P
Q99972	C25R
Q99972	Q48H
Q99972	R126W
Q99972	R158Q
Q99972	C245Y
Q99972	V251A
Q99972	G252R
Q99972	E261K
Q99972	P274R
Q99972	E323K
Q99972	Q337E
Q99972	S341P
Q99972	R342K
Q99972	I345M
Q99972	I360N
Q99972	A363T
Q99972	F369L
Q99972	T377K
Q99972	D380H
Q99972	D380N
Q99972	S393N
Q99972	G399V
Q99972	A427T
Q99972	G434S
Q99972	T438I
Q99972	T448P
Q99972	N450D
Q99972	I499S
Q9UBF9	S55F
Q9UBF9	T57I
Q9UBF9	S60C
Q9UBF9	S60F
Q9UBF9	S95I
Q9UBF9	S39F
Q86TC9	Y20C
Q86TC9	K153R
Q86TC9	I213V
Q86TC9	A217E
Q86TC9	Y339F
Q86TC9	A611T
Q86TC9	P841T
Q86TC9	A882T
Q86TC9	F954L
Q86TC9	P961L
Q86TC9	R1088H
Q86TC9	P1112L
Q86TC9	V1195M
Q86TC9	A1265P
P17050	S160C
P17050	E325K
P17050	R329Q
Q8N159	C200R
Q8N159	A279P
Q8N159	S410P
Q8N159	L430P
Q8N159	A518T
Q8IW45	R326C
P19878	G78E
P19878	R77Q
P19878	N42S
P19878	G44C
P19878	G44R
P19878	D93E
P19878	R102P
P19878	D108V
P19878	W137R
P19878	A140D
P19878	Q169E
P19878	R184P
Q92542	P211R
Q330K2	I124T
Q330K2	A178P
O75306	R228Q
O75306	P229Q
O75306	S413P
O75306	D446N
O75306	Y53C
O75306	Y308C
O75251	V122M
P49821	A341V
P49821	T423M
P49821	E214K
Q13562	R103P
Q0ZGT2	P611T
Q0ZGT2	Y652C
Q0ZGT2	Q131E
Q0ZGT2	R279C
P35240	F62S
P35240	E106G
P35240	N220Y
P35240	T352M
P35240	L360P
P35240	L535P
P35240	Q538P
P35240	L234R
P35240	M77V
P35240	L141P
P35240	G197C
P35240	K413E
P35240	K533T
P35240	L539H
P35240	K579M
P35240	C133R
Q14938	L60P
Q14938	R121P
Q14938	R38C
Q14938	R54P
Q14938	R116P
Q14938	K125E
Q9UMS0	R21P
Q9UMS0	G189R
Q9H9Q4	R57G
Q0D2K0	A114D
Q0D2K0	H175N
Q0D2K0	S73R
A6NCS4	K152Q
A6NCS4	V176A
Q8N2Q7	P89L
Q8N2Q7	L309P
Q8N2Q7	G337E
Q8N2Q7	H835Y
Q9NZ94	R451C
Q9C000	M77T
Q9C000	A54T
Q9C000	A66V
Q9C000	P1214R
Q9C000	T755N
Q8WX94	R693P
Q8WX94	R693W
Q8WX94	N913S
Q8WX94	R693Q
Q8WX94	P716A
Q8WX94	R721W
Q8WX94	C761Y
Q9HC29	R702W
Q9HC29	G908R
Q9HC29	T605N
Q9HC29	P507S
Q9HC29	T605P
Q9HC29	E498D
Q96S42	R183Q
Q96S42	G260R
Q96S42	V284F
O75161	G754R
O75161	D3Y
O75161	F91L
O75161	R342C
O75161	R469W
O75161	T627M
O75161	A654G
O75161	R735W
O75161	Q766R
O75161	P776R
O75161	H782Q
O75161	T946A
O75161	R961H
O75161	A1098T
O75161	R1284C
O75161	Q1287E
Q9Y5X4	R76Q
Q9Y5X4	W234S
Q9Y5X4	R309G
Q9Y5X4	R385P
Q9Y5X4	M407K
Q9Y5X4	L263P
Q9Y5X4	L336P
Q9Y5X4	L353V
Q9Y5X4	R334G
P04150	V729I
P04150	F737L
P04150	L773P
P04150	T556I
P04150	R477S
P04150	Y478C
P04150	L672P
Q96L73	H1616L
Q96L73	L1637P
Q96L73	C1674W
Q96L73	I1687N
Q96L73	G1792V
Q96L73	C1925R
Q96L73	G1955D
Q96L73	R1984Q
Q96L73	Y1997C
Q96L73	R2005Q
Q96L73	R2017Q
Q96L73	R2017W
Q96L73	H2143Q
Q96L73	C2183S
O96028	C869Y
O96028	P895L
O96028	K1019R
O96028	E1091K
O96028	S1137F
P34130	R206W
Q96CW9	M149T
Q96CW9	S359C
P04629	L93P
P04629	L213P
P04629	G522R
P04629	D674Y
P04629	G714S
P04629	R780P
P04629	Y359C
P04629	E492K
P04629	G522E
P04629	I572S
P04629	L657P
P04629	I699T
P04629	L717R
P04629	C763S
P04629	R771C
P04629	A110D
P04629	D596N
P04629	R649Q
P04629	L700P
Q8TB37	D105Y
P35658	P387S
Q8N1F7	R388W
P00973	A76V
P00973	C109Y
P00973	V121G
P00973	L198V
Q04671	G27R
Q04671	S86R
Q04671	C112F
Q04671	A368V
Q04671	F385I
Q04671	M395L
Q04671	T404M
Q04671	R419W
Q04671	V443I
Q04671	M446V
Q04671	I473S
Q04671	H549Q
Q04671	T592I
Q04671	K614N
Q04671	W652R
Q04671	W679R
Q04671	A724P
Q04671	S736L
Q04671	A481T
Q04671	R10W
Q04671	P198L
Q04671	P211L
Q04671	R290G
Q04671	A334V
Q04671	K614E
Q04671	I617L
Q04671	W679C
Q04671	R720C
Q04671	G795R
Q04671	Q799H
Q04671	N476D
Q04671	G775R
Q04671	Y827H
Q04671	V633I
Q04671	F684C
O75665	S74F
O75665	A79T
O75665	G138S
O75665	M141R
P04000	P307L
Q96D31	V107M
Q96D31	T184M
Q13415	F89S
Q13415	R105Q
Q13415	E127G
Q13415	R666W
Q13415	R720Q
Q9HC10	P490Q
Q9HC10	R794H
Q9HC10	R1157Q
Q9HC10	Q255H
Q9HC10	L1138P
Q9HC10	F1795C
Q96BN8	Y244C
Q96BN8	L272P
Q96BN8	M86I
Q96BN8	W167S
Q96BN8	D246V
Q96BN8	R263Q
O95340	C43Y
O95340	L76Q
O95340	G270D
Q99497	A104T
Q06710	R31H
Q06710	Q40P
Q06710	C57Y
Q06710	L62R
P61457	T79I
P29120	G483R
P29120	S307L
P49585	E129K
P49585	P150A
P49585	V142M
Q9Y233	Y373C
Q9Y233	A382P
Q9Y233	F566L
Q9Y233	F600L
P16499	R102S
P16499	Q569K
P16499	S573P
P35913	G576D
P35913	L699R
P35913	R74C
P35913	Y219H
P35913	L228H
P35913	H258N
P35913	L527P
P35913	L854R
P35913	R100H
P35913	D776N
P01127	L9R
P16234	Y849C
P09619	R987W
P09619	P660T
P09619	E1071V
Q86YH6	S382L
O60683	L177R
O60683	C276F
O60683	C296F
O60683	R311Q
Q92968	I326T
Q9Y5Y5	P289T
P08237	G209D
P08237	D543A
P08237	G57V
P08237	S180C
P08237	D309G
P08237	D591A
P36871	T19A
P36871	Q41R
P36871	D62H
P36871	D263G
P36871	G291R
P36871	G330R
P36871	E377K
P36871	E388K
O95394	E501Q
O95394	D502Y
Q9C0D0	R521C
Q9C0D0	N479I
Q9C0D0	L500P
Q9UPP1	F315S
P46019	T1114I
P46019	P1205L
P46019	G193V
P46019	P399S
P46019	E1125K
P46019	G1207W
P46019	P498L
P46019	P869R
P46019	M1113I
Q93100	A118P
Q99453	Q143R
Q8WXW3	R405Q
Q92508	G718S
Q92508	G782S
Q92508	R808Q
Q92508	A2003D
Q92508	A2020V
Q92508	R2488Q
P37287	S155F
P37287	N297D
P37287	D40H
P37287	G48A
P37287	G48D
P37287	G48V
P37287	H128R
P37287	G239R
P37287	L344P
Q92521	S90P
Q92521	H407R
Q8TEQ8	R119W
Q8TEQ8	N370S
Q8TEQ8	K1047E
P48736	R49S
P48736	R1021P
P48736	N1085S
Q9BXM7	G309D
Q9BXM7	C92F
Q9BXM7	A168P
Q9BXM7	P196L
Q9BXM7	A217D
Q9BXM7	E240K
Q9BXM7	L268V
Q9BXM7	H271Q
Q9BXM7	R279H
Q9BXM7	T313M
Q9BXM7	L347P
Q9BXM7	C388R
Q9BXM7	E417G
Q9BXM7	R464H
Q9BXM7	L489P
Q9BXM7	C125G
Q9BXM7	A280T
Q9BXM7	L369P
Q9BXM7	G386A
Q9BXM7	R407Q
Q9BXM7	G409V
Q9BXM7	Q126P
Q9BXM7	V170G
Q0ZLH3	C343S
Q0ZLH3	L224R
Q0ZLH3	H294D
Q13563	W414G
Q13563	A356P
Q13563	R306Q
Q13563	R322Q
Q13563	R322W
Q13563	R420G
Q13563	D511V
Q13563	C632R
Q13563	R807Q
Q13563	A384P
Q99959	K654Q
Q99959	E137K
Q99959	S169G
Q99959	Y631C
Q99959	L787F
Q15147	H328R
Q15147	E358Q
P51178	T209R
P51178	I574T
P19174	S1021F
Q13393	H442P
O94827	F647S
O94827	T663M
O94827	G820R
P00747	V374F
P00747	S591P
P00747	A620T
P00747	G751R
P00747	K38E
P00747	L147P
P00747	R235H
P00747	R532H
P00747	K330E
Q02809	W446G
Q02809	A667T
Q02809	H706R
O00469	R598H
O00469	G601C
Q14651	L238R
Q14651	E269K
Q14651	L363F
Q10713	V256M
P54278	E705K
P54278	S46I
P54278	S46N
P54278	R107W
P54278	C115G
P54278	S815L
P54278	C843Y
Q96T60	R462P
Q8TCS8	Q387R
Q8TCS8	E475G
Q8NBL1	G170E
Q8NBL1	C286Y
Q9UHN1	G451E
Q9UHN1	R182W
Q9UHN1	D433Y
Q9Y253	R111H
Q9Y253	T122P
Q9Y253	G263V
Q9Y253	R361S
Q9Y253	K535E
Q9Y253	K589T
Q9Y253	R93P
Q9Y253	V266D
Q9Y253	G295R
Q9Y253	T692A
Q9Y253	T191P
O95602	E593Q
O95602	M496I
O95602	T642N
O95602	V1241I
Q9NW08	R768H
Q9NW08	L104F
Q9NW08	S268G
Q9NW08	R442C
Q9NW08	C527R
Q9NW08	E363K
Q9NW08	L426S
Q9NW08	R1046H
O00411	H250D
O00411	S611F
O00411	F641L
O00411	R1013C
Q8NAT1	R158H
Q9H5K3	Q258R
Q9H5K3	V302D
Q9Y6A1	V428D
Q9Y6A1	R105C
Q9Y6A1	R105H
Q9Y6A1	G207V
Q9Y6A1	W582C
Q9UKY4	T184M
Q9UKY4	I198N
Q9UKY4	R413P
Q9UKY4	G482V
Q9UKY4	Y666C
Q9UKY4	F717S
Q9UKY4	H478R
P16435	Y178D
P16435	A284P
P16435	R454H
P16435	V489E
P16435	C566Y
P16435	Y575C
P16435	V605F
Q9H237	R365G
Q9H237	S136F
Q9H237	G168R
Q9H237	V258E
Q9H237	H341L
Q9H237	C385R
Q9H237	W439R
Q9H237	H252Y
Q9H237	S297L
Q9H237	L331R
Q9H237	E361V
Q9H237	C385Y
Q9H237	A374P
Q9NUX5	Y89C
Q9NUX5	Q94E
Q9NUX5	R137H
Q9NUX5	D224N
Q9NUX5	S270N
Q9NUX5	R273L
Q9NUX5	A532P
Q9NUX5	Q623H
Q9NUX5	G95C
Q9NUX5	R273Q
P37231	P113Q
P37231	F388L
P37231	R425C
P30048	D190H
P30048	D202N
Q96MT3	R144H
Q9UGJ0	H383R
P05129	G63R
O60260	V15M
O60260	P37L
O60260	A46P
O60260	A82E
O60260	A92V
O60260	K161N
O60260	T240M
O60260	D280N
O60260	C289G
O60260	G328E
O60260	T351P
O60260	P437L
O60260	R402C
O60260	C418R
P16471	I170L
Q9NVM4	W494R
P04156	P102L
P04156	P105L
P04156	D178N
P04156	V180I
P04156	T183A
P04156	F198S
P04156	E200K
P04156	R208H
P04156	V210I
P04156	Q217R
P04156	M232R
P04156	H187R
P04156	E196K
P04156	D202N
P04156	E211Q
P04156	Q212P
P04156	G131V
O43272	D426N
O43272	V427M
O43272	R431H
O43272	A472T
O43272	R521Q
O75360	R125W
O75360	R99Q
Q6P2Q9	F2314L
Q7Z6L0	R266W
Q7Z6L0	A287T
Q7Z6L0	G305R
Q7Z6L0	R308C
Q7Z6L0	G323E
P0CW18	V302F
P0CW18	P599A
Q9Y617	S43R
Q9Y617	R61W
Q9Y617	G79W
Q9Y617	C245R
Q9Y617	R342W
P28065	G156D
Q9UMZ3	R281G
P32322	A257T
P32322	G248E
P47897	R403W
Q9ULC3	C85R
Q9ULC3	M12K
P51159	W73G
P51149	N161T
P63000	C18Y
P63000	N39S
P63000	V51M
P63000	Y64D
P63000	P73L
P63000	C157Y
O43502	G162E
O43502	Q178P
P49792	T585M
P49792	T653I
P49792	I656V
Q13702	N88K
Q13702	L283P
P06400	E72Q
P06400	E137D
P06400	I185T
P06400	R358Q
P06400	M457R
P06400	H549Y
P06400	S567L
P06400	A635P
P06400	V654E
P06400	R661W
P06400	L662P
P06400	H673P
P06400	Q685P
P06400	C706Y
P06400	C712R
P06400	N803K
P06400	R358G
P06400	K447Q
P06400	K530R
P06400	L657P
P06400	R500G
P06400	K616E
Q06330	E63G
Q06330	K169E
Q8NDN9	W310C
P46063	A459S
Q96HR9	E75K
P00797	R230K
P00797	D104N
P00797	L16R
O14593	L195P
P47804	S66R
Q02094	G280R
Q9BYZ6	R489W
O95786	C268F
O95786	E373A
Q6NUQ1	A368T
Q92963	A57G
Q92963	E81G
Q92963	F82L
Q92963	M90I
Q92963	G95A
Q96EP0	L72P
Q8WZ75	R64C
P35398	G92A
P35398	K94R
P35398	S409R
P35398	R462Q
Q92834	F130C
Q92834	P235S
Q92834	G275S
Q92834	G60V
Q92834	I75V
Q92834	H98Q
Q92834	G215V
Q92834	C250R
Q92834	G436D
Q92834	C302R
Q92834	T99N
Q92834	I289V
Q92834	G43E
Q92834	G43R
Q92834	R127G
Q92834	G173R
Q92834	C250Y
Q92834	G267E
Q92834	C302Y
Q92834	D312N
Q92834	D312Y
Q92834	G320R
Q92834	S152L
Q92834	G267R
Q92834	E285G
Q96KN7	H631P
Q96KN7	V1211E
Q68CZ1	R1236C
Q68CZ1	E393K
Q68CZ1	C633R
P08865	T54N
P08865	L58F
P08865	R180G
P08865	R180W
P08865	R186C
Q9HB90	S75Y
Q9HB90	T90N
Q9HB90	W115R
Q9HB90	P118L
P62070	Q72H
Q9NZ71	E251K
Q9NZ71	M492I
Q9NZ71	E591D
Q9NZ71	A621T
Q9NZ71	I699M
Q9NZ71	L710R
Q9NZ71	G739V
Q9NZ71	V745M
Q9NZ71	K897E
Q9NZ71	R957W
Q9NZ71	F964L
Q9NZ71	P484L
Q9NZ71	P647L
Q9NZ71	H1124P
Q9BZR6	R119W
Q9BZR6	R196H
Q9BZR6	R292H
Q9BZR6	R377Q
Q9BZR6	R377W
Q86VV8	C27Y
Q9Y2B1	R340L
Q9NZJ4	D168Y
Q9NZJ4	T201K
Q9NZJ4	L308F
Q9NZJ4	L556P
Q9NZJ4	L802P
Q9NZJ4	C991R
Q9NZJ4	M1311K
Q9NZJ4	R1575P
Q9NZJ4	H1587R
Q9NZJ4	R2703C
Q9NZJ4	P2798Q
Q9NZJ4	L3481P
Q9NZJ4	R3636Q
Q9NZJ4	L3645P
Q9NZJ4	P3652T
Q9NZJ4	F3653S
Q9NZJ4	A4074P
Q9NZJ4	R4331Q
Q9NZJ4	E4343K
Q9NZJ4	K4508T
Q9NZJ4	N4549D
Q5K651	K1495E
Q5K651	R1293W
Q5K651	R459Q
Q5K651	D769N
Q5K651	N834Y
Q5K651	E974K
Q5K651	A1195V
Q5K651	P1280L
Q5K651	Q1286K
Q5K651	K676E
Q8IVG5	V1512A
Q8IVG5	S626L
Q07699	R125L
Q07699	D153N
Q07699	R125C
O60939	R28W
O60939	R28Q
Q9NY46	R357Q
Q9NY46	E1160K
Q9NY72	A130V
Q8IWT1	V162G
Q8IWT1	I166L
Q15858	I859T
Q15858	L869H
Q15858	S241T
Q15858	R1007C
Q15858	V1309D
Q15858	V1309F
Q15858	V1310F
Q15858	F1460V
Q15858	I1472T
Q15858	F1473V
Q15858	T1475I
Q15858	M1638K
Q15858	N395K
Q15858	L869F
Q15858	R907Q
Q15858	L1623P
Q15858	A1643E
Q15858	A1643T
P37088	G327C
P37088	F61L
P37088	V114I
P51168	G37S
P51168	P616S
P51168	P618R
P51168	S82C
P51168	G294S
P51168	V348M
P31040	R554W
P31040	A524V
P31040	G555E
P31040	R589W
P31040	C189G
P31040	R451C
Q9NZV5	H293R
Q9NZV5	N340I
Q9NZV5	G463V
Q9H3S1	D345H
Q9HD40	T325S
P05546	R208H
P05546	E447K
P05546	P462L
Q9Y6X0	D868A
Q9Y6X0	G870D
Q9Y6X0	I871T
Q9Y6X0	S854A
Q9Y6X0	E858K
Q9Y6X0	S869N
Q9Y6X0	G870R
Q9Y6X0	T873R
Q9C0A6	S175G
Q7Z333	W305C
Q7Z333	P413L
Q7Z333	R2136H
Q7Z333	M274I
Q7Z333	P2368R
Q7Z333	I331K
Q7Z333	P496L
Q7Z333	K2029E
Q7Z333	M2229T
Q7Z333	I2547T
Q7Z333	M274V
Q8IWL2	V178M
Q8IWL2	Y208H
Q8IWL2	W211R
Q8IWL1	F198S
Q8IWL1	G231V
Q8IWL1	V178M
Q8IWL1	W233C
Q8IWL1	W233L
Q8IWL1	W233R
Q8IWL1	C238S
Q13326	G69D
Q13326	G69R
Q13326	L71S
P51688	A44T
P51688	Q85R
P51688	P128L
P51688	V131M
P51688	T139M
P51688	L146P
P51688	D179N
P51688	F193L
P51688	P227R
P51688	D235V
P51688	R245H
P51688	T321A
P51688	A354P
P51688	S364R
P51688	R377H
P51688	L386R
P51688	D32E
P51688	D32G
P51688	N42K
P51688	H84Y
P51688	M88T
P51688	S106R
P51688	R150W
P51688	L163P
P51688	D273N
P51688	P288S
P51688	P293T
P51688	E300V
P51688	Q307P
P51688	I322S
P51688	E355K
P51688	Y374H
P51688	V486F
P78314	G420E
Q8TF17	R529Q
Q8TF17	Y169H
Q9BYB0	A1452S
Q6PI26	D175Y
Q6PI26	E292K
P14410	Q1098P
P14410	Q117R
P14410	L341P
P14410	V577G
P14410	S594P
P14410	L620P
P14410	T694P
P14410	G1073D
P14410	C1229Y
P14410	R1367G
P14410	F1745C
Q9HAT2	C196F
Q9HAT2	G212R
Q9HAT2	R230W
Q9HAT2	C266G
Q9HAT2	Q309P
Q9HAT2	Y349C
Q9HAT2	R393H
Q9HAT2	F404S
Q9HAT2	R479C
Q8N196	A158T
Q8N196	A296T
Q8N196	G365R
Q8N196	T552M
Q12908	L243P
Q12908	T262M
Q0GE19	P303L
P49281	E399D
Q13621	V272F
Q13621	D648N
Q9H2X9	R975H
Q9H2X9	R1072C
Q9UHW9	R207C
Q9UHW9	E289K
Q9UHW9	Y679C
Q9UHW9	T991A
Q86YT5	L488P
Q86YT5	D524H
P53985	K204E
P53985	G472R
P53985	R313Q
P36021	S120F
P36021	V161M
P36021	G490R
P36021	A150T
P36021	R197H
P36021	G208C
P36021	P247L
P36021	D379V
P36021	P463L
P36021	G484D
P36021	S216F
P36021	L217R
P36021	G490E
Q9BYT1	R9C
Q16572	G186A
Q16572	D398H
O60779	D93H
Q08357	T595M
Q08357	I11L
Q08357	A51V
Q08357	L62P
Q08357	R71H
Q08357	T115M
Q08357	R382Q
Q08357	S434W
Q08357	H502Q
Q08357	P568L
Q08357	S637R
Q08357	G571S
Q96S37	V138M
Q96S37	G164S
Q96S37	M430T
Q96S37	R477H
Q96BI1	S233F
Q9H2D1	R147H
Q9H2D1	Y174C
Q9H2D1	K235R
Q96DW6	G130E
Q96DW6	R134H
Q96DW6	R187P
Q96AG3	T142I
Q96AG3	L341P
P40879	P131R
P40879	P129L
P40879	G379A
P40879	S398F
P40879	D652N
P40879	S134N
P40879	S394I
P40879	S438P
P40879	Q495P
P40879	C508R
P40879	A547E
P40879	S654P
Q96RN1	E812K
O00337	S546P
O00337	R561Q
Q9BZD2	R134C
Q9BZD2	S184R
P14672	V383I
Q06495	A48F
Q06495	V147M
Q06495	L155P
Q06495	R215W
Q06495	V408E
Q06495	W488R
Q8N130	S138F
Q8N130	R353L
P78381	G266V
P78381	R55P
P78381	V71M
P78381	L101P
P78381	P118R
P78381	Y130C
P78381	L175F
P78381	L233P
P78381	G273D
P78381	L303P
P78381	S312Y
A6NNN8	M34R
Q92504	P190A
Q92504	L217P
Q92504	E363K
Q9NP59	Y64N
Q9NP59	G80S
Q9NP59	N144T
Q9NP59	D270V
Q8NBS3	A144T
Q8NBS3	R788H
Q8NBS3	V808M
Q8NBS3	T817M
Q8NBS3	T738M
Q8NBS3	R109H
Q8NBS3	A253V
Q8NBS3	C370R
Q8NBS3	P757L
Q8NBS3	L857P
Q8NBS3	E151D
Q8NBS3	R266P
Q8NBS3	Y510C
Q8NBS3	V559M
Q8NBS3	G567D
Q8NBS3	G726R
Q8NBS3	G818S
Q8NBS3	R193W
Q8NBS3	S197L
Q8NBS3	R217C
Q8NBS3	G378R
Q8NBS3	T385K
Q8NBS3	G402D
Q8NBS3	L457R
Q8NBS3	T568K
Q8NBS3	E127K
Q8NBS3	E659A
Q8NBS3	W224S
Q8NBS3	T418I
Q8NBS3	V491I
Q9Y289	R123L
Q9Y289	R400T
Q9Y289	Y162C
Q9Y289	S429G
Q9GZV3	G65E
Q9GZV3	P105S
Q9GZV3	Y111H
Q9GZV3	R446G
Q9H1V8	G162R
Q9H1V8	P633R
Q695T7	R57C
Q695T7	D173N
Q695T7	R240Q
Q695T7	L242P
Q695T7	E501K
Q695T7	G66R
Q695T7	A69T
Q695T7	G93R
Q695T7	P265L
Q695T7	G284R
Q695T7	R328C
Q695T7	E405K
Q695T7	D517G
Q695T7	P579L
Q9Y345	T425M
Q9Y345	W482C
Q9Y345	Y491C
Q9Y345	P429L
Q8TBB6	G330R
Q8TBB6	A132V
Q8TBB6	C464F
Q92581	G218R
Q92581	L188P
Q92959	G255E
Q92959	F557S
Q92959	I85F
Q92959	G181A
Q92959	G181D
Q92959	S204L
Q92959	G255R
Q92959	C420F
Q92959	Q556H
Q92959	W565G
Q92959	G181R
P0C7P3	K219N
Q9H156	L74S
Q9H156	T312A
Q9H156	P374R
Q9H156	R426C
O43541	P415L
P51532	T859M
P51532	E1578K
Q9NZC9	R586W
Q9NZC9	K647Q
Q9NZC9	K647T
Q9NZC9	T705I
Q8IY18	H990D
Q9H4F8	R278C
Q9H4F8	T283N
Q9H4F8	R286H
O75643	C502R
O75643	P682S
O75643	I698V
O75643	R1779H
P14678	N55S
P14678	N55T
P14678	S56R
P14678	S56W
Q9Y5X0	R16L
Q9Y5X0	Y32S
Q9Y5X0	R51P
Q00796	L10F
Q00796	R110P
Q00796	H135R
Q07889	Y337C
Q07889	W729L
Q07889	I252T
Q07889	M422V
Q07889	E424K
Q07889	G434K
Q07889	P478R
Q07889	G482R
Q07889	L490R
Q07889	T549K
Q07889	P894R
Q9BQB4	C167R
Q69YQ0	Q415P
Q69YQ0	T397P
Q69YQ0	G1083S
P00995	L14P
P00995	N34S
P00995	L12F
Q7Z699	W31C
Q9C004	T77M
Q9C004	D82N
Q9C004	K154R
Q9C004	S218Y
Q9C004	V258M
P02549	I24S
P02549	V31A
P02549	R34W
P02549	R45T
P02549	K48R
P02549	L49F
P02549	G151D
P02549	L207P
P02549	H469P
P02549	Q471P
P02549	D791E
P11277	W202R
P11277	A2018G
P11277	S2019P
P11277	A2023V
P11277	W2024R
P11277	L2025R
P11277	A2053P
O15020	R480W
Q13501	P387L
Q13501	P392L
Q13501	S399P
Q13501	M404V
Q13501	G411S
Q13501	G425R
Q13501	A16V
Q13501	A33V
Q13501	D80E
Q13501	V90M
Q13501	R107W
Q13501	D129N
Q13501	V153I
Q13501	R212C
Q13501	G219V
Q13501	S226P
Q13501	P228L
Q13501	P232T
Q13501	D258N
Q13501	S318P
Q13501	D329G
Q13501	P348L
Q13501	S370P
Q13501	A381V
Q13501	T430P
P31213	R246W
P31213	L55Q
P31213	G115D
P31213	G183S
P31213	G196S
P31213	E197D
P31213	P212R
P31213	A228T
P31213	H231R
P31213	G85D
P31213	E200K
P31213	S245Y
P31213	R246Q
P31213	R145W
P31213	P181L
P31213	Y235F
P31213	G123R
P31213	Q126R
P31213	G158R
P31213	A207D
P31213	R227Q
Q8WVM7	Q214R
Q8WVM7	R216G
Q8WVM7	H220R
Q8WVM7	K333Q
Q8WVM7	L351W
Q8WVM7	R373Q
Q8WVM7	H478P
Q8WVM7	K979R
P49675	R182L
P49675	E169G
P49675	E169K
P49675	R217T
P49675	A218V
P49675	M225T
P49675	L275P
P42226	D419N
P42226	E372K
P42226	E382Q
P42226	D419A
P42226	D419G
P42226	D419H
P42226	D419Y
P42226	D519H
P42226	K595R
P42226	P643R
Q86WV6	V147L
Q6ZVD7	R18P
Q6ZVD7	N825I
Q9BX79	R655C
Q9BX79	G304K
Q15833	L209P
Q15833	R292H
Q15833	R405W
Q9UMX1	I406T
Q8TC36	G114R
Q8TC36	T275M
Q8TC36	N348I
P51687	A265D
P51687	S427Y
P51687	I258L
P51687	R268Q
P51687	G362S
P51687	K379R
P51687	Q396R
P51687	W450R
Q15022	Q599H
Q96PV0	W362R
Q96PV0	P562L
O43426	Y849C
O43426	Y1018S
P21675	P596S
P21675	C807R
P21675	D976H
P21675	R1246W
P21675	I1337T
Q6ICL3	L20P
Q6ICL3	L20R
Q8TEA7	L551P
Q9UHD2	R47H
Q9UHD2	Y105C
Q9UHD2	I305T
Q9UHD2	R308Q
Q9UHD2	R357Q
Q9UHD2	K401E
Q9UHD2	M559R
Q9UHD2	A571V
Q9UHD2	M598V
Q9UHD2	D50A
Q9UHD2	G159A
Q16650	K228E
Q16650	N374H
Q9Y458	M121V
Q9Y458	P183L
O15273	R70W
O15273	T137I
O15273	R153H
Q99081	L600P
Q99081	Q614E
Q9Y4R8	P260L
Q9Y4R8	C367F
Q9Y4R8	D720V
Q9Y4R8	V766M
O14746	H412Y
O14746	A202T
O14746	V694M
O14746	V1090M
O14746	L55Q
O14746	G682D
O14746	P721R
O14746	T726M
O14746	R811C
O14746	R901W
O14746	R979W
O14746	F1127L
O14746	P785L
O14746	V170M
O14746	L841F
O14746	K902R
O14746	P923L
O14746	V1025F
O43151	T851M
O43151	V1089M
P19532	Q119P
P19532	E184G
P19532	T187K
P19532	T187P
P19532	T187R
P19532	H190Q
P19532	L191P
P19532	Q201P
Q92734	P285L
Q92734	R106C
Q92734	R106H
Q9UP52	M172K
Q9UP52	V22I
Q9UP52	Q690P
P01266	S734A
P01266	C1264R
P01266	C1996S
P01266	R1999W
P01266	C183Y
P01266	C1897Y
P01266	A2234D
P01266	R2336Q
P01266	G2375R
Q15582	P501T
Q15582	L527R
Q15582	L518P
Q15582	A546T
Q15582	H626R
Q15582	L518R
Q15582	T538R
Q15582	N622K
Q15582	H626P
Q15582	V505D
Q15582	A546D
Q15582	L569R
Q15582	H572R
P07204	A43T
P07204	P495S
P07204	P501L
P07204	D53G
P07204	V81L
P07204	D34E
P07204	A236G
Q8NI27	L313F
Q8NI27	L438P
Q8NI27	I800T
Q8NI27	S1012P
P40225	R99W
P40225	R119C
Q9NS62	L5F
Q9NS62	P639L
Q86UE8	S617L
O75204	W53S
O75204	G73R
O75204	R94W
Q8TC26	L76P
Q8TC26	L76R
Q8TC26	R138C
Q8N511	A7G
Q9H6L2	D209N
Q9NX78	C98Y
Q9NX78	C453R
P57727	W251C
P57727	P404L
P57727	D103G
P57727	R109W
P57727	C194F
P57727	C407R
P57727	A426T
P57727	R216L
Q8IU80	G442R
Q8IU80	D521N
Q8IU80	R774C
Q8IU80	Y141C
Q8IU80	I212T
Q8IU80	R271Q
Q8IU80	S304L
Q8IU80	C510S
Q8IU80	E114K
Q8IU80	A118D
Q8IU80	L235P
Q8IU80	Y418C
Q8IU80	E522K
Q8IU80	G603R
Q8IU80	P765A
Q8IU80	W247C
Q8IU80	T287N
Q8IU80	C335F
Q8IU80	C510R
Q8IU80	D521G
Q8IU80	W590R
Q8IU80	R597W
Q8IU80	A605G
Q8IU80	L606R
Q8IU80	S623T
Q6ZXV5	G384E
Q9Y6Q6	R129C
O14836	C104R
O14836	A181G
O14836	R202H
Q96GM8	R253W
Q96HA7	S174N
Q96HA7	E199K
Q96HA7	E539K
Q96HA7	R558Q
Q96HA7	T653M
Q96HA7	R934W
Q96HA7	G973R
Q02880	S488L
Q02880	A490P
Q02880	G638S
Q13472	A176V
Q9H3S4	L40P
Q9H3S4	N50H
Q9H3S4	N219S
Q13049	D487N
Q13049	P130S
Q13049	R394H
Q9NQ86	D518N
O94972	C109S
O75962	N1080I
O75962	R1428Q
O75962	P1461T
O75962	T1075I
O75962	R1078G
O75962	R1078Q
O75962	R1078W
O75962	E1299K
O75962	P1461L
O75962	H1469R
Q14669	A761V
Q14669	D1557H
Q14669	S1840L
Q96Q11	M158V
Q96Q11	I326T
Q96Q11	R99W
Q96Q11	T110I
Q96Q11	D128G
Q96Q11	I155T
Q96Q11	D163V
Q96Q11	Y173F
Q96Q11	H215R
Q9Y210	N143S
Q9Y210	S270T
Q9Y210	H218L
Q9Y210	R895L
Q9Y210	G109S
Q9Y210	G757D
Q7Z4N2	Y56C
Q7Z4N2	Y72C
Q7Z4N2	R74C
Q7Z4N2	L99P
Q7Z4N2	L364R
Q7Z4N2	R473P
Q7Z4N2	G534R
Q7Z4N2	M541K
Q7Z4N2	P611H
Q7Z4N2	R721Q
Q7Z4N2	E883G
Q7Z4N2	I1002F
Q9HCF6	I65M
Q9HCF6	V1015M
Q9HCF6	P1115Q
Q9UHF7	V894D
Q9UHF7	T901P
Q9UHF7	R908P
Q9UHF7	R908Q
Q9UHF7	R952C
Q9HBA0	R616Q
Q9HBA0	V620I
Q9HBA0	R594H
Q9HBA0	A716S
Q9HBA0	P799L
Q9HBA0	K197R
Q9HBA0	L199F
Q9HBA0	T295A
Q9HBA0	I331T
Q9HBA0	V342F
Q9HBA0	F592L
Q9HBA0	L596P
Q9HBA0	G600W
Q9HBA0	I604M
Q9HBA0	F617L
Q9HBA0	L618P
Q9HBA0	M625I
Q9HBA0	L709M
Q9HBA0	R775K
Q9HBA0	C777Y
Q9HBA0	E797K
Q9HBA0	P799A
Q9HBA0	P799R
Q9HBA0	P799S
Q9HBA0	S542Y
Q9Y4A5	I1031M
Q9Y4A5	A1043T
Q9Y4A5	R1859C
Q9Y4A5	G1883R
P49815	L292P
P49815	Y407D
P49815	M449I
P49815	R611Q
P49815	R611W
P49815	L826M
P49815	R905Q
P49815	R905W
P49815	D1084E
P49815	R1200W
P49815	P1227L
P49815	R1240W
P49815	D1295V
P49815	Y1549C
P49815	N1643I
P49815	Y1650C
P49815	D1690Y
P49815	A1712E
P49815	L1750F
P49815	C227Y
P49815	N331K
P49815	N486I
P49815	P816L
P49815	V1144M
P49815	P1315S
P49815	P1709L
P49815	R1743Q
P49815	H1773P
P49815	E1783Q
P49815	K258N
P49815	R261P
P49815	G294E
P49815	L361P
P49815	N525S
P49815	K599M
P49815	A614D
P49815	C696Y
P49815	L717R
P49815	M895V
P49815	P1497R
P49815	S1498N
P49815	H1620Y
P49815	N1643K
P49815	N1651S
P49815	P1675L
P49815	N1681K
P49815	S1704T
P49815	R1743P
P49815	L1744P
P49815	S1653F
P49815	L1027P
P49815	V1547I
Q8NCE0	Y309C
Q7Z6J9	S93P
Q7Z6J9	Y119D
P01222	T73P
O95859	L101H
O95859	G188R
O95859	M210R
O95859	T49M
O95859	L223P
Q7Z4L5	W150R
Q7Z4L5	P209L
Q7Z4L5	T231S
Q7Z4L5	S591N
Q7Z4L5	D755Y
Q7Z4L5	R867C
Q7Z4L5	Y1167C
Q7Z4L5	M1186V
Q7Z4L5	M1011T
Q9ULT0	E71K
Q9ULT0	L346P
Q9ULT0	L399P
Q9ULT0	S539L
Q9ULT0	A551D
Q9ULT0	K606R
Q9ULT0	S672P
Q9ULT0	A832T
O43156	V123E
O43156	S838L
O43156	D887E
P17643	R356Q
P17643	A24T
Q9Y5Z9	D118G
Q9Y5Z9	L121F
Q9Y5Z9	A97T
Q9Y5Z9	G98S
Q9Y5Z9	D112N
Q9Y5Z9	V122E
Q9Y5Z9	V122G
Q9Y5Z9	L188H
Q9Y5Z9	D240N
Q9UHD9	P509S
Q9UHD9	P525S
Q9UHD9	A283T
Q9UHD9	T487I
Q8N2C7	P1700S
P31930	Y314S
Q93008	L1693W
Q08AM6	W424L
Q9ULK5	S84F
Q9ULK5	R353C
Q9ULK5	F437S
Q5ST30	A596D
P18206	L277M
P18206	R975W
Q96RL7	S1452P
Q96RL7	Y2721C
Q96RL7	A1095P
Q96RL7	W2460R
Q96RL7	L67P
Q7Z7G8	Y2341C
Q7Z7G8	G2645D
Q7Z7G8	N2993S
Q7Z7G8	S2773L
Q7Z7G8	I2820T
Q5THJ4	T865A
Q5THJ4	G1200D
Q5THJ4	L2900S
Q5THJ4	R3253Q
Q5THJ4	R4228Q
Q5THJ4	A4210V
Q9H267	S243F
Q9H267	G131E
P49754	S285P
P49754	C791F
A3KMH1	G1024R
Q9UGM6	W13G
Q9UGM6	K313M
Q9UGM6	V349L
Q9UGM6	S228W
Q9UGM6	V278G
Q2M389	P1019R
Q12768	I226T
Q12768	V620A
Q9BZH6	R395W
Q9BZH6	A435T
Q9BZH6	R448Q
Q9BZH6	F1150L
Q9BZH6	P537L
Q8NEZ3	A30P
Q8NEZ3	G109E
Q8NEZ3	R272C
Q8NEZ3	D493H
Q8NEZ3	R1178Q
Q9Y2I8	T115I
Q9Y2I8	S119Y
Q9Y2I8	D220G
Q9Y2I8	D260N
P57081	R170L
P57081	R170Q
O43379	E526K
O76024	P724L
O76024	P292S
O76024	I296S
O76024	G437R
O76024	C690R
O76024	W700C
O76024	G736S
O76024	A58V
O76024	S443I
O76024	G780R
O76024	R818C
O76024	A133T
O76024	Y669C
O76024	Y110N
O76024	R457S
O76024	R629W
O76024	T699M
O76024	V779M
O76024	G831D
O76024	R558C
O76024	G780S
O76024	D797Y
O76024	R859Q
O76024	D171N
O76024	Y669H
O76024	H696Y
O76024	R703H
Q5T9L3	Y392C
Q5T9L3	Y478C
Q5T9L3	I531T
Q5T9L3	R536C
Q9GZT5	F228I
Q9GZT5	W277C
Q9GZT5	A131V
Q9GZT5	G266C
Q9NZC7	G372R
P23025	P94L
P23025	C108F
P23025	R130K
P23025	Q185H
P23025	H244R
Q86Y38	A115S
Q86Y38	R481W
Q86Y38	R598C
P43403	R465H
P43403	L337R
P43403	R465C
P43403	A507V
P43403	C564R
P43403	R192W
P37275	N78T
P37275	P649A
P37275	Q810P
P37275	Q840P
P37275	A905T
P37275	Q640H
P37275	N696S
P37275	A905G
Q9NU63	R166H
Q9NU63	H193N
Q9NU63	H374D
Q14202	R688H
Q14202	R1274W
Q14202	R1294C
O75800	L39P
O75800	Y379C
P52746	C1233F
P52746	R1500T
Q8N1G0	P937R
